"Species","YEAR","EPU","MeanCond","nCond","n"
"ACADIAN REDFISH",1992,"GB",1.06394074761141,11,28
"ACADIAN REDFISH",1992,"GOM",0.981126567230715,248,33
"ACADIAN REDFISH",1992,"SS",1.03002207581346,95,32
"ACADIAN REDFISH",1993,"GB",1.01735619677012,20,28
"ACADIAN REDFISH",1993,"GOM",1.01787974721537,356,33
"ACADIAN REDFISH",1993,"SS",1.02466393478237,73,32
"ACADIAN REDFISH",1994,"GB",0.997996657319417,14,28
"ACADIAN REDFISH",1994,"GOM",0.965668085751966,320,33
"ACADIAN REDFISH",1994,"SS",1.0341077153831,107,32
"ACADIAN REDFISH",1995,"GB",1.05679607000188,15,28
"ACADIAN REDFISH",1995,"GOM",0.957892096889758,320,33
"ACADIAN REDFISH",1995,"SS",0.990403523626491,103,32
"ACADIAN REDFISH",1996,"GB",1.09158693355905,3,28
"ACADIAN REDFISH",1996,"GOM",0.998473751759324,438,33
"ACADIAN REDFISH",1996,"SS",1.07101579790825,59,32
"ACADIAN REDFISH",1997,"GB",0.97608557031539,29,28
"ACADIAN REDFISH",1997,"GOM",1.00533825480802,468,33
"ACADIAN REDFISH",1997,"SS",1.02979338566786,56,32
"ACADIAN REDFISH",1998,"GOM",1.06453191183822,492,33
"ACADIAN REDFISH",1998,"SS",1.0871922719912,98,32
"ACADIAN REDFISH",1999,"GB",0.965545796623636,22,28
"ACADIAN REDFISH",1999,"GOM",0.999372703111444,555,33
"ACADIAN REDFISH",1999,"SS",1.0241168867559,27,32
"ACADIAN REDFISH",2000,"GOM",0.988397073773138,388,33
"ACADIAN REDFISH",2000,"SS",0.976011358289671,92,32
"ACADIAN REDFISH",2001,"GOM",0.935064494439463,468,33
"ACADIAN REDFISH",2001,"SS",0.975760172193868,93,32
"ACADIAN REDFISH",2002,"GB",0.936640338690365,4,28
"ACADIAN REDFISH",2002,"GOM",0.938493690699927,482,33
"ACADIAN REDFISH",2002,"SS",1.02484373700655,52,32
"ACADIAN REDFISH",2003,"GB",1.07001072416119,9,28
"ACADIAN REDFISH",2003,"GOM",0.94094423437809,494,33
"ACADIAN REDFISH",2003,"SS",0.987590234451395,81,32
"ACADIAN REDFISH",2004,"GB",0.98303862102759,20,28
"ACADIAN REDFISH",2004,"GOM",0.959712894694801,694,33
"ACADIAN REDFISH",2004,"SS",0.997212483855785,101,32
"ACADIAN REDFISH",2004,NA,0.967029178870307,8,1
"ACADIAN REDFISH",2005,"GB",1.08927328869565,6,28
"ACADIAN REDFISH",2005,"GOM",0.929539263205373,668,33
"ACADIAN REDFISH",2005,"SS",0.98879645078485,77,32
"ACADIAN REDFISH",2006,"GOM",0.953991845355613,761,33
"ACADIAN REDFISH",2006,"SS",0.967784922166025,93,32
"ACADIAN REDFISH",2007,"GB",1.00281842236871,4,28
"ACADIAN REDFISH",2007,"GOM",0.969219764809142,618,33
"ACADIAN REDFISH",2007,"SS",1.00514278623226,77,32
"ACADIAN REDFISH",2008,"GB",1.1133723608231,9,28
"ACADIAN REDFISH",2008,"GOM",0.921271553413428,825,33
"ACADIAN REDFISH",2008,"SS",0.964752976976619,102,32
"ACADIAN REDFISH",2009,"GOM",0.9588297305802,798,33
"ACADIAN REDFISH",2009,"SS",1.04018620243427,90,32
"ACADIAN REDFISH",2010,"GB",0.961215251781737,19,28
"ACADIAN REDFISH",2010,"GOM",0.955364214064724,720,33
"ACADIAN REDFISH",2010,"SS",0.970605498600659,93,32
"ACADIAN REDFISH",2011,"GB",1.07442699032654,19,28
"ACADIAN REDFISH",2011,"GOM",0.962385587881756,766,33
"ACADIAN REDFISH",2011,"SS",1.04296547916496,33,32
"ACADIAN REDFISH",2012,"GB",0.953143952248309,6,28
"ACADIAN REDFISH",2012,"GOM",0.965877898720556,966,33
"ACADIAN REDFISH",2012,"SS",0.989432256695218,160,32
"ACADIAN REDFISH",2013,"GB",0.943094679356043,57,28
"ACADIAN REDFISH",2013,"GOM",0.964553168686646,717,33
"ACADIAN REDFISH",2013,"SS",1.01912732029702,106,32
"ACADIAN REDFISH",2014,"GB",0.992099467368852,7,28
"ACADIAN REDFISH",2014,"GOM",0.968936591054508,811,33
"ACADIAN REDFISH",2014,"SS",0.960556039606477,57,32
"ACADIAN REDFISH",2015,"GB",1.11106174974142,20,28
"ACADIAN REDFISH",2015,"GOM",0.974815836057852,806,33
"ACADIAN REDFISH",2015,"SS",1.05755546378103,153,32
"ACADIAN REDFISH",2016,"GB",1.02423430081649,46,28
"ACADIAN REDFISH",2016,"GOM",0.957850108035442,779,33
"ACADIAN REDFISH",2016,"SS",1.00348811141122,105,32
"ACADIAN REDFISH",2017,"GB",0.955504938347069,8,28
"ACADIAN REDFISH",2017,"GOM",0.946339785398271,258,33
"ACADIAN REDFISH",2017,"SS",1.00413545131076,38,32
"ACADIAN REDFISH",2018,"GB",0.97101375523599,43,28
"ACADIAN REDFISH",2018,"GOM",0.961953830820261,485,33
"ACADIAN REDFISH",2019,"GB",0.953099853548091,21,28
"ACADIAN REDFISH",2019,"GOM",0.963207205218232,594,33
"ACADIAN REDFISH",2019,"SS",0.962700643981515,60,32
"ACADIAN REDFISH",2021,"GB",1.08555734579881,9,28
"ACADIAN REDFISH",2021,"GOM",0.991971292095106,652,33
"ACADIAN REDFISH",2021,"SS",1.0517251270075,162,32
"ACADIAN REDFISH",2022,"GB",1.02657819943715,13,28
"ACADIAN REDFISH",2022,"GOM",0.961767983614747,412,33
"ACADIAN REDFISH",2022,"SS",1.02787627376086,81,32
"ACADIAN REDFISH",2023,"GB",0.946597944882902,22,28
"ACADIAN REDFISH",2023,"GOM",0.961676538404656,395,33
"ACADIAN REDFISH",2023,"SS",0.977566505778004,53,32
"ACADIAN REDFISH",2024,"GB",1.00834628957224,34,28
"ACADIAN REDFISH",2024,"GOM",0.942918763221657,1013,33
"ACADIAN REDFISH",2024,"SS",0.951767277864029,154,32
"ACADIAN REDFISH",2025,"GB",0.944813656229484,21,28
"ACADIAN REDFISH",2025,"GOM",0.93364372331149,442,33
"ACADIAN REDFISH",2025,"SS",0.999590628101271,20,32
"ALEWIFE",1999,"GOM",1.00272963981994,4,4
"ALEWIFE",1999,"SS",1.09975560677408,4,2
"ALEWIFE",2000,"GOM",1.0962815233894,5,4
"ALEWIFE",2002,"GOM",1.06981584923545,4,4
"ALEWIFE",2008,"GOM",1.14326503807289,17,4
"ALEWIFE",2008,"SS",0.865182140262363,4,2
"AMERICAN PLAICE",1992,"GB",1.110064692222,19,29
"AMERICAN PLAICE",1992,"GOM",1.03962256361553,374,33
"AMERICAN PLAICE",1992,"SS",1.04576202430278,32,31
"AMERICAN PLAICE",1993,"GB",1.18663183604631,23,29
"AMERICAN PLAICE",1993,"GOM",1.08626179490716,506,33
"AMERICAN PLAICE",1993,"SS",1.07134969645111,58,31
"AMERICAN PLAICE",1994,"GB",1.23471695399014,28,29
"AMERICAN PLAICE",1994,"GOM",1.04402747080178,471,33
"AMERICAN PLAICE",1994,"SS",1.0697203971579,43,31
"AMERICAN PLAICE",1995,"GB",1.12505363437912,18,29
"AMERICAN PLAICE",1995,"GOM",1.0101174204707,448,33
"AMERICAN PLAICE",1995,"SS",0.991201870340807,38,31
"AMERICAN PLAICE",1996,"GB",1.10967424015361,16,29
"AMERICAN PLAICE",1996,"GOM",1.02555768826284,421,33
"AMERICAN PLAICE",1996,"SS",1.07562005897976,25,31
"AMERICAN PLAICE",1997,"GB",1.08160545975405,57,29
"AMERICAN PLAICE",1997,"GOM",1.0614845868517,387,33
"AMERICAN PLAICE",1997,"SS",1.05963310524067,28,31
"AMERICAN PLAICE",1998,"GB",1.08908234908775,80,29
"AMERICAN PLAICE",1998,"GOM",1.05475440486399,514,33
"AMERICAN PLAICE",1998,"SS",1.01571612616308,19,31
"AMERICAN PLAICE",1999,"GB",1.07920237860365,41,29
"AMERICAN PLAICE",1999,"GOM",1.03534209939292,691,33
"AMERICAN PLAICE",1999,"SS",1.07948136759466,57,31
"AMERICAN PLAICE",2000,"GB",1.03567493474673,40,29
"AMERICAN PLAICE",2000,"GOM",1.0144512444944,468,33
"AMERICAN PLAICE",2000,"SS",0.99029903154013,9,31
"AMERICAN PLAICE",2001,"GB",1.03977397534188,9,29
"AMERICAN PLAICE",2001,"GOM",0.996296080982409,427,33
"AMERICAN PLAICE",2001,"SS",0.961704891927597,10,31
"AMERICAN PLAICE",2002,"GB",1.00054223730009,16,29
"AMERICAN PLAICE",2002,"GOM",0.975871337877269,469,33
"AMERICAN PLAICE",2002,"SS",0.978094665931999,21,31
"AMERICAN PLAICE",2003,"GB",1.0079753860137,59,29
"AMERICAN PLAICE",2003,"GOM",0.958756585363332,362,33
"AMERICAN PLAICE",2003,"SS",0.982613299861105,11,31
"AMERICAN PLAICE",2004,"GB",0.968320489475779,26,29
"AMERICAN PLAICE",2004,"GOM",0.94189483058737,304,33
"AMERICAN PLAICE",2004,"SS",1.05200731045219,23,31
"AMERICAN PLAICE",2005,"GB",1.03167726358166,18,29
"AMERICAN PLAICE",2005,"GOM",0.954158351863338,438,33
"AMERICAN PLAICE",2005,"SS",0.955723666399184,29,31
"AMERICAN PLAICE",2006,"GB",1.04568331494399,48,29
"AMERICAN PLAICE",2006,"GOM",0.933931694173051,627,33
"AMERICAN PLAICE",2006,"SS",0.997395002319814,30,31
"AMERICAN PLAICE",2007,"GB",1.05555122779826,51,29
"AMERICAN PLAICE",2007,"GOM",0.940253618061689,529,33
"AMERICAN PLAICE",2007,"SS",1.05785700207375,17,31
"AMERICAN PLAICE",2008,"GB",1.11580148243939,45,29
"AMERICAN PLAICE",2008,"GOM",0.932432632185989,573,33
"AMERICAN PLAICE",2008,"SS",1.02026565062454,34,31
"AMERICAN PLAICE",2009,"GB",1.01357044413763,58,29
"AMERICAN PLAICE",2009,"GOM",0.96974251448316,674,33
"AMERICAN PLAICE",2009,"SS",1.04207481779497,37,31
"AMERICAN PLAICE",2010,"GB",1.00600737232492,79,29
"AMERICAN PLAICE",2010,"GOM",0.98457592488722,561,33
"AMERICAN PLAICE",2010,"SS",1.0177290387341,44,31
"AMERICAN PLAICE",2011,"GB",1.02698285904716,12,29
"AMERICAN PLAICE",2011,"GOM",0.99040704836779,679,33
"AMERICAN PLAICE",2011,"SS",0.970573669649897,38,31
"AMERICAN PLAICE",2012,"GB",0.991136094744447,14,29
"AMERICAN PLAICE",2012,"GOM",1.04681976669257,670,33
"AMERICAN PLAICE",2012,"SS",1.00550512172459,93,31
"AMERICAN PLAICE",2013,"GB",1.02981370221602,6,29
"AMERICAN PLAICE",2013,"GOM",1.06215087103139,583,33
"AMERICAN PLAICE",2013,"SS",1.0834262307913,7,31
"AMERICAN PLAICE",2014,"GB",1.11443400479267,13,29
"AMERICAN PLAICE",2014,"GOM",1.05410015377177,801,33
"AMERICAN PLAICE",2014,"SS",1.03744546943306,51,31
"AMERICAN PLAICE",2015,"GB",1.0955037900084,65,29
"AMERICAN PLAICE",2015,"GOM",1.06020120403598,1048,33
"AMERICAN PLAICE",2015,"SS",1.00961806954017,33,31
"AMERICAN PLAICE",2016,"GB",1.0441947528243,19,29
"AMERICAN PLAICE",2016,"GOM",1.0698685519601,897,33
"AMERICAN PLAICE",2016,"SS",0.979601854269319,15,31
"AMERICAN PLAICE",2017,"GOM",1.02688024707209,315,33
"AMERICAN PLAICE",2017,"SS",0.99465736248366,7,31
"AMERICAN PLAICE",2018,"GB",1.29126649902302,3,29
"AMERICAN PLAICE",2018,"GOM",1.04982729337127,437,33
"AMERICAN PLAICE",2019,"GB",1.06528956488805,5,29
"AMERICAN PLAICE",2019,"GOM",0.985543235279197,614,33
"AMERICAN PLAICE",2019,"SS",1.02194773801233,8,31
"AMERICAN PLAICE",2021,"GB",1.10153020281003,22,29
"AMERICAN PLAICE",2021,"GOM",1.06216920030308,525,33
"AMERICAN PLAICE",2021,"SS",1.06597124887561,16,31
"AMERICAN PLAICE",2022,"GOM",1.09548529723635,343,33
"AMERICAN PLAICE",2023,"GOM",1.05495250930195,431,33
"AMERICAN PLAICE",2023,"SS",1.00068163731521,40,31
"AMERICAN PLAICE",2024,"GB",1.05325764963423,3,29
"AMERICAN PLAICE",2024,"GOM",1.03188203885503,476,33
"AMERICAN PLAICE",2024,"SS",1.09177609201302,7,31
"AMERICAN PLAICE",2025,"GOM",1.05995885281941,171,33
"AMERICAN PLAICE",2025,"SS",1.00949642919974,3,31
"AMERICAN SHAD",1995,"SS",1.20240676935417,10,15
"AMERICAN SHAD",1998,"GOM",0.990002102494402,26,25
"AMERICAN SHAD",1999,"MAB",1.0394559292119,3,15
"AMERICAN SHAD",1999,"SS",1.27594824127879,3,15
"AMERICAN SHAD",2000,"GB",1.0493018339264,6,8
"AMERICAN SHAD",2000,"GOM",1.03458249335079,5,25
"AMERICAN SHAD",2000,"MAB",1.10361884187615,7,15
"AMERICAN SHAD",2001,"GOM",1.22071347785513,3,25
"AMERICAN SHAD",2001,"MAB",1.06464067027541,4,15
"AMERICAN SHAD",2001,"SS",1.11178273612381,3,15
"AMERICAN SHAD",2002,"GOM",1.09922990828698,20,25
"AMERICAN SHAD",2002,"SS",1.11898639939233,9,15
"AMERICAN SHAD",2003,"GOM",0.937600775940814,3,25
"AMERICAN SHAD",2003,"MAB",1.13945595195135,5,15
"AMERICAN SHAD",2004,"GOM",1.1246856370564,13,25
"AMERICAN SHAD",2004,"SS",1.092633515015,3,15
"AMERICAN SHAD",2005,"GOM",1.06469439796539,15,25
"AMERICAN SHAD",2005,"SS",0.994433545013598,5,15
"AMERICAN SHAD",2006,"GB",0.954193550661244,3,8
"AMERICAN SHAD",2006,"GOM",1.06932967991004,13,25
"AMERICAN SHAD",2006,"MAB",0.921822048040324,3,15
"AMERICAN SHAD",2007,"GOM",1.11472104989209,9,25
"AMERICAN SHAD",2008,"GOM",1.06454145756314,15,25
"AMERICAN SHAD",2008,"SS",1.12984677311948,3,15
"AMERICAN SHAD",2009,"GOM",1.13136014360136,7,25
"AMERICAN SHAD",2010,"GOM",1.12788379711567,16,25
"AMERICAN SHAD",2010,"MAB",1.03209111261119,15,15
"AMERICAN SHAD",2011,"GOM",1.14906205041964,18,25
"AMERICAN SHAD",2011,"MAB",1.07830386492364,7,15
"AMERICAN SHAD",2012,"GB",0.885439343632178,5,8
"AMERICAN SHAD",2012,"GOM",0.990808741489592,32,25
"AMERICAN SHAD",2012,"MAB",0.931321327865415,9,15
"AMERICAN SHAD",2012,"SS",0.999938265751813,8,15
"AMERICAN SHAD",2013,"GB",1.09599136596122,9,8
"AMERICAN SHAD",2013,"GOM",1.01277651000944,42,25
"AMERICAN SHAD",2013,"SS",0.977365820731116,9,15
"AMERICAN SHAD",2014,"GOM",0.976229288864375,50,25
"AMERICAN SHAD",2014,"SS",0.968782800862515,3,15
"AMERICAN SHAD",2015,"GOM",0.998920823554614,56,25
"AMERICAN SHAD",2015,"MAB",0.950154922085663,3,15
"AMERICAN SHAD",2015,"SS",0.906225110994642,5,15
"AMERICAN SHAD",2016,"GOM",1.06254229019475,30,25
"AMERICAN SHAD",2016,"MAB",1.05402538830687,6,15
"AMERICAN SHAD",2016,"SS",0.958386891368039,7,15
"AMERICAN SHAD",2018,"GOM",0.992381862493348,15,25
"AMERICAN SHAD",2018,"MAB",1.07913609795503,7,15
"AMERICAN SHAD",2019,"GB",1.08223609673274,5,8
"AMERICAN SHAD",2019,"GOM",1.01653552598426,25,25
"AMERICAN SHAD",2019,"MAB",1.03561455019281,14,15
"AMERICAN SHAD",2021,"GOM",0.979229127836609,21,25
"AMERICAN SHAD",2021,"SS",0.929483078759053,8,15
"AMERICAN SHAD",2022,"GOM",1.01437224141976,18,25
"AMERICAN SHAD",2022,"MAB",1.00689153038675,4,15
"AMERICAN SHAD",2022,"SS",0.851105241300876,5,15
"AMERICAN SHAD",2023,"GB",0.974361195053426,5,8
"AMERICAN SHAD",2023,"GOM",1.02580387406783,12,25
"AMERICAN SHAD",2023,"MAB",1.21990445857955,10,15
"AMERICAN SHAD",2024,"GB",1.1822791302678,3,8
"AMERICAN SHAD",2024,"GOM",1.03044406483662,19,25
"AMERICAN SHAD",2024,"MAB",1.03646440343233,14,15
"AMERICAN SHAD",2024,"SS",1.02300613480309,3,15
"AMERICAN SHAD",2025,"GB",1.06756378735063,3,8
"AMERICAN SHAD",2025,"GOM",1.00121603599071,28,25
"ATLANTIC ANGEL SHARK",1997,"MAB",1.10037884291604,5,20
"ATLANTIC ANGEL SHARK",1998,"MAB",1.18022557051773,12,20
"ATLANTIC ANGEL SHARK",2001,"MAB",0.984623451064872,8,20
"ATLANTIC ANGEL SHARK",2004,"MAB",0.983912743596559,6,20
"ATLANTIC ANGEL SHARK",2008,"MAB",1.04011036582249,11,20
"ATLANTIC ANGEL SHARK",2009,"MAB",1.06413723929076,14,20
"ATLANTIC ANGEL SHARK",2010,"MAB",1.05034282720477,13,20
"ATLANTIC ANGEL SHARK",2011,"MAB",1.0612900470141,12,20
"ATLANTIC ANGEL SHARK",2012,"MAB",1.0459191724459,39,20
"ATLANTIC ANGEL SHARK",2013,"MAB",1.08204166428616,17,20
"ATLANTIC ANGEL SHARK",2013,NA,1.01099425451526,6,2
"ATLANTIC ANGEL SHARK",2014,"MAB",1.05382476142976,27,20
"ATLANTIC ANGEL SHARK",2015,"MAB",1.00302798248171,25,20
"ATLANTIC ANGEL SHARK",2016,"MAB",1.05493192154328,12,20
"ATLANTIC ANGEL SHARK",2018,"MAB",1.04763558534909,16,20
"ATLANTIC ANGEL SHARK",2019,"MAB",1.0905779935057,18,20
"ATLANTIC ANGEL SHARK",2021,"MAB",1.00725614595141,20,20
"ATLANTIC ANGEL SHARK",2022,"MAB",1.04062964590184,16,20
"ATLANTIC ANGEL SHARK",2023,"MAB",1.07108471293462,13,20
"ATLANTIC ANGEL SHARK",2024,"MAB",1.0716086095728,24,20
"ATLANTIC ANGEL SHARK",2024,NA,1.00026177820107,3,2
"ATLANTIC ANGEL SHARK",2025,"MAB",1.04327341327986,20,20
"ATLANTIC BATFISH",2002,"MAB",0.982721348792584,4,1
"ATLANTIC COD",1992,"GB",1.03941159977293,134,33
"ATLANTIC COD",1992,"GOM",1.0333555352182,162,33
"ATLANTIC COD",1992,"SS",1.01896168354029,21,28
"ATLANTIC COD",1993,"GB",1.02221060115763,98,33
"ATLANTIC COD",1993,"GOM",1.03611326495545,116,33
"ATLANTIC COD",1993,"SS",1.0205325817523,41,28
"ATLANTIC COD",1994,"GB",1.05059289394741,105,33
"ATLANTIC COD",1994,"GOM",1.03034388331018,135,33
"ATLANTIC COD",1994,"MAB",0.995792896909569,32,5
"ATLANTIC COD",1994,"SS",1.01216647445144,79,28
"ATLANTIC COD",1995,"GB",1.01125603613733,108,33
"ATLANTIC COD",1995,"GOM",1.04103648731037,141,33
"ATLANTIC COD",1995,"SS",0.991940197195633,30,28
"ATLANTIC COD",1996,"GB",1.03624475661002,72,33
"ATLANTIC COD",1996,"GOM",1.06040328271349,169,33
"ATLANTIC COD",1996,"SS",0.979327670816998,20,28
"ATLANTIC COD",1997,"GB",1.04028217911918,103,33
"ATLANTIC COD",1997,"GOM",1.06045237405408,134,33
"ATLANTIC COD",1997,"SS",1.01161230112265,30,28
"ATLANTIC COD",1998,"GB",1.03405747771522,164,33
"ATLANTIC COD",1998,"GOM",1.03892287951184,130,33
"ATLANTIC COD",1998,"SS",0.999044718440861,28,28
"ATLANTIC COD",1999,"GB",1.07247375035366,69,33
"ATLANTIC COD",1999,"GOM",1.06942401092134,312,33
"ATLANTIC COD",1999,"SS",1.03387459048346,37,28
"ATLANTIC COD",2000,"GB",1.03566135972019,65,33
"ATLANTIC COD",2000,"GOM",1.03707155242002,203,33
"ATLANTIC COD",2000,"SS",1.03233642156671,32,28
"ATLANTIC COD",2001,"GB",1.04682374399518,103,33
"ATLANTIC COD",2001,"GOM",1.06792321806556,102,33
"ATLANTIC COD",2001,"SS",0.980868660417389,81,28
"ATLANTIC COD",2002,"GB",1.04369403741737,259,33
"ATLANTIC COD",2002,"GOM",1.08163619414564,167,33
"ATLANTIC COD",2002,"SS",1.01779052506007,25,28
"ATLANTIC COD",2003,"GB",1.05400540309738,92,33
"ATLANTIC COD",2003,"GOM",1.03789122911684,237,33
"ATLANTIC COD",2003,"SS",0.993097473830189,37,28
"ATLANTIC COD",2004,"GB",0.975323318504837,170,33
"ATLANTIC COD",2004,"GOM",1.02916549514727,154,33
"ATLANTIC COD",2004,"SS",1.02707541551915,32,28
"ATLANTIC COD",2005,"GB",1.01136884279888,103,33
"ATLANTIC COD",2005,"GOM",1.00455878171903,215,33
"ATLANTIC COD",2005,"MAB",1.16814016631625,4,5
"ATLANTIC COD",2005,"SS",0.983494297739549,28,28
"ATLANTIC COD",2006,"GB",1.01414051934918,113,33
"ATLANTIC COD",2006,"GOM",0.993387035055841,339,33
"ATLANTIC COD",2006,"SS",1.00993896682294,23,28
"ATLANTIC COD",2007,"GB",1.01931645298851,70,33
"ATLANTIC COD",2007,"GOM",1.02682714394371,142,33
"ATLANTIC COD",2007,"SS",1.00264165157446,31,28
"ATLANTIC COD",2008,"GB",1.08066941634896,142,33
"ATLANTIC COD",2008,"GOM",1.03169104831323,235,33
"ATLANTIC COD",2008,"SS",0.98749920604772,14,28
"ATLANTIC COD",2009,"GB",1.00917223511451,171,33
"ATLANTIC COD",2009,"GOM",1.06017726389711,578,33
"ATLANTIC COD",2009,"MAB",1.04923241926483,10,5
"ATLANTIC COD",2009,"SS",1.03003875203811,18,28
"ATLANTIC COD",2010,"GB",1.00559465918006,130,33
"ATLANTIC COD",2010,"GOM",1.02607528661116,259,33
"ATLANTIC COD",2010,"SS",1.01564757997282,19,28
"ATLANTIC COD",2011,"GB",1.03225447219849,309,33
"ATLANTIC COD",2011,"GOM",1.0078217245949,319,33
"ATLANTIC COD",2011,"SS",0.962925623038463,28,28
"ATLANTIC COD",2012,"GB",1.02776023825897,108,33
"ATLANTIC COD",2012,"GOM",1.08825819660917,226,33
"ATLANTIC COD",2012,"SS",1.0319916089628,41,28
"ATLANTIC COD",2013,"GB",1.03922450603335,159,33
"ATLANTIC COD",2013,"GOM",1.05941757013764,208,33
"ATLANTIC COD",2013,"SS",1.03392789733515,18,28
"ATLANTIC COD",2014,"GB",1.027526615928,83,33
"ATLANTIC COD",2014,"GOM",1.09758118539561,183,33
"ATLANTIC COD",2014,"SS",0.969617093467021,12,28
"ATLANTIC COD",2015,"GB",1.07997370323771,301,33
"ATLANTIC COD",2015,"GOM",1.09486201502404,377,33
"ATLANTIC COD",2015,"SS",1.03352824885627,64,28
"ATLANTIC COD",2016,"GB",1.02822061543359,279,33
"ATLANTIC COD",2016,"GOM",1.05900091483542,208,33
"ATLANTIC COD",2016,"SS",1.07978139665758,36,28
"ATLANTIC COD",2017,"GB",1.01575625342476,60,33
"ATLANTIC COD",2017,"GOM",1.06649638060226,122,33
"ATLANTIC COD",2018,"GB",1.02931226647393,121,33
"ATLANTIC COD",2018,"GOM",1.07961016091313,109,33
"ATLANTIC COD",2019,"GB",1.05098874513308,114,33
"ATLANTIC COD",2019,"GOM",1.03589365569093,57,33
"ATLANTIC COD",2019,"SS",1.0989259250792,4,28
"ATLANTIC COD",2021,"GB",1.0922382879137,140,33
"ATLANTIC COD",2021,"GOM",1.05630770044794,115,33
"ATLANTIC COD",2021,"MAB",0.874147381159837,5,5
"ATLANTIC COD",2021,"SS",1.05287983655126,10,28
"ATLANTIC COD",2022,"GB",1.05993339382672,125,33
"ATLANTIC COD",2022,"GOM",1.08179325736402,84,33
"ATLANTIC COD",2023,"GB",1.10096142269471,75,33
"ATLANTIC COD",2023,"GOM",1.10661026513723,77,33
"ATLANTIC COD",2023,"SS",1.07233241704126,6,28
"ATLANTIC COD",2024,"GB",1.04766243385604,56,33
"ATLANTIC COD",2024,"GOM",1.11284273042486,70,33
"ATLANTIC COD",2024,"MAB",1.01534134326203,3,5
"ATLANTIC COD",2025,"GB",1.11174208920393,4,33
"ATLANTIC COD",2025,"GOM",1.03560706912328,61,33
"ATLANTIC CROAKER",1992,"MAB",1.02307880070415,10,29
"ATLANTIC CROAKER",1996,"MAB",1.03188352899081,210,29
"ATLANTIC CROAKER",1996,NA,0.951808299235252,14,25
"ATLANTIC CROAKER",1997,"MAB",1.00385129459179,23,29
"ATLANTIC CROAKER",1998,"MAB",0.981338613684898,500,29
"ATLANTIC CROAKER",1999,"MAB",1.03679448728557,204,29
"ATLANTIC CROAKER",1999,NA,0.994545762376738,28,25
"ATLANTIC CROAKER",2000,"MAB",1.04169331185509,647,29
"ATLANTIC CROAKER",2000,NA,0.930703448080622,96,25
"ATLANTIC CROAKER",2001,"MAB",1.00082170884921,425,29
"ATLANTIC CROAKER",2001,NA,0.870302567953706,11,25
"ATLANTIC CROAKER",2002,"MAB",0.997049588124791,444,29
"ATLANTIC CROAKER",2002,NA,0.874268234467744,6,25
"ATLANTIC CROAKER",2003,"MAB",1.04001506557538,718,29
"ATLANTIC CROAKER",2003,NA,0.999803603508978,53,25
"ATLANTIC CROAKER",2004,"MAB",0.989073629961103,536,29
"ATLANTIC CROAKER",2004,NA,0.868826618941071,14,25
"ATLANTIC CROAKER",2005,"MAB",0.985017252256826,591,29
"ATLANTIC CROAKER",2005,NA,0.932519212167988,20,25
"ATLANTIC CROAKER",2006,"MAB",0.973513596878318,1281,29
"ATLANTIC CROAKER",2006,NA,0.87518591273527,34,25
"ATLANTIC CROAKER",2007,"MAB",1.01216494108986,700,29
"ATLANTIC CROAKER",2007,NA,0.916252142541826,16,25
"ATLANTIC CROAKER",2008,"MAB",0.953719988253093,692,29
"ATLANTIC CROAKER",2008,NA,0.878850083132678,50,25
"ATLANTIC CROAKER",2009,"MAB",0.997196282152072,256,29
"ATLANTIC CROAKER",2009,NA,0.886121767623259,8,25
"ATLANTIC CROAKER",2010,"MAB",1.02644699260665,273,29
"ATLANTIC CROAKER",2010,NA,0.971567691890919,29,25
"ATLANTIC CROAKER",2011,"MAB",1.06441120307633,275,29
"ATLANTIC CROAKER",2011,NA,0.997811168601352,23,25
"ATLANTIC CROAKER",2012,"MAB",0.954730660637393,312,29
"ATLANTIC CROAKER",2012,NA,0.990149937649797,13,25
"ATLANTIC CROAKER",2013,"MAB",0.990684410638363,252,29
"ATLANTIC CROAKER",2013,NA,0.941206472373213,49,25
"ATLANTIC CROAKER",2014,"MAB",0.97925691579385,253,29
"ATLANTIC CROAKER",2014,NA,0.900528030603307,13,25
"ATLANTIC CROAKER",2015,"MAB",0.998926242276784,240,29
"ATLANTIC CROAKER",2015,NA,0.899091815827155,8,25
"ATLANTIC CROAKER",2016,"MAB",1.01377115544028,250,29
"ATLANTIC CROAKER",2016,NA,0.959441888260592,33,25
"ATLANTIC CROAKER",2018,"MAB",1.01625476657003,184,29
"ATLANTIC CROAKER",2018,NA,0.899386149764503,10,25
"ATLANTIC CROAKER",2019,"MAB",0.99516941603246,252,29
"ATLANTIC CROAKER",2019,NA,0.979699939025699,3,25
"ATLANTIC CROAKER",2021,"MAB",0.957917957225645,205,29
"ATLANTIC CROAKER",2021,NA,0.921571970948085,19,25
"ATLANTIC CROAKER",2022,"MAB",1.01647984449487,219,29
"ATLANTIC CROAKER",2022,NA,1.07077258398759,3,25
"ATLANTIC CROAKER",2023,"MAB",0.98076882355866,80,29
"ATLANTIC CROAKER",2024,"MAB",0.99603300524848,98,29
"ATLANTIC CROAKER",2024,NA,0.91563215644552,4,25
"ATLANTIC CROAKER",2025,"MAB",1.00694216363156,82,29
"ATLANTIC CROAKER",2025,NA,0.871267116087667,6,25
"ATLANTIC CUTLASSFISH",2010,"MAB",1.1114430561118,63,1
"ATLANTIC CUTLASSFISH",2010,NA,1.10444508754239,10,1
"ATLANTIC HAGFISH",2002,"GOM",0.97180904603948,10,5
"ATLANTIC HAGFISH",2002,"MAB",1.20379848966356,5,1
"ATLANTIC HAGFISH",2003,"GOM",0.886810943922014,11,5
"ATLANTIC HAGFISH",2004,"GOM",0.884404120444728,3,5
"ATLANTIC HAGFISH",2005,"GB",1.15997467672861,8,1
"ATLANTIC HAGFISH",2005,"GOM",1.04413704793938,6,5
"ATLANTIC HAGFISH",2005,"SS",0.803413579460043,3,1
"ATLANTIC HAGFISH",2006,"GOM",0.918521518660004,12,5
"ATLANTIC HAGFISH",2006,NA,1.30908818892127,9,1
"ATLANTIC HALIBUT",1993,"GOM",1.23622916797209,3,18
"ATLANTIC HALIBUT",1997,"GOM",1.10546064462391,3,18
"ATLANTIC HALIBUT",1998,"GOM",1.00330474628973,5,18
"ATLANTIC HALIBUT",1999,"SS",1.08664489998898,5,19
"ATLANTIC HALIBUT",2000,"SS",1.04969995210621,8,19
"ATLANTIC HALIBUT",2001,"SS",1.05156920615417,5,19
"ATLANTIC HALIBUT",2002,"SS",1.10851219140404,6,19
"ATLANTIC HALIBUT",2003,"GOM",1.04845790756636,8,18
"ATLANTIC HALIBUT",2003,"SS",1.07024321357994,3,19
"ATLANTIC HALIBUT",2004,"GOM",1.16059686815431,6,18
"ATLANTIC HALIBUT",2004,"SS",1.11203034489301,5,19
"ATLANTIC HALIBUT",2005,"GB",1.10652812173928,3,3
"ATLANTIC HALIBUT",2005,"SS",1.06539188392613,9,19
"ATLANTIC HALIBUT",2006,"GOM",1.0658769913666,3,18
"ATLANTIC HALIBUT",2006,"SS",0.997101055573799,4,19
"ATLANTIC HALIBUT",2007,"GOM",1.16711713833491,3,18
"ATLANTIC HALIBUT",2007,"SS",1.10764180612612,12,19
"ATLANTIC HALIBUT",2008,"GOM",1.08319343656809,12,18
"ATLANTIC HALIBUT",2008,"SS",1.06853271844069,12,19
"ATLANTIC HALIBUT",2009,"GOM",1.08481212509939,13,18
"ATLANTIC HALIBUT",2010,"GOM",1.0987367890308,15,18
"ATLANTIC HALIBUT",2010,"SS",1.09466428121751,8,19
"ATLANTIC HALIBUT",2011,"GOM",1.11166919669294,10,18
"ATLANTIC HALIBUT",2011,"SS",1.10469808425013,10,19
"ATLANTIC HALIBUT",2012,"GOM",1.06230522641652,9,18
"ATLANTIC HALIBUT",2012,"SS",1.05184284568544,18,19
"ATLANTIC HALIBUT",2013,"GOM",1.12453636651454,3,18
"ATLANTIC HALIBUT",2013,"SS",1.064964530885,9,19
"ATLANTIC HALIBUT",2014,"SS",1.05365582991646,9,19
"ATLANTIC HALIBUT",2015,"GOM",1.0109574111403,8,18
"ATLANTIC HALIBUT",2016,"GOM",1.09502648435686,8,18
"ATLANTIC HALIBUT",2016,"SS",1.03960402435741,10,19
"ATLANTIC HALIBUT",2017,"GOM",1.04750302046999,3,18
"ATLANTIC HALIBUT",2021,"GB",1.12414636602272,7,3
"ATLANTIC HALIBUT",2021,"SS",1.03631896031215,5,19
"ATLANTIC HALIBUT",2022,"GB",1.18023409302948,4,3
"ATLANTIC HALIBUT",2023,"SS",1.08808659451273,8,19
"ATLANTIC HALIBUT",2024,"GOM",1.15553227745711,3,18
"ATLANTIC HALIBUT",2024,"SS",1.07873133582096,6,19
"ATLANTIC HALIBUT",2025,"GOM",1.03542275668598,5,18
"ATLANTIC HERRING",1992,"GB",0.834012588935404,38,33
"ATLANTIC HERRING",1992,"GOM",0.980660961490011,380,33
"ATLANTIC HERRING",1992,"SS",1.09382029397671,17,32
"ATLANTIC HERRING",1993,"GB",1.11434664536091,45,33
"ATLANTIC HERRING",1993,"GOM",1.13774748671366,366,33
"ATLANTIC HERRING",1993,"MAB",1.01586386499622,8,13
"ATLANTIC HERRING",1993,"SS",1.10690781231434,23,32
"ATLANTIC HERRING",1994,"GB",1.60087222118225,53,33
"ATLANTIC HERRING",1994,"GOM",1.07394998973778,270,33
"ATLANTIC HERRING",1994,"SS",1.08168408824238,30,32
"ATLANTIC HERRING",1995,"GB",1.12956575710703,81,33
"ATLANTIC HERRING",1995,"GOM",1.12061917847021,363,33
"ATLANTIC HERRING",1995,"MAB",1.16687600218342,3,13
"ATLANTIC HERRING",1995,"SS",1.10174312642708,45,32
"ATLANTIC HERRING",1996,"GB",1.13020965181285,132,33
"ATLANTIC HERRING",1996,"GOM",1.05129683175969,284,33
"ATLANTIC HERRING",1996,"MAB",1.06397343374013,25,13
"ATLANTIC HERRING",1996,"SS",1.06154477251812,20,32
"ATLANTIC HERRING",1997,"GB",1.10982336550373,98,33
"ATLANTIC HERRING",1997,"GOM",1.03442417771237,284,33
"ATLANTIC HERRING",1997,"SS",1.17619205513728,19,32
"ATLANTIC HERRING",1998,"GB",1.12233805016949,81,33
"ATLANTIC HERRING",1998,"GOM",1.03637200633649,419,33
"ATLANTIC HERRING",1998,"SS",1.02901664100464,32,32
"ATLANTIC HERRING",1999,"GB",1.18855453987098,44,33
"ATLANTIC HERRING",1999,"GOM",1.06378197777225,361,33
"ATLANTIC HERRING",1999,"SS",1.11736501250789,18,32
"ATLANTIC HERRING",2000,"GB",1.27868521637039,36,33
"ATLANTIC HERRING",2000,"GOM",1.07419319343064,260,33
"ATLANTIC HERRING",2000,"SS",0.919680983897618,37,32
"ATLANTIC HERRING",2001,"GB",1.10688404672361,42,33
"ATLANTIC HERRING",2001,"GOM",1.02893373340636,305,33
"ATLANTIC HERRING",2001,"SS",1.01897019691092,29,32
"ATLANTIC HERRING",2002,"GB",1.05457083043206,30,33
"ATLANTIC HERRING",2002,"GOM",1.01938607236484,583,33
"ATLANTIC HERRING",2002,"SS",1.01216271220311,42,32
"ATLANTIC HERRING",2003,"GB",1.17761358231643,124,33
"ATLANTIC HERRING",2003,"GOM",1.05366214331331,447,33
"ATLANTIC HERRING",2003,"MAB",1.06654993402287,6,13
"ATLANTIC HERRING",2003,"SS",1.06791033173992,55,32
"ATLANTIC HERRING",2004,"GB",1.05811663096931,96,33
"ATLANTIC HERRING",2004,"GOM",1.02720948085171,550,33
"ATLANTIC HERRING",2004,"MAB",1.07568023275376,7,13
"ATLANTIC HERRING",2004,"SS",1.06669210806992,77,32
"ATLANTIC HERRING",2005,"GB",1.07015770593363,70,33
"ATLANTIC HERRING",2005,"GOM",1.02632404215994,903,33
"ATLANTIC HERRING",2005,"SS",1.02345093738765,101,32
"ATLANTIC HERRING",2006,"GB",1.13907147577116,14,33
"ATLANTIC HERRING",2006,"GOM",1.06075884100775,635,33
"ATLANTIC HERRING",2006,"SS",1.04903678051849,41,32
"ATLANTIC HERRING",2007,"GB",1.21905615076947,113,33
"ATLANTIC HERRING",2007,"GOM",1.107202045472,840,33
"ATLANTIC HERRING",2007,"MAB",1.1215714898024,7,13
"ATLANTIC HERRING",2007,"SS",1.06174397404132,38,32
"ATLANTIC HERRING",2008,"GB",1.17512099114746,53,33
"ATLANTIC HERRING",2008,"GOM",1.05237175005948,610,33
"ATLANTIC HERRING",2008,"SS",1.11261905471322,97,32
"ATLANTIC HERRING",2009,"GB",1.03094975038504,98,33
"ATLANTIC HERRING",2009,"GOM",1.06358137900409,719,33
"ATLANTIC HERRING",2009,"MAB",1.08266884739084,22,13
"ATLANTIC HERRING",2009,"SS",1.0808617463222,38,32
"ATLANTIC HERRING",2010,"GB",1.03340612624989,151,33
"ATLANTIC HERRING",2010,"GOM",0.994373962842572,553,33
"ATLANTIC HERRING",2010,"MAB",0.99453654360967,63,13
"ATLANTIC HERRING",2010,"SS",1.0445332763718,104,32
"ATLANTIC HERRING",2011,"GB",1.02174764987019,82,33
"ATLANTIC HERRING",2011,"GOM",1.02805246956708,453,33
"ATLANTIC HERRING",2011,"MAB",0.999343030018925,34,13
"ATLANTIC HERRING",2011,"SS",1.03466237689904,47,32
"ATLANTIC HERRING",2012,"GB",1.1057777444584,62,33
"ATLANTIC HERRING",2012,"GOM",1.02602330516299,636,33
"ATLANTIC HERRING",2012,"MAB",0.923324280415823,5,13
"ATLANTIC HERRING",2012,"SS",1.01405837294943,153,32
"ATLANTIC HERRING",2013,"GB",1.08774361256383,31,33
"ATLANTIC HERRING",2013,"GOM",1.02555987802347,602,33
"ATLANTIC HERRING",2013,"MAB",1.05829613141089,8,13
"ATLANTIC HERRING",2013,"SS",1.07832977064937,85,32
"ATLANTIC HERRING",2014,"GB",1.1480281545305,50,33
"ATLANTIC HERRING",2014,"GOM",1.02781222011286,669,33
"ATLANTIC HERRING",2014,"SS",1.06390362275426,118,32
"ATLANTIC HERRING",2015,"GB",1.20209444372627,62,33
"ATLANTIC HERRING",2015,"GOM",1.03285365419229,843,33
"ATLANTIC HERRING",2015,"SS",1.0275496966997,81,32
"ATLANTIC HERRING",2016,"GB",1.11543146578491,84,33
"ATLANTIC HERRING",2016,"GOM",1.0621759638914,509,33
"ATLANTIC HERRING",2016,"MAB",0.975789500374741,6,13
"ATLANTIC HERRING",2016,"SS",1.00964416051983,72,32
"ATLANTIC HERRING",2017,"GB",1.03541704977939,32,33
"ATLANTIC HERRING",2017,"GOM",1.00870919510526,311,33
"ATLANTIC HERRING",2017,"SS",0.96901808016861,64,32
"ATLANTIC HERRING",2018,"GB",1.1393352875069,25,33
"ATLANTIC HERRING",2018,"GOM",1.04722635777812,235,33
"ATLANTIC HERRING",2018,"MAB",1.06432510274464,3,13
"ATLANTIC HERRING",2019,"GB",1.13280314767461,88,33
"ATLANTIC HERRING",2019,"GOM",1.01912743176714,308,33
"ATLANTIC HERRING",2019,"SS",1.03978393093326,37,32
"ATLANTIC HERRING",2021,"GB",1.05257928117155,31,33
"ATLANTIC HERRING",2021,"GOM",1.05567850305645,227,33
"ATLANTIC HERRING",2021,"SS",1.0486869740241,47,32
"ATLANTIC HERRING",2022,"GB",1.04923337150887,16,33
"ATLANTIC HERRING",2022,"GOM",1.03110398297424,233,33
"ATLANTIC HERRING",2022,"SS",1.02497752539704,36,32
"ATLANTIC HERRING",2023,"GB",1.17273174220094,54,33
"ATLANTIC HERRING",2023,"GOM",1.09346282488784,254,33
"ATLANTIC HERRING",2023,"SS",1.08628317493955,39,32
"ATLANTIC HERRING",2024,"GB",1.18685433573989,46,33
"ATLANTIC HERRING",2024,"GOM",1.09082748866992,377,33
"ATLANTIC HERRING",2024,"SS",1.04539530590918,25,32
"ATLANTIC HERRING",2025,"GB",1.12276976395028,19,33
"ATLANTIC HERRING",2025,"GOM",1.06997861497082,166,33
"ATLANTIC HERRING",2025,"SS",1.03188881318828,13,32
"ATLANTIC MACKEREL",1992,"GB",1.17626996927442,3,31
"ATLANTIC MACKEREL",1992,"GOM",1.14849597836768,30,32
"ATLANTIC MACKEREL",1992,"MAB",1.26913669101748,3,23
"ATLANTIC MACKEREL",1992,"SS",1.120411004673,17,25
"ATLANTIC MACKEREL",1993,"GB",1.11960375112635,22,31
"ATLANTIC MACKEREL",1993,"GOM",1.1499011028233,23,32
"ATLANTIC MACKEREL",1993,"MAB",1.04786120379344,34,23
"ATLANTIC MACKEREL",1994,"GB",1.14306669187198,33,31
"ATLANTIC MACKEREL",1994,"GOM",1.15751923275454,55,32
"ATLANTIC MACKEREL",1994,"MAB",1.20166308173005,18,23
"ATLANTIC MACKEREL",1994,"SS",1.12591852456574,7,25
"ATLANTIC MACKEREL",1995,"GB",1.13277130353958,43,31
"ATLANTIC MACKEREL",1995,"GOM",1.09194796524448,12,32
"ATLANTIC MACKEREL",1995,"MAB",1.18442143721107,18,23
"ATLANTIC MACKEREL",1995,"SS",1.17093630278844,9,25
"ATLANTIC MACKEREL",1996,"GB",1.17767791832905,30,31
"ATLANTIC MACKEREL",1996,"GOM",1.09645863893692,5,32
"ATLANTIC MACKEREL",1996,"MAB",1.23203384876067,36,23
"ATLANTIC MACKEREL",1997,"GB",1.19058692516865,47,31
"ATLANTIC MACKEREL",1997,"GOM",1.22101645288858,16,32
"ATLANTIC MACKEREL",1997,"MAB",1.19582190374912,6,23
"ATLANTIC MACKEREL",1998,"GB",1.08108185112282,47,31
"ATLANTIC MACKEREL",1998,"GOM",1.14233872228124,78,32
"ATLANTIC MACKEREL",1998,"SS",1.13292999079338,27,25
"ATLANTIC MACKEREL",1999,"GB",1.19906648985725,32,31
"ATLANTIC MACKEREL",1999,"GOM",1.21571549134774,35,32
"ATLANTIC MACKEREL",1999,"MAB",1.06693974436038,4,23
"ATLANTIC MACKEREL",1999,"SS",1.18082469738921,6,25
"ATLANTIC MACKEREL",2000,"GB",1.06691690332587,50,31
"ATLANTIC MACKEREL",2000,"GOM",1.08506027920038,13,32
"ATLANTIC MACKEREL",2000,"MAB",1.13352893681836,10,23
"ATLANTIC MACKEREL",2001,"GB",1.15750072262629,46,31
"ATLANTIC MACKEREL",2001,"GOM",1.08465073714405,25,32
"ATLANTIC MACKEREL",2001,"MAB",1.15097807941265,16,23
"ATLANTIC MACKEREL",2001,"SS",1.01874817054332,11,25
"ATLANTIC MACKEREL",2002,"GB",1.07195071815937,6,31
"ATLANTIC MACKEREL",2002,"GOM",1.14106287081674,58,32
"ATLANTIC MACKEREL",2002,"SS",1.0533779643182,14,25
"ATLANTIC MACKEREL",2003,"GB",1.21765836930674,41,31
"ATLANTIC MACKEREL",2003,"GOM",1.1864506319399,10,32
"ATLANTIC MACKEREL",2003,"MAB",1.15965578065986,19,23
"ATLANTIC MACKEREL",2003,"SS",1.08922786310713,42,25
"ATLANTIC MACKEREL",2004,"GB",1.07520077367497,18,31
"ATLANTIC MACKEREL",2004,"GOM",1.07394168512029,17,32
"ATLANTIC MACKEREL",2004,"SS",1.10293901654307,5,25
"ATLANTIC MACKEREL",2005,"GB",1.01558827218463,6,31
"ATLANTIC MACKEREL",2005,"GOM",0.965900893580434,32,32
"ATLANTIC MACKEREL",2005,"MAB",1.16961809039951,3,23
"ATLANTIC MACKEREL",2005,"SS",1.05731607774586,15,25
"ATLANTIC MACKEREL",2006,"GOM",1.09499244789975,25,32
"ATLANTIC MACKEREL",2007,"GB",1.16440270152531,24,31
"ATLANTIC MACKEREL",2007,"GOM",1.07517713539846,36,32
"ATLANTIC MACKEREL",2008,"GB",1.14607073691018,18,31
"ATLANTIC MACKEREL",2008,"GOM",1.06979409585872,32,32
"ATLANTIC MACKEREL",2008,"MAB",1.15119778326643,8,23
"ATLANTIC MACKEREL",2008,"SS",1.04130369891939,18,25
"ATLANTIC MACKEREL",2009,"GB",0.998748676029918,46,31
"ATLANTIC MACKEREL",2009,"GOM",1.07257163967571,74,32
"ATLANTIC MACKEREL",2009,"MAB",1.23473661634689,6,23
"ATLANTIC MACKEREL",2009,"SS",1.06710238482278,4,25
"ATLANTIC MACKEREL",2010,"GB",1.23328267814268,10,31
"ATLANTIC MACKEREL",2010,"GOM",1.05980597341278,129,32
"ATLANTIC MACKEREL",2010,"MAB",1.22870289174036,11,23
"ATLANTIC MACKEREL",2010,"SS",1.06765091802252,44,25
"ATLANTIC MACKEREL",2011,"GB",1.14428446358726,25,31
"ATLANTIC MACKEREL",2011,"GOM",1.10902615145971,119,32
"ATLANTIC MACKEREL",2011,"MAB",1.17589229314959,5,23
"ATLANTIC MACKEREL",2011,"SS",1.04310367477707,34,25
"ATLANTIC MACKEREL",2012,"GB",1.13834384215636,17,31
"ATLANTIC MACKEREL",2012,"GOM",1.1447256376043,97,32
"ATLANTIC MACKEREL",2012,"SS",1.10844443294753,9,25
"ATLANTIC MACKEREL",2013,"GB",1.20720005903189,7,31
"ATLANTIC MACKEREL",2013,"GOM",1.10009775408002,63,32
"ATLANTIC MACKEREL",2013,"SS",1.08809729412119,24,25
"ATLANTIC MACKEREL",2014,"GB",1.15337827181479,57,31
"ATLANTIC MACKEREL",2014,"GOM",1.13891856587868,185,32
"ATLANTIC MACKEREL",2014,"SS",1.09241973833953,27,25
"ATLANTIC MACKEREL",2015,"GB",1.25122142287711,46,31
"ATLANTIC MACKEREL",2015,"GOM",1.09871680121123,226,32
"ATLANTIC MACKEREL",2015,"MAB",1.268768007321,7,23
"ATLANTIC MACKEREL",2015,"SS",1.20846721340238,7,25
"ATLANTIC MACKEREL",2016,"GB",1.14542718583963,97,31
"ATLANTIC MACKEREL",2016,"GOM",1.12973379992794,220,32
"ATLANTIC MACKEREL",2016,"SS",1.02956316962026,22,25
"ATLANTIC MACKEREL",2018,"GB",1.28618884510681,22,31
"ATLANTIC MACKEREL",2018,"GOM",1.08829135691166,117,32
"ATLANTIC MACKEREL",2018,"MAB",1.337369143562,19,23
"ATLANTIC MACKEREL",2019,"GB",1.13974074008695,46,31
"ATLANTIC MACKEREL",2019,"GOM",1.04795108747314,122,32
"ATLANTIC MACKEREL",2019,"MAB",1.17430296324543,5,23
"ATLANTIC MACKEREL",2019,"SS",1.05853061958978,12,25
"ATLANTIC MACKEREL",2021,"GB",1.15607153729676,74,31
"ATLANTIC MACKEREL",2021,"GOM",1.06393336682998,143,32
"ATLANTIC MACKEREL",2021,"MAB",1.21013889057221,20,23
"ATLANTIC MACKEREL",2021,"SS",1.07522460281358,21,25
"ATLANTIC MACKEREL",2022,"GB",1.13241000136794,54,31
"ATLANTIC MACKEREL",2022,"GOM",1.0765878376172,132,32
"ATLANTIC MACKEREL",2022,"MAB",1.16321336429543,15,23
"ATLANTIC MACKEREL",2022,"SS",1.00112690202464,5,25
"ATLANTIC MACKEREL",2023,"GB",1.13966814828495,167,31
"ATLANTIC MACKEREL",2023,"GOM",1.05111672012687,231,32
"ATLANTIC MACKEREL",2023,"MAB",1.19630620503547,13,23
"ATLANTIC MACKEREL",2023,"SS",0.986742816163445,34,25
"ATLANTIC MACKEREL",2024,"GB",1.14540886753016,171,31
"ATLANTIC MACKEREL",2024,"GOM",1.05866264206121,174,32
"ATLANTIC MACKEREL",2024,"MAB",1.17938559753708,52,23
"ATLANTIC MACKEREL",2024,"SS",1.055150185575,40,25
"ATLANTIC MACKEREL",2025,"GB",1.08784499338322,62,31
"ATLANTIC MACKEREL",2025,"GOM",1.09378729480387,175,32
"ATLANTIC MACKEREL",2025,"MAB",1.13442665712415,12,23
"ATLANTIC MACKEREL",2025,"SS",1.02883645303844,8,25
"ATLANTIC MENHADEN",2006,"MAB",0.967020972618664,4,14
"ATLANTIC MENHADEN",2007,"MAB",0.939235077358568,7,14
"ATLANTIC MENHADEN",2008,"MAB",0.853160426307885,4,14
"ATLANTIC MENHADEN",2013,"MAB",0.996241100338599,6,14
"ATLANTIC MENHADEN",2014,"MAB",0.898211026807434,4,14
"ATLANTIC MENHADEN",2015,"MAB",0.974899850249052,3,14
"ATLANTIC MENHADEN",2016,"MAB",0.848057033671415,7,14
"ATLANTIC MENHADEN",2018,"MAB",0.858014037796277,6,14
"ATLANTIC MENHADEN",2019,"MAB",0.821234491471269,10,14
"ATLANTIC MENHADEN",2021,"MAB",0.844060373473814,4,14
"ATLANTIC MENHADEN",2022,"GOM",0.878873985476566,3,4
"ATLANTIC MENHADEN",2022,"MAB",0.923131667739804,8,14
"ATLANTIC MENHADEN",2023,"GOM",0.820022997691976,6,4
"ATLANTIC MENHADEN",2023,"MAB",0.887282569179848,5,14
"ATLANTIC MENHADEN",2024,"GOM",0.942730390687392,5,4
"ATLANTIC MENHADEN",2024,"MAB",0.903795583781441,7,14
"ATLANTIC MENHADEN",2025,"GB",0.804883439225887,8,1
"ATLANTIC MENHADEN",2025,"GOM",0.796729327026834,4,4
"ATLANTIC MENHADEN",2025,"MAB",0.854258322057237,9,14
"ATLANTIC ROCK CRAB",2002,"GB",1.38671910852034,5,3
"ATLANTIC ROCK CRAB",2002,"GOM",1.28152629068084,5,2
"ATLANTIC ROCK CRAB",2002,"MAB",1.38907037321522,146,4
"ATLANTIC ROCK CRAB",2002,"SS",1.08260907001881,4,1
"ATLANTIC ROCK CRAB",2003,"GOM",1.27745211855475,4,2
"ATLANTIC ROCK CRAB",2004,"MAB",1.11876700233971,7,4
"ATLANTIC ROCK CRAB",2005,"MAB",1.2027942957518,11,4
"ATLANTIC ROCK CRAB",2006,"GB",1.13103966254779,12,3
"ATLANTIC ROCK CRAB",2007,"GB",1.23289198383149,7,3
"ATLANTIC ROCK CRAB",2007,"MAB",1.11362411034269,5,4
"ATLANTIC SHARPNOSE SHARK",1993,NA,0.931360660685261,10,16
"ATLANTIC SHARPNOSE SHARK",1997,"MAB",1.04214249770192,28,19
"ATLANTIC SHARPNOSE SHARK",1997,NA,0.975340481518807,45,16
"ATLANTIC SHARPNOSE SHARK",1998,"MAB",1.12441368802344,14,19
"ATLANTIC SHARPNOSE SHARK",1999,"MAB",1.03413851704342,5,19
"ATLANTIC SHARPNOSE SHARK",1999,NA,0.945626316528212,3,16
"ATLANTIC SHARPNOSE SHARK",2000,"MAB",1.07284393405269,20,19
"ATLANTIC SHARPNOSE SHARK",2001,"MAB",0.980842076504848,3,19
"ATLANTIC SHARPNOSE SHARK",2002,"MAB",1.07674669265174,29,19
"ATLANTIC SHARPNOSE SHARK",2002,NA,1.01646505525312,29,16
"ATLANTIC SHARPNOSE SHARK",2003,"MAB",1.09415718866226,4,19
"ATLANTIC SHARPNOSE SHARK",2004,"MAB",1.07952917559679,4,19
"ATLANTIC SHARPNOSE SHARK",2007,"MAB",1.00750602908832,4,19
"ATLANTIC SHARPNOSE SHARK",2007,NA,1.04925965693378,8,16
"ATLANTIC SHARPNOSE SHARK",2008,"MAB",1.04527372956046,10,19
"ATLANTIC SHARPNOSE SHARK",2009,"MAB",1.07398802097761,10,19
"ATLANTIC SHARPNOSE SHARK",2009,NA,1.04490405210968,10,16
"ATLANTIC SHARPNOSE SHARK",2010,NA,1.1638135016782,4,16
"ATLANTIC SHARPNOSE SHARK",2011,NA,1.01756421585701,8,16
"ATLANTIC SHARPNOSE SHARK",2012,NA,0.931934166530936,9,16
"ATLANTIC SHARPNOSE SHARK",2013,NA,0.944849936081239,16,16
"ATLANTIC SHARPNOSE SHARK",2014,"MAB",1.04363169740396,12,19
"ATLANTIC SHARPNOSE SHARK",2014,NA,0.960531324319502,4,16
"ATLANTIC SHARPNOSE SHARK",2015,"MAB",0.98664349782652,4,19
"ATLANTIC SHARPNOSE SHARK",2016,NA,0.995196539038902,15,16
"ATLANTIC SHARPNOSE SHARK",2018,"MAB",0.956930527346676,17,19
"ATLANTIC SHARPNOSE SHARK",2018,NA,0.926363832640485,17,16
"ATLANTIC SHARPNOSE SHARK",2019,"MAB",0.991286638512387,3,19
"ATLANTIC SHARPNOSE SHARK",2019,NA,1.00182443542518,54,16
"ATLANTIC SHARPNOSE SHARK",2021,NA,0.97172350904528,8,16
"ATLANTIC SHARPNOSE SHARK",2022,"MAB",0.946116937291298,23,19
"ATLANTIC SHARPNOSE SHARK",2023,"MAB",1.05683386183934,5,19
"ATLANTIC SHARPNOSE SHARK",2024,"MAB",1.0035948779667,15,19
"ATLANTIC SHARPNOSE SHARK",2024,NA,0.961641419695874,5,16
"ATLANTIC SHARPNOSE SHARK",2025,"MAB",1.0207097534212,7,19
"ATLANTIC STURGEON",2004,"MAB",1.01899792514689,7,3
"ATLANTIC STURGEON",2005,"MAB",1.01996151481871,4,3
"ATLANTIC STURGEON",2006,"MAB",0.921455237531591,5,3
"ATLANTIC THREAD HERRING",1997,"MAB",1.01389022965748,72,1
"ATLANTIC THREAD HERRING",1997,NA,1.02155357824102,3,1
"ATLANTIC TORPEDO",2011,"GOM",0.83199802372198,4,5
"ATLANTIC TORPEDO",2012,"MAB",1.23338089424691,4,8
"ATLANTIC TORPEDO",2014,"MAB",1.62244421727104,9,8
"ATLANTIC TORPEDO",2016,"GOM",0.753920339395067,4,5
"ATLANTIC TORPEDO",2016,"MAB",1.42690220923292,5,8
"ATLANTIC TORPEDO",2018,"MAB",2.10447679563536,3,8
"ATLANTIC TORPEDO",2019,"GOM",0.809315465891645,4,5
"ATLANTIC TORPEDO",2019,"MAB",1.73323125812379,5,8
"ATLANTIC TORPEDO",2021,"MAB",1.62383020697444,3,8
"ATLANTIC TORPEDO",2023,"GOM",0.802994704868865,3,5
"ATLANTIC TORPEDO",2024,"GOM",0.820254401523831,3,5
"ATLANTIC TORPEDO",2024,"MAB",1.9519363985419,4,8
"ATLANTIC TORPEDO",2025,"MAB",1.67457041063613,3,8
"ATLANTIC WOLFFISH",1992,"GOM",3.46321124231501,9,21
"ATLANTIC WOLFFISH",1993,"GOM",1.03520614046282,7,21
"ATLANTIC WOLFFISH",1994,"GOM",0.902834236033062,3,21
"ATLANTIC WOLFFISH",1995,"GB",0.964075964385392,3,2
"ATLANTIC WOLFFISH",1995,"GOM",1.05886839180037,12,21
"ATLANTIC WOLFFISH",1996,"GOM",0.890870227886778,3,21
"ATLANTIC WOLFFISH",1997,"GOM",0.983289184848717,9,21
"ATLANTIC WOLFFISH",1998,"GOM",0.986714633204142,3,21
"ATLANTIC WOLFFISH",1999,"GOM",0.982344877843303,4,21
"ATLANTIC WOLFFISH",2001,"GOM",1.02269194238367,5,21
"ATLANTIC WOLFFISH",2003,"GOM",1.03813391036653,4,21
"ATLANTIC WOLFFISH",2005,"GOM",0.901904178649602,7,21
"ATLANTIC WOLFFISH",2006,"GOM",1.10337021134135,3,21
"ATLANTIC WOLFFISH",2008,"GOM",0.943829932199757,7,21
"ATLANTIC WOLFFISH",2009,"GOM",1.12334506023975,13,21
"ATLANTIC WOLFFISH",2010,"GOM",1.01539756807406,5,21
"ATLANTIC WOLFFISH",2011,"GB",0.99636956192691,5,2
"ATLANTIC WOLFFISH",2011,"GOM",0.982330731149877,15,21
"ATLANTIC WOLFFISH",2013,"GOM",0.978751865050751,5,21
"ATLANTIC WOLFFISH",2014,"GOM",1.05278455906234,8,21
"ATLANTIC WOLFFISH",2015,"GOM",0.991386784847016,14,21
"ATLANTIC WOLFFISH",2018,"GOM",1.12241188830922,4,21
"ATLANTIC WOLFFISH",2022,"GOM",1.00238894998028,3,21
"BANDED RUDDERFISH",2002,"MAB",0.801388770492224,4,1
"BARNDOOR SKATE",1995,"GB",1.01968289914167,10,27
"BARNDOOR SKATE",1999,"GB",1.02775274576475,9,27
"BARNDOOR SKATE",1999,"MAB",0.874936237332494,4,22
"BARNDOOR SKATE",2000,"GB",0.947939616726809,12,27
"BARNDOOR SKATE",2001,"GB",0.921824309083418,32,27
"BARNDOOR SKATE",2002,"GB",0.964857189912462,35,27
"BARNDOOR SKATE",2002,"MAB",0.975933625819407,3,22
"BARNDOOR SKATE",2002,"SS",0.981281770838698,3,17
"BARNDOOR SKATE",2003,"GB",0.952573231750069,29,27
"BARNDOOR SKATE",2003,"GOM",0.886043948192614,5,21
"BARNDOOR SKATE",2003,"MAB",0.957414233231736,13,22
"BARNDOOR SKATE",2003,"SS",0.994958117179177,3,17
"BARNDOOR SKATE",2004,"GB",0.935516236199646,54,27
"BARNDOOR SKATE",2005,"GB",0.919888542780667,32,27
"BARNDOOR SKATE",2005,"GOM",0.968125650184597,4,21
"BARNDOOR SKATE",2005,"MAB",0.884918688644635,6,22
"BARNDOOR SKATE",2006,"GB",0.946149336478719,46,27
"BARNDOOR SKATE",2006,"GOM",0.952383841875341,5,21
"BARNDOOR SKATE",2006,"MAB",0.863131169158326,7,22
"BARNDOOR SKATE",2007,"GB",1.02363182574062,46,27
"BARNDOOR SKATE",2007,"GOM",0.818638122537386,4,21
"BARNDOOR SKATE",2007,"MAB",0.878249043241423,11,22
"BARNDOOR SKATE",2007,"SS",0.877522453609576,3,17
"BARNDOOR SKATE",2008,"GB",1.00977442780912,83,27
"BARNDOOR SKATE",2008,"GOM",1.02682457301509,8,21
"BARNDOOR SKATE",2008,"MAB",0.950923065960007,3,22
"BARNDOOR SKATE",2008,"SS",0.98568759144943,4,17
"BARNDOOR SKATE",2009,"GB",0.91526687506606,104,27
"BARNDOOR SKATE",2009,"GOM",0.957540677373748,22,21
"BARNDOOR SKATE",2009,"MAB",0.944827408471495,22,22
"BARNDOOR SKATE",2009,"SS",0.977929525506539,6,17
"BARNDOOR SKATE",2010,"GB",0.918711636519371,110,27
"BARNDOOR SKATE",2010,"GOM",0.934230505297496,19,21
"BARNDOOR SKATE",2010,"MAB",0.914831595351794,30,22
"BARNDOOR SKATE",2011,"GB",0.921694970449749,126,27
"BARNDOOR SKATE",2011,"GOM",1.00648502940472,27,21
"BARNDOOR SKATE",2011,"MAB",0.966926281379092,31,22
"BARNDOOR SKATE",2011,"SS",0.954536983466055,9,17
"BARNDOOR SKATE",2012,"GB",0.898648308004706,173,27
"BARNDOOR SKATE",2012,"GOM",1.00746667914286,46,21
"BARNDOOR SKATE",2012,"MAB",0.832116251630126,30,22
"BARNDOOR SKATE",2013,"GB",0.973393131006492,143,27
"BARNDOOR SKATE",2013,"GOM",1.0026668249156,51,21
"BARNDOOR SKATE",2013,"MAB",0.930605532699371,24,22
"BARNDOOR SKATE",2013,"SS",1.05537411652098,8,17
"BARNDOOR SKATE",2014,"GB",0.924486246045641,141,27
"BARNDOOR SKATE",2014,"GOM",1.04117514281252,38,21
"BARNDOOR SKATE",2014,"MAB",0.990071540922953,28,22
"BARNDOOR SKATE",2014,"SS",0.928125692522696,4,17
"BARNDOOR SKATE",2015,"GB",0.960406349890913,117,27
"BARNDOOR SKATE",2015,"GOM",0.999091597434417,59,21
"BARNDOOR SKATE",2015,"MAB",0.942846288859586,8,22
"BARNDOOR SKATE",2015,"SS",1.01694637743005,6,17
"BARNDOOR SKATE",2016,"GB",0.938357909910355,121,27
"BARNDOOR SKATE",2016,"GOM",1.00843295372644,56,21
"BARNDOOR SKATE",2016,"MAB",0.957857045427876,25,22
"BARNDOOR SKATE",2016,"SS",1.03291945617688,6,17
"BARNDOOR SKATE",2017,"GB",0.93541658488122,91,27
"BARNDOOR SKATE",2017,"GOM",0.96434281949017,39,21
"BARNDOOR SKATE",2017,"SS",1.0157431799692,5,17
"BARNDOOR SKATE",2018,"GB",0.952809058788772,104,27
"BARNDOOR SKATE",2018,"GOM",0.991435707472003,62,21
"BARNDOOR SKATE",2018,"MAB",0.894054685498598,18,22
"BARNDOOR SKATE",2019,"GB",0.956283376088617,132,27
"BARNDOOR SKATE",2019,"GOM",1.02654058623682,43,21
"BARNDOOR SKATE",2019,"MAB",0.922475879375782,20,22
"BARNDOOR SKATE",2019,"SS",0.997243145600538,17,17
"BARNDOOR SKATE",2021,"GB",1.00598624592999,100,27
"BARNDOOR SKATE",2021,"GOM",0.990267199234273,45,21
"BARNDOOR SKATE",2021,"MAB",0.904152251315407,12,22
"BARNDOOR SKATE",2021,"SS",1.05871176159967,9,17
"BARNDOOR SKATE",2022,"GB",0.970880599638509,126,27
"BARNDOOR SKATE",2022,"GOM",0.989684606600848,46,21
"BARNDOOR SKATE",2022,"MAB",0.97213065374704,12,22
"BARNDOOR SKATE",2022,"SS",0.980421797056466,8,17
"BARNDOOR SKATE",2023,"GB",0.98978187519974,125,27
"BARNDOOR SKATE",2023,"GOM",0.985495482063799,53,21
"BARNDOOR SKATE",2023,"MAB",1.01168622275803,9,22
"BARNDOOR SKATE",2023,"SS",1.04797207294587,10,17
"BARNDOOR SKATE",2024,"GB",0.922078510111691,166,27
"BARNDOOR SKATE",2024,"GOM",0.971899408152853,72,21
"BARNDOOR SKATE",2024,"MAB",0.923405232614424,15,22
"BARNDOOR SKATE",2024,"SS",0.989528174673721,7,17
"BARNDOOR SKATE",2025,"GB",0.961954566304615,50,27
"BARNDOOR SKATE",2025,"GOM",1.00789576464614,30,21
"BARNDOOR SKATE",2025,"MAB",0.957780349302365,10,22
"BARNDOOR SKATE",2025,"SS",1.00404171124363,8,17
"BEARDFISH",2001,"MAB",1.35145892092632,4,2
"BEARDFISH",2002,"MAB",1.11086118991766,30,2
"BIGEYE",2002,NA,0.908569775206543,5,1
"BLACK DRUM",2006,"MAB",1.51357549496,19,1
"BLACK SEA BASS",1992,"MAB",1.12969128893129,68,32
"BLACK SEA BASS",1993,"MAB",1.10943468755727,73,32
"BLACK SEA BASS",1994,"GB",1.17307878498641,4,22
"BLACK SEA BASS",1994,"MAB",1.12831823126475,63,32
"BLACK SEA BASS",1994,NA,0.901033653210243,3,4
"BLACK SEA BASS",1995,"MAB",1.13979719543719,112,32
"BLACK SEA BASS",1996,"MAB",1.08044403624345,52,32
"BLACK SEA BASS",1997,"MAB",1.10534730295094,76,32
"BLACK SEA BASS",1998,"GOM",0.991385714093022,4,23
"BLACK SEA BASS",1998,"MAB",1.12141621534098,79,32
"BLACK SEA BASS",1999,"GB",1.09555435776099,15,22
"BLACK SEA BASS",1999,"MAB",1.12162256396418,76,32
"BLACK SEA BASS",2000,"GB",1.04505927205687,4,22
"BLACK SEA BASS",2000,"GOM",1.05963815732692,14,23
"BLACK SEA BASS",2000,"MAB",1.09583448502114,131,32
"BLACK SEA BASS",2001,"GOM",0.960051726182951,6,23
"BLACK SEA BASS",2001,"MAB",1.05619728162126,127,32
"BLACK SEA BASS",2002,"GB",1.0247237179729,3,22
"BLACK SEA BASS",2002,"GOM",1.03092591584181,8,23
"BLACK SEA BASS",2002,"MAB",1.03656564343638,196,32
"BLACK SEA BASS",2003,"GB",0.976476432485481,9,22
"BLACK SEA BASS",2003,"MAB",1.03780906051456,200,32
"BLACK SEA BASS",2004,"GOM",1.03958887347894,5,23
"BLACK SEA BASS",2004,"MAB",1.01782601197508,87,32
"BLACK SEA BASS",2005,"GB",1.09627985882232,14,22
"BLACK SEA BASS",2005,"GOM",0.93785478950578,5,23
"BLACK SEA BASS",2005,"MAB",1.06605247582091,58,32
"BLACK SEA BASS",2006,"GOM",1.06746229686744,7,23
"BLACK SEA BASS",2006,"MAB",1.05250635530217,93,32
"BLACK SEA BASS",2007,"GB",1.08491396446856,7,22
"BLACK SEA BASS",2007,"MAB",1.05758686683515,91,32
"BLACK SEA BASS",2008,"GB",1.11328228177526,6,22
"BLACK SEA BASS",2008,"GOM",1.05806154477875,10,23
"BLACK SEA BASS",2008,"MAB",1.06695815149906,109,32
"BLACK SEA BASS",2009,"GB",1.03010273755258,16,22
"BLACK SEA BASS",2009,"GOM",1.12754511792068,5,23
"BLACK SEA BASS",2009,"MAB",1.04758553714077,267,32
"BLACK SEA BASS",2010,"GB",1.07962342019153,18,22
"BLACK SEA BASS",2010,"GOM",0.996292126065743,4,23
"BLACK SEA BASS",2010,"MAB",1.02425955977367,264,32
"BLACK SEA BASS",2011,"GB",1.14162649929889,14,22
"BLACK SEA BASS",2011,"GOM",1.07292290359553,12,23
"BLACK SEA BASS",2011,"MAB",1.05957098844144,218,32
"BLACK SEA BASS",2012,"GOM",1.00856232781203,43,23
"BLACK SEA BASS",2012,"MAB",1.05717077215057,413,32
"BLACK SEA BASS",2013,"GB",1.07776523893355,37,22
"BLACK SEA BASS",2013,"GOM",1.0646626109411,37,23
"BLACK SEA BASS",2013,"MAB",1.11306651676765,201,32
"BLACK SEA BASS",2014,"GB",1.05378409135061,16,22
"BLACK SEA BASS",2014,"GOM",1.02867096269021,23,23
"BLACK SEA BASS",2014,"MAB",1.03150787974576,296,32
"BLACK SEA BASS",2014,NA,0.98892209357915,20,4
"BLACK SEA BASS",2015,"GB",1.07028844750557,20,22
"BLACK SEA BASS",2015,"GOM",1.09830284718627,10,23
"BLACK SEA BASS",2015,"MAB",1.01773602877673,517,32
"BLACK SEA BASS",2015,NA,1.09365805938357,13,4
"BLACK SEA BASS",2016,"GB",0.929749278507058,23,22
"BLACK SEA BASS",2016,"GOM",1.12943228852055,36,23
"BLACK SEA BASS",2016,"MAB",1.06615773819818,268,32
"BLACK SEA BASS",2018,"GB",0.920037747237685,5,22
"BLACK SEA BASS",2018,"GOM",1.07151638385575,19,23
"BLACK SEA BASS",2018,"MAB",0.945155657395215,328,32
"BLACK SEA BASS",2019,"GB",1.06836023875954,43,22
"BLACK SEA BASS",2019,"GOM",1.03599369569123,6,23
"BLACK SEA BASS",2019,"MAB",0.99438566321891,452,32
"BLACK SEA BASS",2021,"GB",1.06918432316592,25,22
"BLACK SEA BASS",2021,"GOM",1.03065345629356,4,23
"BLACK SEA BASS",2021,"MAB",1.02274924652437,372,32
"BLACK SEA BASS",2022,"GB",1.05735979818083,44,22
"BLACK SEA BASS",2022,"GOM",1.09144279250873,52,23
"BLACK SEA BASS",2022,"MAB",1.02198234582495,631,32
"BLACK SEA BASS",2023,"GB",1.05884812209172,31,22
"BLACK SEA BASS",2023,"GOM",1.10050463922736,22,23
"BLACK SEA BASS",2023,"MAB",1.06955762680973,478,32
"BLACK SEA BASS",2024,"GB",1.0095256276238,37,22
"BLACK SEA BASS",2024,"GOM",1.15760932783907,21,23
"BLACK SEA BASS",2024,"MAB",1.02697690951483,468,32
"BLACK SEA BASS",2025,"GB",1.19869663086955,55,22
"BLACK SEA BASS",2025,"GOM",1.02256578074255,11,23
"BLACK SEA BASS",2025,"MAB",1.03599509110432,307,32
"BLACK SEA BASS",2025,NA,0.975031673442517,6,4
"BLACKBELLY ROSEFISH",1998,"MAB",0.905613072900542,4,25
"BLACKBELLY ROSEFISH",1999,"GOM",1.07936709471811,5,25
"BLACKBELLY ROSEFISH",2000,"GOM",0.943638391004565,8,25
"BLACKBELLY ROSEFISH",2000,"MAB",0.970451384645785,4,25
"BLACKBELLY ROSEFISH",2000,"SS",1.00916198215448,8,19
"BLACKBELLY ROSEFISH",2001,"GB",0.878246207834015,13,22
"BLACKBELLY ROSEFISH",2001,"GOM",0.980808840031666,13,25
"BLACKBELLY ROSEFISH",2001,"MAB",0.894657235193453,14,25
"BLACKBELLY ROSEFISH",2001,"SS",0.939709280611832,3,19
"BLACKBELLY ROSEFISH",2001,NA,0.852844102688874,8,12
"BLACKBELLY ROSEFISH",2002,"GOM",1.03104854419851,12,25
"BLACKBELLY ROSEFISH",2002,"MAB",0.954124219986798,14,25
"BLACKBELLY ROSEFISH",2002,"SS",1.00231339327662,6,19
"BLACKBELLY ROSEFISH",2003,"GB",0.928514685723107,6,22
"BLACKBELLY ROSEFISH",2003,"GOM",0.983743215541729,20,25
"BLACKBELLY ROSEFISH",2003,"MAB",0.984936838665717,13,25
"BLACKBELLY ROSEFISH",2003,NA,0.90463746935183,3,12
"BLACKBELLY ROSEFISH",2004,"GB",0.904794542622974,9,22
"BLACKBELLY ROSEFISH",2004,"GOM",0.975338670267337,17,25
"BLACKBELLY ROSEFISH",2004,"MAB",0.90274548986134,12,25
"BLACKBELLY ROSEFISH",2004,"SS",0.877554520513554,7,19
"BLACKBELLY ROSEFISH",2004,NA,0.930521383964208,3,12
"BLACKBELLY ROSEFISH",2005,"GB",0.907630174356991,5,22
"BLACKBELLY ROSEFISH",2005,"GOM",0.911429798390064,14,25
"BLACKBELLY ROSEFISH",2005,"MAB",0.93968095091856,12,25
"BLACKBELLY ROSEFISH",2005,"SS",0.905894640370377,13,19
"BLACKBELLY ROSEFISH",2006,"GB",0.937563519876167,4,22
"BLACKBELLY ROSEFISH",2006,"GOM",0.945188768974606,15,25
"BLACKBELLY ROSEFISH",2006,"MAB",0.836292231325903,6,25
"BLACKBELLY ROSEFISH",2006,"SS",0.972234310217989,7,19
"BLACKBELLY ROSEFISH",2006,NA,0.904641528598229,3,12
"BLACKBELLY ROSEFISH",2007,"GB",0.929706266305289,12,22
"BLACKBELLY ROSEFISH",2007,"GOM",0.995605019701108,32,25
"BLACKBELLY ROSEFISH",2007,"MAB",0.976756125969616,14,25
"BLACKBELLY ROSEFISH",2007,"SS",1.00146114238361,8,19
"BLACKBELLY ROSEFISH",2007,NA,0.989093472302862,3,12
"BLACKBELLY ROSEFISH",2008,"GB",1.13469425350119,10,22
"BLACKBELLY ROSEFISH",2008,"GOM",0.931658762488118,10,25
"BLACKBELLY ROSEFISH",2008,"MAB",1.03641926296486,10,25
"BLACKBELLY ROSEFISH",2009,"GB",0.983960394005463,10,22
"BLACKBELLY ROSEFISH",2009,"GOM",0.971385606835671,24,25
"BLACKBELLY ROSEFISH",2009,"MAB",0.987936967339198,48,25
"BLACKBELLY ROSEFISH",2009,"SS",0.983693555997805,9,19
"BLACKBELLY ROSEFISH",2010,"GB",0.990554553472287,18,22
"BLACKBELLY ROSEFISH",2010,"GOM",0.978803024522752,33,25
"BLACKBELLY ROSEFISH",2010,"MAB",0.973345263520617,29,25
"BLACKBELLY ROSEFISH",2011,"GB",0.954831015816831,21,22
"BLACKBELLY ROSEFISH",2011,"GOM",1.00241199818519,39,25
"BLACKBELLY ROSEFISH",2011,"MAB",0.908302073736166,18,25
"BLACKBELLY ROSEFISH",2012,"GB",0.984941375771294,7,22
"BLACKBELLY ROSEFISH",2012,"GOM",1.03463445725624,33,25
"BLACKBELLY ROSEFISH",2012,"MAB",0.878408350454789,17,25
"BLACKBELLY ROSEFISH",2012,"SS",0.98273654226011,7,19
"BLACKBELLY ROSEFISH",2012,NA,0.943072157300375,5,12
"BLACKBELLY ROSEFISH",2013,"GB",1.01776386356097,15,22
"BLACKBELLY ROSEFISH",2013,"GOM",1.04016848744328,31,25
"BLACKBELLY ROSEFISH",2013,"MAB",0.966114834046723,15,25
"BLACKBELLY ROSEFISH",2013,"SS",1.07676170542329,7,19
"BLACKBELLY ROSEFISH",2013,NA,1.00741560019328,8,12
"BLACKBELLY ROSEFISH",2014,"GB",1.07718718044861,12,22
"BLACKBELLY ROSEFISH",2014,"GOM",1.0208641106676,49,25
"BLACKBELLY ROSEFISH",2014,"MAB",0.955114648133393,9,25
"BLACKBELLY ROSEFISH",2014,"SS",0.972620440732892,4,19
"BLACKBELLY ROSEFISH",2014,NA,0.951154658097132,5,12
"BLACKBELLY ROSEFISH",2015,"GB",1.01096438575579,15,22
"BLACKBELLY ROSEFISH",2015,"GOM",1.06132463050652,32,25
"BLACKBELLY ROSEFISH",2015,"MAB",0.914277637279743,18,25
"BLACKBELLY ROSEFISH",2015,"SS",1.07585732706829,13,19
"BLACKBELLY ROSEFISH",2015,NA,0.952283246951104,13,12
"BLACKBELLY ROSEFISH",2016,"GB",1.02001135617773,11,22
"BLACKBELLY ROSEFISH",2016,"GOM",1.00449117790524,41,25
"BLACKBELLY ROSEFISH",2016,"MAB",0.945159193557764,17,25
"BLACKBELLY ROSEFISH",2016,"SS",1.06979674956361,10,19
"BLACKBELLY ROSEFISH",2016,NA,0.897524185582345,10,12
"BLACKBELLY ROSEFISH",2018,"GB",0.975746083040147,11,22
"BLACKBELLY ROSEFISH",2018,"GOM",1.08627838743954,28,25
"BLACKBELLY ROSEFISH",2018,"MAB",0.947822734964822,19,25
"BLACKBELLY ROSEFISH",2019,"GB",1.0116906806267,10,22
"BLACKBELLY ROSEFISH",2019,"GOM",1.02679280573673,32,25
"BLACKBELLY ROSEFISH",2019,"MAB",0.843166939484447,7,25
"BLACKBELLY ROSEFISH",2019,"SS",1.02379887075894,5,19
"BLACKBELLY ROSEFISH",2019,NA,0.89002493904318,6,12
"BLACKBELLY ROSEFISH",2021,"GB",1.06371221925501,17,22
"BLACKBELLY ROSEFISH",2021,"GOM",1.08688100161094,36,25
"BLACKBELLY ROSEFISH",2021,"MAB",1.03616123022901,6,25
"BLACKBELLY ROSEFISH",2021,"SS",1.10306204791763,7,19
"BLACKBELLY ROSEFISH",2022,"GB",0.995445296049502,9,22
"BLACKBELLY ROSEFISH",2022,"GOM",1.04880956453786,22,25
"BLACKBELLY ROSEFISH",2022,"MAB",0.970029488050285,20,25
"BLACKBELLY ROSEFISH",2022,"SS",0.981765186656106,4,19
"BLACKBELLY ROSEFISH",2023,"GB",1.01447916159864,12,22
"BLACKBELLY ROSEFISH",2023,"GOM",1.04697494515668,37,25
"BLACKBELLY ROSEFISH",2023,"MAB",0.994881509207293,12,25
"BLACKBELLY ROSEFISH",2023,"SS",0.956499663682425,6,19
"BLACKBELLY ROSEFISH",2024,"GB",0.971643616591513,12,22
"BLACKBELLY ROSEFISH",2024,"GOM",0.986733968663018,29,25
"BLACKBELLY ROSEFISH",2024,"MAB",0.98237011038978,14,25
"BLACKBELLY ROSEFISH",2024,"SS",0.990294022110156,12,19
"BLACKBELLY ROSEFISH",2024,NA,0.981135304187741,7,12
"BLACKBELLY ROSEFISH",2025,"GB",0.945663765457729,6,22
"BLACKBELLY ROSEFISH",2025,"GOM",1.01320259065809,13,25
"BLACKBELLY ROSEFISH",2025,"MAB",0.940079841930699,13,25
"BLACKBELLY ROSEFISH",2025,"SS",0.952583396834222,5,19
"BLUEBACK HERRING",2000,"GOM",1.11772016807826,5,23
"BLUEBACK HERRING",2002,"GOM",1.00387557151085,14,23
"BLUEBACK HERRING",2003,"GOM",1.11687189181795,10,23
"BLUEBACK HERRING",2004,"GOM",1.02114277031061,7,23
"BLUEBACK HERRING",2005,"GOM",0.999579803721036,19,23
"BLUEBACK HERRING",2006,"GOM",1.02848141130121,6,23
"BLUEBACK HERRING",2006,"SS",1.02703554717292,5,7
"BLUEBACK HERRING",2007,"GOM",1.03403857084939,11,23
"BLUEBACK HERRING",2008,"GOM",1.02492324737021,28,23
"BLUEBACK HERRING",2008,"SS",1.15478187585512,3,7
"BLUEBACK HERRING",2009,"GB",1.02218596671653,4,1
"BLUEBACK HERRING",2009,"GOM",1.02327261929123,17,23
"BLUEBACK HERRING",2009,"SS",1.14281099763231,4,7
"BLUEBACK HERRING",2010,"GOM",1.00341241223481,27,23
"BLUEBACK HERRING",2010,"SS",1.03092089015009,4,7
"BLUEBACK HERRING",2011,"GOM",1.03542026151598,24,23
"BLUEBACK HERRING",2012,"GOM",1.02219303182653,38,23
"BLUEBACK HERRING",2012,"MAB",1.05639007626283,3,4
"BLUEBACK HERRING",2013,"GOM",1.04682403839419,46,23
"BLUEBACK HERRING",2013,"SS",1.07619508526259,10,7
"BLUEBACK HERRING",2014,"GOM",1.06072519104469,46,23
"BLUEBACK HERRING",2014,"SS",1.12257402563137,7,7
"BLUEBACK HERRING",2015,"GOM",1.03790532547085,47,23
"BLUEBACK HERRING",2016,"GOM",1.03268635907304,32,23
"BLUEBACK HERRING",2016,"SS",0.973665364333778,5,7
"BLUEBACK HERRING",2018,"GOM",1.08424428537746,30,23
"BLUEBACK HERRING",2019,"GOM",0.993868455268064,28,23
"BLUEBACK HERRING",2019,"MAB",1.02450987730497,3,4
"BLUEBACK HERRING",2021,"GOM",1.08406015323405,20,23
"BLUEBACK HERRING",2022,"GOM",1.08126677811875,22,23
"BLUEBACK HERRING",2022,"MAB",1.20054386466396,4,4
"BLUEBACK HERRING",2023,"GOM",1.06771021368985,22,23
"BLUEBACK HERRING",2024,"GOM",1.04156427522547,23,23
"BLUEBACK HERRING",2024,"MAB",1.08778122212249,3,4
"BLUEBACK HERRING",2025,"GOM",1.02030862198385,29,23
"BLUEFISH",1992,"GB",1.14865533985403,18,28
"BLUEFISH",1992,"MAB",1.00315766702631,179,32
"BLUEFISH",1993,"GB",1.15351669618882,24,28
"BLUEFISH",1993,"MAB",1.00917767885266,119,32
"BLUEFISH",1994,"GB",1.21656823226519,37,28
"BLUEFISH",1994,"GOM",1.34202254521058,3,12
"BLUEFISH",1994,"MAB",0.93989910302754,350,32
"BLUEFISH",1995,"GB",1.14925081724257,29,28
"BLUEFISH",1995,"GOM",1.04343508986023,7,12
"BLUEFISH",1995,"MAB",0.985251997135877,311,32
"BLUEFISH",1996,"GB",1.25131977233277,15,28
"BLUEFISH",1996,"GOM",1.17390580825795,4,12
"BLUEFISH",1996,"MAB",0.970208679532562,249,32
"BLUEFISH",1996,NA,0.975967184061224,6,6
"BLUEFISH",1997,"GB",1.23912713883484,23,28
"BLUEFISH",1997,"GOM",1.12386460779878,18,12
"BLUEFISH",1997,"MAB",0.870744706520932,137,32
"BLUEFISH",1998,"GB",1.16893466163658,32,28
"BLUEFISH",1998,"MAB",0.945227645903959,174,32
"BLUEFISH",1999,"GB",1.24966254547293,36,28
"BLUEFISH",1999,"MAB",0.94594938627854,312,32
"BLUEFISH",1999,"SS",0.659078227871661,3,1
"BLUEFISH",2000,"GB",1.2123453056657,15,28
"BLUEFISH",2000,"GOM",1.03592142373492,3,12
"BLUEFISH",2000,"MAB",0.956862071540591,184,32
"BLUEFISH",2001,"GB",1.04956593069908,17,28
"BLUEFISH",2001,"GOM",0.980510662905375,13,12
"BLUEFISH",2001,"MAB",0.882536037269085,218,32
"BLUEFISH",2002,"GB",1.05225828584584,30,28
"BLUEFISH",2002,"GOM",1.0850706249109,21,12
"BLUEFISH",2002,"MAB",0.888598675309883,194,32
"BLUEFISH",2003,"GB",1.14044399722588,6,28
"BLUEFISH",2003,"MAB",0.891663454732319,333,32
"BLUEFISH",2003,NA,1.04089493721147,4,6
"BLUEFISH",2004,"GB",1.02707678089986,19,28
"BLUEFISH",2004,"GOM",1.03671347801079,20,12
"BLUEFISH",2004,"MAB",0.936727357277462,219,32
"BLUEFISH",2004,NA,0.932886881858851,9,6
"BLUEFISH",2005,"GB",1.08800357917067,37,28
"BLUEFISH",2005,"MAB",0.921750097831631,270,32
"BLUEFISH",2006,"GB",1.08114844850015,29,28
"BLUEFISH",2006,"GOM",1.14160816878901,3,12
"BLUEFISH",2006,"MAB",0.855000636551765,479,32
"BLUEFISH",2006,NA,0.949122649659017,3,6
"BLUEFISH",2007,"GB",1.15734478826322,27,28
"BLUEFISH",2007,"GOM",1.06222600563173,5,12
"BLUEFISH",2007,"MAB",0.88402983645745,271,32
"BLUEFISH",2008,"GB",1.12935069251224,31,28
"BLUEFISH",2008,"MAB",0.885601468095075,308,32
"BLUEFISH",2008,NA,0.927956330468398,14,6
"BLUEFISH",2009,"GB",1.17147361104748,14,28
"BLUEFISH",2009,"MAB",0.978111965128324,159,32
"BLUEFISH",2010,"GB",1.13956863904362,46,28
"BLUEFISH",2010,"MAB",0.986300563834426,209,32
"BLUEFISH",2011,"GB",1.10272598701776,22,28
"BLUEFISH",2011,"MAB",0.938401903045913,236,32
"BLUEFISH",2011,NA,0.889150525280363,3,6
"BLUEFISH",2012,"GB",1.12081423966135,46,28
"BLUEFISH",2012,"MAB",0.963932903523876,145,32
"BLUEFISH",2013,"GB",1.22737835438015,9,28
"BLUEFISH",2013,"MAB",0.963842238837913,63,32
"BLUEFISH",2014,"GB",1.03906716342379,13,28
"BLUEFISH",2014,"MAB",0.937200810018474,152,32
"BLUEFISH",2015,"GB",1.19571301817449,14,28
"BLUEFISH",2015,"MAB",0.956349543919278,86,32
"BLUEFISH",2016,"GB",1.0639814897478,3,28
"BLUEFISH",2016,"MAB",0.951765519998686,133,32
"BLUEFISH",2018,"GB",1.18952636080316,5,28
"BLUEFISH",2018,"MAB",0.96016959228562,162,32
"BLUEFISH",2019,"GB",1.1386889161985,34,28
"BLUEFISH",2019,"MAB",1.0237714085329,65,32
"BLUEFISH",2021,"MAB",0.905678572274748,46,32
"BLUEFISH",2022,"MAB",0.989586256591816,102,32
"BLUEFISH",2023,"GOM",0.87399886801248,38,12
"BLUEFISH",2023,"MAB",1.00202964732418,135,32
"BLUEFISH",2024,"GB",0.872034749308079,3,28
"BLUEFISH",2024,"GOM",0.922782129801347,10,12
"BLUEFISH",2024,"MAB",0.992577279921583,226,32
"BLUEFISH",2025,"MAB",1.00715614121567,175,32
"BLUNTNOSE STINGRAY",1996,"MAB",1.04228602278383,67,28
"BLUNTNOSE STINGRAY",1997,"MAB",1.01334688844895,30,28
"BLUNTNOSE STINGRAY",1998,"MAB",0.970198337257315,34,28
"BLUNTNOSE STINGRAY",1999,"MAB",0.90292205450645,16,28
"BLUNTNOSE STINGRAY",2000,"MAB",0.979499727983121,25,28
"BLUNTNOSE STINGRAY",2001,"MAB",0.909301765010905,22,28
"BLUNTNOSE STINGRAY",2002,"MAB",0.860677199634543,58,28
"BLUNTNOSE STINGRAY",2003,"MAB",0.943419679844115,110,28
"BLUNTNOSE STINGRAY",2004,"MAB",0.946950718610821,63,28
"BLUNTNOSE STINGRAY",2005,"MAB",0.949684885463008,136,28
"BLUNTNOSE STINGRAY",2006,"MAB",0.947766120432559,86,28
"BLUNTNOSE STINGRAY",2007,"MAB",0.889902774196641,93,28
"BLUNTNOSE STINGRAY",2008,"MAB",0.939729492965649,116,28
"BLUNTNOSE STINGRAY",2009,"MAB",0.98065172284042,52,28
"BLUNTNOSE STINGRAY",2010,"MAB",0.9853657690503,33,28
"BLUNTNOSE STINGRAY",2011,"MAB",1.00032217584501,45,28
"BLUNTNOSE STINGRAY",2011,NA,0.893459255798598,5,2
"BLUNTNOSE STINGRAY",2012,"MAB",0.979287836642663,65,28
"BLUNTNOSE STINGRAY",2013,"MAB",0.853480040668121,6,28
"BLUNTNOSE STINGRAY",2014,"MAB",0.9949968689806,19,28
"BLUNTNOSE STINGRAY",2015,"MAB",0.850778716188615,27,28
"BLUNTNOSE STINGRAY",2016,"MAB",0.952116841464601,43,28
"BLUNTNOSE STINGRAY",2018,"MAB",1.0387088999302,91,28
"BLUNTNOSE STINGRAY",2019,"MAB",1.28387385082799,92,28
"BLUNTNOSE STINGRAY",2021,"MAB",0.977070759307567,21,28
"BLUNTNOSE STINGRAY",2022,"MAB",1.00296390624981,7,28
"BLUNTNOSE STINGRAY",2023,"MAB",0.972965428266049,32,28
"BLUNTNOSE STINGRAY",2024,"MAB",0.988731675531543,74,28
"BLUNTNOSE STINGRAY",2025,"MAB",0.928951428349488,21,28
"BLUNTNOSE STINGRAY",2025,NA,0.85700823696769,8,2
"BUCKLER DORY",1994,"MAB",0.998932988852536,11,20
"BUCKLER DORY",2005,"MAB",0.95348644284738,4,20
"BUCKLER DORY",2006,"MAB",1.02661075105875,7,20
"BUCKLER DORY",2007,"MAB",0.961756502314302,13,20
"BUCKLER DORY",2008,"MAB",0.996403429164296,7,20
"BUCKLER DORY",2009,"GB",1.19412327195396,3,8
"BUCKLER DORY",2009,"MAB",1.06637252387332,36,20
"BUCKLER DORY",2010,"MAB",1.15870232194173,43,20
"BUCKLER DORY",2010,NA,1.18812666098825,4,6
"BUCKLER DORY",2011,"GB",1.13758118047615,4,8
"BUCKLER DORY",2011,"MAB",1.06847904574073,52,20
"BUCKLER DORY",2012,"GB",0.826467193471701,4,8
"BUCKLER DORY",2012,"MAB",0.987897202865057,52,20
"BUCKLER DORY",2013,"MAB",1.05234591256773,35,20
"BUCKLER DORY",2013,NA,1.16558450103378,4,6
"BUCKLER DORY",2014,"GB",1.04469990015491,11,8
"BUCKLER DORY",2014,"MAB",0.963414218099493,40,20
"BUCKLER DORY",2014,NA,0.893295106154808,5,6
"BUCKLER DORY",2015,"MAB",0.976920299509936,41,20
"BUCKLER DORY",2015,NA,0.960021406526994,10,6
"BUCKLER DORY",2016,"MAB",0.982408531974754,41,20
"BUCKLER DORY",2016,NA,0.944958954727973,4,6
"BUCKLER DORY",2018,"MAB",0.944407836786674,12,20
"BUCKLER DORY",2019,"GB",1.14745606267123,4,8
"BUCKLER DORY",2019,"MAB",1.01167670268285,13,20
"BUCKLER DORY",2021,"GB",1.04122905325822,5,8
"BUCKLER DORY",2021,"MAB",1.03912401962997,25,20
"BUCKLER DORY",2022,"MAB",1.07003246804871,29,20
"BUCKLER DORY",2023,"GB",0.972185028593379,6,8
"BUCKLER DORY",2023,"MAB",1.12531201737816,35,20
"BUCKLER DORY",2024,"GB",0.957339982189698,4,8
"BUCKLER DORY",2024,"MAB",1.1571464530588,21,20
"BUCKLER DORY",2024,NA,1.00271734701452,3,6
"BUCKLER DORY",2025,"MAB",0.971800977731622,24,20
"BULLNOSE RAY",1996,"MAB",1.03020506346994,37,28
"BULLNOSE RAY",1997,"MAB",1.02090679258882,52,28
"BULLNOSE RAY",1998,"MAB",0.993664575792065,95,28
"BULLNOSE RAY",1999,"MAB",0.986303097299266,36,28
"BULLNOSE RAY",2000,"MAB",1.00655344396159,96,28
"BULLNOSE RAY",2001,"MAB",0.943110907865626,62,28
"BULLNOSE RAY",2002,"MAB",0.94722464350743,98,28
"BULLNOSE RAY",2003,"MAB",0.990399306446191,73,28
"BULLNOSE RAY",2004,"MAB",0.981535796262284,278,28
"BULLNOSE RAY",2005,"MAB",0.948790945834553,165,28
"BULLNOSE RAY",2006,"MAB",0.968266748194791,98,28
"BULLNOSE RAY",2007,"MAB",0.965230009657916,157,28
"BULLNOSE RAY",2008,"MAB",0.944913259388939,130,28
"BULLNOSE RAY",2009,"MAB",0.995431841522498,158,28
"BULLNOSE RAY",2010,"MAB",0.98683916421972,82,28
"BULLNOSE RAY",2011,"MAB",1.0038130736033,174,28
"BULLNOSE RAY",2012,"MAB",0.996242707499394,127,28
"BULLNOSE RAY",2013,"MAB",0.960404641662105,66,28
"BULLNOSE RAY",2014,"MAB",0.993545581777758,57,28
"BULLNOSE RAY",2015,"MAB",0.938083440128817,42,28
"BULLNOSE RAY",2016,"MAB",1.01909358796827,239,28
"BULLNOSE RAY",2018,"MAB",1.01416740500069,52,28
"BULLNOSE RAY",2019,"MAB",0.962794999864175,96,28
"BULLNOSE RAY",2021,"MAB",0.978076674110004,28,28
"BULLNOSE RAY",2022,"MAB",0.868792762573065,58,28
"BULLNOSE RAY",2023,"MAB",1.02117691230232,89,28
"BULLNOSE RAY",2024,"MAB",1.04203568478125,87,28
"BULLNOSE RAY",2025,"MAB",1.0617129604429,39,28
"BUTTERFISH",1992,"GB",1.21373114857969,189,32
"BUTTERFISH",1992,"GOM",1.10543562623031,27,32
"BUTTERFISH",1992,"MAB",1.16916900724995,564,32
"BUTTERFISH",1992,"SS",1.06652043954168,10,23
"BUTTERFISH",1992,NA,1.06073732369188,9,26
"BUTTERFISH",1993,"GB",1.15156724299164,129,32
"BUTTERFISH",1993,"GOM",1.19654022964297,23,32
"BUTTERFISH",1993,"MAB",1.1787376717129,604,32
"BUTTERFISH",1993,"SS",1.17711299957178,14,23
"BUTTERFISH",1993,NA,1.25887989022691,16,26
"BUTTERFISH",1994,"GB",1.14660554319091,175,32
"BUTTERFISH",1994,"GOM",1.24191119229338,84,32
"BUTTERFISH",1994,"MAB",1.13795534450235,625,32
"BUTTERFISH",1994,"SS",1.04538213035474,16,23
"BUTTERFISH",1994,NA,1.12963266941981,15,26
"BUTTERFISH",1995,"GB",1.09803797292564,137,32
"BUTTERFISH",1995,"GOM",1.06837573021485,56,32
"BUTTERFISH",1995,"MAB",1.21615299178265,539,32
"BUTTERFISH",1995,"SS",1.15511068958313,14,23
"BUTTERFISH",1995,NA,1.10269471966032,3,26
"BUTTERFISH",1996,"GB",1.08246429125645,75,32
"BUTTERFISH",1996,"GOM",1.15613909478911,17,32
"BUTTERFISH",1996,"MAB",1.17497058256601,479,32
"BUTTERFISH",1996,NA,1.25956892097761,16,26
"BUTTERFISH",1997,"GB",1.21003929274192,101,32
"BUTTERFISH",1997,"GOM",1.08153605873539,24,32
"BUTTERFISH",1997,"MAB",1.17749707297826,469,32
"BUTTERFISH",1997,"SS",1.30806245449928,6,23
"BUTTERFISH",1998,"GB",1.28209372752188,138,32
"BUTTERFISH",1998,"GOM",1.12514910125786,81,32
"BUTTERFISH",1998,"MAB",1.19384545764512,543,32
"BUTTERFISH",1998,"SS",1.05978841154397,9,23
"BUTTERFISH",1999,"GB",1.16039577648675,111,32
"BUTTERFISH",1999,"GOM",1.07483560266879,38,32
"BUTTERFISH",1999,"MAB",1.26308869613013,557,32
"BUTTERFISH",1999,"SS",1.03199476036401,11,23
"BUTTERFISH",1999,NA,1.32024915420281,6,26
"BUTTERFISH",2000,"GB",1.23059588781909,109,32
"BUTTERFISH",2000,"GOM",1.15727723714478,84,32
"BUTTERFISH",2000,"MAB",1.20872556554475,375,32
"BUTTERFISH",2000,NA,1.30842119525818,12,26
"BUTTERFISH",2001,"GB",0.986740038238458,74,32
"BUTTERFISH",2001,"GOM",0.969831654716038,36,32
"BUTTERFISH",2001,"MAB",1.07422734184495,388,32
"BUTTERFISH",2001,"SS",0.879772059493424,10,23
"BUTTERFISH",2001,NA,1.0663594525864,8,26
"BUTTERFISH",2002,"GB",1.15120894399182,92,32
"BUTTERFISH",2002,"GOM",1.02418179807277,71,32
"BUTTERFISH",2002,"MAB",1.10914831259669,453,32
"BUTTERFISH",2002,"SS",0.997820318935112,14,23
"BUTTERFISH",2002,NA,1.0811554563916,12,26
"BUTTERFISH",2003,"GB",1.07451448660374,113,32
"BUTTERFISH",2003,"GOM",1.03058416042433,12,32
"BUTTERFISH",2003,"MAB",1.16022894908087,563,32
"BUTTERFISH",2003,"SS",0.887358189590406,19,23
"BUTTERFISH",2004,"GB",0.961964736248599,118,32
"BUTTERFISH",2004,"GOM",0.866480035949405,40,32
"BUTTERFISH",2004,"MAB",1.08560171773126,208,32
"BUTTERFISH",2005,"GB",0.968468375061744,67,32
"BUTTERFISH",2005,"GOM",0.922508795271376,27,32
"BUTTERFISH",2005,"MAB",1.07611725773694,511,32
"BUTTERFISH",2005,NA,1.13827824262079,6,26
"BUTTERFISH",2006,"GB",1.06750435350586,165,32
"BUTTERFISH",2006,"GOM",1.00194411331777,58,32
"BUTTERFISH",2006,"MAB",1.11480991901405,666,32
"BUTTERFISH",2006,"SS",0.970573904559701,13,23
"BUTTERFISH",2006,NA,1.07076566923614,8,26
"BUTTERFISH",2007,"GB",1.09361625587636,127,32
"BUTTERFISH",2007,"GOM",1.0849335656292,59,32
"BUTTERFISH",2007,"MAB",1.16374048761412,410,32
"BUTTERFISH",2008,"GB",1.0513446180082,94,32
"BUTTERFISH",2008,"GOM",1.02475729181556,53,32
"BUTTERFISH",2008,"MAB",1.04307474010052,610,32
"BUTTERFISH",2008,"SS",1.10098987557332,17,23
"BUTTERFISH",2008,NA,1.11222754232469,18,26
"BUTTERFISH",2009,"GB",1.05766740147798,194,32
"BUTTERFISH",2009,"GOM",1.07429445479689,205,32
"BUTTERFISH",2009,"MAB",1.15438882538492,617,32
"BUTTERFISH",2009,"SS",0.902540460800848,12,23
"BUTTERFISH",2009,NA,1.19370163964811,11,26
"BUTTERFISH",2010,"GB",1.06788288265161,221,32
"BUTTERFISH",2010,"GOM",1.09941663841851,114,32
"BUTTERFISH",2010,"MAB",1.1779860517515,741,32
"BUTTERFISH",2010,"SS",1.09413706675201,49,23
"BUTTERFISH",2010,NA,1.14235308966511,22,26
"BUTTERFISH",2011,"GB",1.04347672870317,187,32
"BUTTERFISH",2011,"GOM",1.06343849737136,213,32
"BUTTERFISH",2011,"MAB",1.14904390035337,993,32
"BUTTERFISH",2011,"SS",1.04478163627321,22,23
"BUTTERFISH",2011,NA,1.20985746168629,22,26
"BUTTERFISH",2012,"GB",1.04816123774303,156,32
"BUTTERFISH",2012,"GOM",1.12603871790746,219,32
"BUTTERFISH",2012,"MAB",1.11008647132783,368,32
"BUTTERFISH",2012,"SS",1.21847432241495,28,23
"BUTTERFISH",2012,NA,1.09484142488925,8,26
"BUTTERFISH",2013,"GB",1.07365615024824,176,32
"BUTTERFISH",2013,"GOM",1.07824919571358,158,32
"BUTTERFISH",2013,"MAB",1.15217970681486,419,32
"BUTTERFISH",2013,"SS",0.976839961674507,8,23
"BUTTERFISH",2013,NA,1.19988953200963,16,26
"BUTTERFISH",2014,"GB",1.06895929653049,191,32
"BUTTERFISH",2014,"GOM",1.09822904157032,211,32
"BUTTERFISH",2014,"MAB",1.08681027613701,373,32
"BUTTERFISH",2014,"SS",1.11528385467357,55,23
"BUTTERFISH",2014,NA,1.13006352843932,7,26
"BUTTERFISH",2015,"GB",1.12332066660821,165,32
"BUTTERFISH",2015,"GOM",1.06784630410789,200,32
"BUTTERFISH",2015,"MAB",1.11180027901022,412,32
"BUTTERFISH",2015,"SS",1.05065423919057,10,23
"BUTTERFISH",2015,NA,1.02605210882856,11,26
"BUTTERFISH",2016,"GB",1.11436556859548,144,32
"BUTTERFISH",2016,"GOM",1.10254455329815,176,32
"BUTTERFISH",2016,"MAB",1.18181428582246,326,32
"BUTTERFISH",2016,"SS",1.13317057301299,16,23
"BUTTERFISH",2016,NA,1.14600352901096,8,26
"BUTTERFISH",2018,"GB",1.10590117717334,94,32
"BUTTERFISH",2018,"GOM",1.06205377087948,113,32
"BUTTERFISH",2018,"MAB",1.13916438762979,458,32
"BUTTERFISH",2019,"GB",1.07256166929981,128,32
"BUTTERFISH",2019,"GOM",1.04900393497155,99,32
"BUTTERFISH",2019,"MAB",1.15735181457516,356,32
"BUTTERFISH",2019,NA,1.00622981635346,7,26
"BUTTERFISH",2021,"GB",1.10761887986723,163,32
"BUTTERFISH",2021,"GOM",1.05544099440889,134,32
"BUTTERFISH",2021,"MAB",1.09721292104607,433,32
"BUTTERFISH",2021,"SS",0.989582277974876,9,23
"BUTTERFISH",2021,NA,1.07564656821225,5,26
"BUTTERFISH",2022,"GB",1.0574534822332,169,32
"BUTTERFISH",2022,"GOM",1.01603616768326,141,32
"BUTTERFISH",2022,"MAB",1.11354319510104,468,32
"BUTTERFISH",2022,"SS",1.04933989571807,16,23
"BUTTERFISH",2022,NA,1.24969931164944,7,26
"BUTTERFISH",2023,"GB",0.969129446303208,137,32
"BUTTERFISH",2023,"GOM",0.995520405408672,129,32
"BUTTERFISH",2023,"MAB",1.11800174418393,525,32
"BUTTERFISH",2023,NA,0.967084664060369,10,26
"BUTTERFISH",2024,"GB",1.07290447960969,150,32
"BUTTERFISH",2024,"GOM",1.0073767190995,172,32
"BUTTERFISH",2024,"MAB",1.12194669638438,420,32
"BUTTERFISH",2024,"SS",0.895539009155566,3,23
"BUTTERFISH",2024,NA,1.15272113748334,8,26
"BUTTERFISH",2025,"GB",1.12953886213914,49,32
"BUTTERFISH",2025,"GOM",1.03966995912598,93,32
"BUTTERFISH",2025,"MAB",1.13261020614359,333,32
"BUTTERFISH",2025,NA,1.10116975571851,22,26
"CHAIN DOGFISH",1997,"MAB",0.924148842674107,10,4
"CHAIN DOGFISH",1998,"MAB",0.982881993516862,11,4
"CHAIN DOGFISH",1998,NA,1.03594545580599,9,1
"CHAIN DOGFISH",2002,"MAB",0.910122000203189,3,4
"CHAIN DOGFISH",2008,"MAB",1.03040212302435,6,4
"CHUB MACKEREL",2009,"MAB",1.06638851742159,5,2
"CHUB MACKEREL",2025,"MAB",1.13939290439163,4,2
"CLEARNOSE SKATE",1994,"MAB",1.02402528540808,4,28
"CLEARNOSE SKATE",1995,"MAB",1.00643600154009,6,28
"CLEARNOSE SKATE",1996,"MAB",0.997507373205419,24,28
"CLEARNOSE SKATE",1999,"MAB",1.03230380577418,3,28
"CLEARNOSE SKATE",2000,"MAB",1.01217770837722,64,28
"CLEARNOSE SKATE",2001,"MAB",1.02469165943567,187,28
"CLEARNOSE SKATE",2002,"MAB",1.0285553624313,50,28
"CLEARNOSE SKATE",2003,"MAB",1.03690629522345,72,28
"CLEARNOSE SKATE",2003,NA,1.04632945970134,3,13
"CLEARNOSE SKATE",2004,"MAB",0.944509180896756,43,28
"CLEARNOSE SKATE",2005,"MAB",0.920718332316309,56,28
"CLEARNOSE SKATE",2006,"MAB",0.963623974927457,66,28
"CLEARNOSE SKATE",2007,"MAB",0.958937463214018,62,28
"CLEARNOSE SKATE",2008,"MAB",0.971816525085159,98,28
"CLEARNOSE SKATE",2009,"MAB",1.01848912529996,186,28
"CLEARNOSE SKATE",2009,NA,1.01882909947377,7,13
"CLEARNOSE SKATE",2010,"MAB",1.0051457589323,151,28
"CLEARNOSE SKATE",2011,"MAB",1.01452702893908,102,28
"CLEARNOSE SKATE",2011,NA,1.07746490430237,6,13
"CLEARNOSE SKATE",2012,"MAB",0.997060055133565,124,28
"CLEARNOSE SKATE",2012,NA,1.03413157239746,12,13
"CLEARNOSE SKATE",2013,"MAB",0.998286803426786,186,28
"CLEARNOSE SKATE",2013,NA,1.00238861211594,4,13
"CLEARNOSE SKATE",2014,"MAB",0.976740857452826,170,28
"CLEARNOSE SKATE",2014,NA,1.03040771258607,5,13
"CLEARNOSE SKATE",2015,"MAB",0.971829094967001,134,28
"CLEARNOSE SKATE",2015,NA,1.08309103933826,13,13
"CLEARNOSE SKATE",2016,"MAB",0.994560402474486,154,28
"CLEARNOSE SKATE",2016,NA,1.05885629572361,4,13
"CLEARNOSE SKATE",2018,"MAB",1.14010436188134,164,28
"CLEARNOSE SKATE",2018,NA,1.06948251325951,3,13
"CLEARNOSE SKATE",2019,"MAB",0.996606497432404,204,28
"CLEARNOSE SKATE",2019,NA,1.10289306395816,5,13
"CLEARNOSE SKATE",2021,"MAB",1.01306208196669,202,28
"CLEARNOSE SKATE",2021,NA,1.07417473671063,6,13
"CLEARNOSE SKATE",2022,"MAB",1.00022148064117,178,28
"CLEARNOSE SKATE",2022,NA,1.05441218280599,3,13
"CLEARNOSE SKATE",2023,"MAB",1.02078959108082,210,28
"CLEARNOSE SKATE",2023,NA,1.13194918300874,4,13
"CLEARNOSE SKATE",2024,"MAB",0.996296614121143,254,28
"CLEARNOSE SKATE",2025,"MAB",0.975340883988502,219,28
"COBIA",1993,"MAB",0.845392254295451,4,5
"COBIA",1994,"MAB",1.06309457264052,9,5
"COBIA",1998,"MAB",0.657272849401186,7,5
"COBIA",2002,"MAB",0.841597659635073,5,5
"COBIA",2010,"MAB",1.00276668836266,4,5
"COWNOSE RAY",1996,"MAB",0.99931341113078,7,22
"COWNOSE RAY",1997,"MAB",0.945136892702077,3,22
"COWNOSE RAY",1998,"MAB",1.06731091881608,60,22
"COWNOSE RAY",1999,"MAB",1.05287589619795,8,22
"COWNOSE RAY",2000,"MAB",1.04844200427453,15,22
"COWNOSE RAY",2002,"MAB",0.962699415713982,35,22
"COWNOSE RAY",2003,"MAB",0.988439313141789,57,22
"COWNOSE RAY",2004,"MAB",0.891210705346545,20,22
"COWNOSE RAY",2005,"MAB",1.0436890687752,48,22
"COWNOSE RAY",2006,"MAB",0.999882182587517,48,22
"COWNOSE RAY",2007,"MAB",1.00135615270052,25,22
"COWNOSE RAY",2008,"MAB",0.985758804505831,21,22
"COWNOSE RAY",2009,"MAB",0.985065066055447,74,22
"COWNOSE RAY",2011,"MAB",1.03354300445002,22,22
"COWNOSE RAY",2012,"MAB",0.959544891366195,19,22
"COWNOSE RAY",2016,"MAB",1.06552926083259,55,22
"COWNOSE RAY",2018,"MAB",1.02467229638644,24,22
"COWNOSE RAY",2019,"MAB",0.946424417227045,64,22
"COWNOSE RAY",2021,"MAB",0.862170553679014,4,22
"COWNOSE RAY",2023,"MAB",1.02656228165537,39,22
"COWNOSE RAY",2024,"MAB",1.03893108830424,23,22
"COWNOSE RAY",2025,"MAB",1.00908705724911,24,22
"CUNNER",1999,"GOM",1.02033181012082,3,14
"CUNNER",2000,"GB",1.11015640264991,9,14
"CUNNER",2000,"GOM",1.03389491324644,6,14
"CUNNER",2001,"GB",1.04269781114324,54,14
"CUNNER",2001,"GOM",0.853778328521819,14,14
"CUNNER",2002,"GB",1.02210487981088,13,14
"CUNNER",2002,"GOM",0.895266269755529,22,14
"CUNNER",2003,"GB",0.999906185213797,9,14
"CUNNER",2003,"GOM",0.927331391530228,9,14
"CUNNER",2005,"GB",0.998105521885141,9,14
"CUNNER",2005,"GOM",0.94654594766399,7,14
"CUNNER",2006,"GB",1.00042433232768,6,14
"CUNNER",2006,"GOM",0.890456134356896,13,14
"CUNNER",2007,"GB",1.03893408287653,8,14
"CUNNER",2007,"GOM",0.917005909564386,6,14
"CUNNER",2007,"MAB",1.01124218280523,3,5
"CUNNER",2008,"GB",1.03736008702413,18,14
"CUNNER",2008,"GOM",0.83694941836626,6,14
"CUNNER",2009,"GB",1.00726212292067,11,14
"CUNNER",2009,"GOM",1.03325764251962,14,14
"CUNNER",2009,"MAB",0.927240105931592,11,5
"CUNNER",2010,"GB",1.10569946278918,3,14
"CUNNER",2011,"GB",1.05040067631791,5,14
"CUNNER",2011,"GOM",1.01134576998169,8,14
"CUNNER",2011,"MAB",0.97791077217177,3,5
"CUNNER",2012,"GB",1.07385897207437,4,14
"CUNNER",2012,"GOM",0.954058761257719,20,14
"CUNNER",2012,"MAB",0.899128603571829,3,5
"CUNNER",2013,"GB",1.04379776115481,28,14
"CUNNER",2013,"GOM",0.960136602543503,18,14
"CUNNER",2013,"MAB",1.0986411919881,3,5
"CUNNER",2014,"GB",1.01798549600977,7,14
"CUNNER",2014,"GOM",0.9241009440804,13,14
"CUSK",1992,"GOM",0.971804498239798,7,31
"CUSK",1993,"GOM",0.968983950455904,12,31
"CUSK",1995,"GOM",0.986511715427284,5,31
"CUSK",1996,"GOM",0.969973117634602,11,31
"CUSK",1997,"GOM",1.01088157841971,17,31
"CUSK",1998,"GOM",1.01033935937044,3,31
"CUSK",1999,"GOM",1.00363745345651,15,31
"CUSK",2000,"GOM",0.946749866036535,5,31
"CUSK",2001,"GB",0.891753965272243,3,4
"CUSK",2001,"GOM",0.920464405462273,16,31
"CUSK",2002,"GOM",0.993360154175476,8,31
"CUSK",2002,"SS",1.03425137128698,3,4
"CUSK",2003,"GOM",0.971692462252631,8,31
"CUSK",2004,"GB",0.92272903814201,6,4
"CUSK",2004,"GOM",0.939212411145886,7,31
"CUSK",2005,"GOM",0.945830354634349,7,31
"CUSK",2005,"SS",0.954961512175163,5,4
"CUSK",2006,"GOM",0.989069220092595,6,31
"CUSK",2008,"GOM",0.9942748072992,7,31
"CUSK",2009,"GOM",0.920033507483291,3,31
"CUSK",2009,"SS",1.02370327686779,3,4
"CUSK",2010,"GOM",0.951725960781172,15,31
"CUSK",2011,"GB",0.96944862975054,4,4
"CUSK",2011,"GOM",0.872890150670847,3,31
"CUSK",2012,"GOM",0.945691655034584,3,31
"CUSK",2013,"GOM",1.05644912431777,3,31
"CUSK",2014,"GOM",0.992904155613013,20,31
"CUSK",2015,"GOM",1.00929193221161,13,31
"CUSK",2015,"SS",0.957254908954019,7,4
"CUSK",2016,"GOM",1.01603262902462,5,31
"CUSK",2017,"GB",0.985002533696991,3,4
"CUSK",2017,"GOM",0.932325130884508,8,31
"CUSK",2018,"GOM",1.02559614860037,10,31
"CUSK",2019,"GOM",0.963454822561917,4,31
"CUSK",2021,"GOM",1.01441022482051,9,31
"CUSK",2022,"GOM",0.978476807400248,6,31
"CUSK",2023,"GOM",0.966567854420542,5,31
"CUSK",2024,"GOM",0.996936422176994,6,31
"CUSK",2025,"GOM",1.05330536797261,3,31
"DUSKY FLOUNDER",2007,NA,1.04616568215035,6,1
"FAWN CUSK-EEL",1999,"GB",1.12243590345169,4,11
"FAWN CUSK-EEL",1999,"MAB",1.00282510702491,36,14
"FAWN CUSK-EEL",2000,"MAB",1.02168462023018,16,14
"FAWN CUSK-EEL",2001,"MAB",0.988566089588404,22,14
"FAWN CUSK-EEL",2002,"GB",1.16638122779086,28,11
"FAWN CUSK-EEL",2002,"MAB",1.0177564269256,158,14
"FAWN CUSK-EEL",2003,"GB",1.0541660363783,9,11
"FAWN CUSK-EEL",2003,"MAB",0.992686535754429,40,14
"FAWN CUSK-EEL",2004,"MAB",1.04482274055549,16,14
"FAWN CUSK-EEL",2005,"GB",0.941840045540177,4,11
"FAWN CUSK-EEL",2005,"MAB",0.988647896255316,35,14
"FAWN CUSK-EEL",2006,"GB",1.04321009898821,13,11
"FAWN CUSK-EEL",2006,"MAB",0.970624957494567,84,14
"FAWN CUSK-EEL",2007,"GB",1.0110194801434,16,11
"FAWN CUSK-EEL",2007,"MAB",0.951966283004387,68,14
"FAWN CUSK-EEL",2008,"GB",0.999901982771185,7,11
"FAWN CUSK-EEL",2008,"MAB",0.955388601667723,60,14
"FAWN CUSK-EEL",2009,"GB",1.04678738299861,16,11
"FAWN CUSK-EEL",2009,"MAB",1.10254934201594,79,14
"FAWN CUSK-EEL",2010,"GB",1.02094625593021,26,11
"FAWN CUSK-EEL",2010,"MAB",1.02252178107476,88,14
"FAWN CUSK-EEL",2010,NA,1.24567847704082,3,3
"FAWN CUSK-EEL",2011,"GB",0.986124976213723,8,11
"FAWN CUSK-EEL",2011,"MAB",1.02947923419043,43,14
"FAWN CUSK-EEL",2011,NA,1.084440403643,3,3
"FAWN CUSK-EEL",2012,"GB",0.990008337029179,20,11
"FAWN CUSK-EEL",2012,"MAB",1.01974147620186,49,14
"FAWN CUSK-EEL",2012,NA,1.14918124694826,7,3
"FOURBEARD ROCKLING",2006,"GB",1.04721599596116,3,1
"FOURBEARD ROCKLING",2006,"GOM",0.99232913209672,35,7
"FOURBEARD ROCKLING",2006,"MAB",1.1611279784225,3,5
"FOURBEARD ROCKLING",2007,"GOM",1.02242233289036,17,7
"FOURBEARD ROCKLING",2008,"GOM",1.00320645622697,9,7
"FOURBEARD ROCKLING",2009,"GOM",0.952210080729135,31,7
"FOURBEARD ROCKLING",2009,"MAB",1.14117214812191,3,5
"FOURBEARD ROCKLING",2009,"SS",1.03297843857501,6,4
"FOURBEARD ROCKLING",2010,"GOM",1.00594890599899,34,7
"FOURBEARD ROCKLING",2010,"MAB",1.13883830991422,5,5
"FOURBEARD ROCKLING",2010,"SS",1.11543279529181,7,4
"FOURBEARD ROCKLING",2011,"GOM",1.04189688309667,62,7
"FOURBEARD ROCKLING",2011,"MAB",1.19117095242477,9,5
"FOURBEARD ROCKLING",2011,"SS",0.89478919349629,4,4
"FOURBEARD ROCKLING",2012,"GOM",1.08805802866201,90,7
"FOURBEARD ROCKLING",2012,"MAB",1.06428311025738,5,5
"FOURBEARD ROCKLING",2012,"SS",1.1321238328317,6,4
"FOURSPOT FLOUNDER",1992,"GB",1.00285275707517,96,33
"FOURSPOT FLOUNDER",1992,"GOM",1.08707959046382,13,33
"FOURSPOT FLOUNDER",1992,"MAB",1.01066979354462,262,32
"FOURSPOT FLOUNDER",1993,"GB",0.962121184948794,134,33
"FOURSPOT FLOUNDER",1993,"GOM",1.1076412140237,30,33
"FOURSPOT FLOUNDER",1993,"MAB",1.00977433066119,264,32
"FOURSPOT FLOUNDER",1993,NA,0.973535684403839,3,19
"FOURSPOT FLOUNDER",1994,"GB",1.02741731068572,141,33
"FOURSPOT FLOUNDER",1994,"GOM",1.10474512415396,32,33
"FOURSPOT FLOUNDER",1994,"MAB",1.03457709431275,236,32
"FOURSPOT FLOUNDER",1994,NA,0.793291366602387,3,19
"FOURSPOT FLOUNDER",1995,"GB",0.967000168801412,134,33
"FOURSPOT FLOUNDER",1995,"GOM",1.01768675617236,6,33
"FOURSPOT FLOUNDER",1995,"MAB",0.979143068085407,218,32
"FOURSPOT FLOUNDER",1996,"GB",0.915938403693609,139,33
"FOURSPOT FLOUNDER",1996,"GOM",1.03703979036667,28,33
"FOURSPOT FLOUNDER",1996,"MAB",0.969402900141945,258,32
"FOURSPOT FLOUNDER",1996,NA,0.903798838729589,3,19
"FOURSPOT FLOUNDER",1997,"GB",1.06736930527602,106,33
"FOURSPOT FLOUNDER",1997,"GOM",1.07081657708506,30,33
"FOURSPOT FLOUNDER",1997,"MAB",0.98939871276933,201,32
"FOURSPOT FLOUNDER",1997,NA,0.966384847314604,3,19
"FOURSPOT FLOUNDER",1998,"GB",1.04202900094045,161,33
"FOURSPOT FLOUNDER",1998,"GOM",1.00474181862892,28,33
"FOURSPOT FLOUNDER",1998,"MAB",1.01195597265053,287,32
"FOURSPOT FLOUNDER",1999,"GB",1.03241399744775,189,33
"FOURSPOT FLOUNDER",1999,"GOM",1.16988293396743,28,33
"FOURSPOT FLOUNDER",1999,"MAB",0.996308967828028,328,32
"FOURSPOT FLOUNDER",2000,"GB",0.999189536743157,94,33
"FOURSPOT FLOUNDER",2000,"GOM",0.997730074688041,18,33
"FOURSPOT FLOUNDER",2000,"MAB",1.01221478890142,175,32
"FOURSPOT FLOUNDER",2001,"GB",0.984929238170945,65,33
"FOURSPOT FLOUNDER",2001,"GOM",1.04843444006189,21,33
"FOURSPOT FLOUNDER",2001,"MAB",0.970877016602054,107,32
"FOURSPOT FLOUNDER",2002,"GB",1.05350241290389,66,33
"FOURSPOT FLOUNDER",2002,"GOM",1.06154834474782,13,33
"FOURSPOT FLOUNDER",2002,"MAB",0.95704040672044,155,32
"FOURSPOT FLOUNDER",2003,"GB",1.02978819118737,76,33
"FOURSPOT FLOUNDER",2003,"GOM",1.05254938571688,10,33
"FOURSPOT FLOUNDER",2003,"MAB",0.982141234439395,159,32
"FOURSPOT FLOUNDER",2004,"GB",0.947308394163278,43,33
"FOURSPOT FLOUNDER",2004,"GOM",1.03341457861406,9,33
"FOURSPOT FLOUNDER",2004,"MAB",0.989196524267455,98,32
"FOURSPOT FLOUNDER",2005,"GB",1.0073245483759,79,33
"FOURSPOT FLOUNDER",2005,"GOM",1.04268563185816,17,33
"FOURSPOT FLOUNDER",2005,"MAB",1.00749837157184,181,32
"FOURSPOT FLOUNDER",2006,"GB",1.01509075501533,84,33
"FOURSPOT FLOUNDER",2006,"GOM",1.0913545857091,12,33
"FOURSPOT FLOUNDER",2006,"MAB",0.992552969861111,147,32
"FOURSPOT FLOUNDER",2007,"GB",1.03121111502396,85,33
"FOURSPOT FLOUNDER",2007,"GOM",1.0633911555622,16,33
"FOURSPOT FLOUNDER",2007,"MAB",0.946386913750191,135,32
"FOURSPOT FLOUNDER",2008,"GB",1.06092313638449,59,33
"FOURSPOT FLOUNDER",2008,"GOM",1.04745348613747,25,33
"FOURSPOT FLOUNDER",2008,"MAB",0.968624979134021,144,32
"FOURSPOT FLOUNDER",2008,NA,0.947801625271255,4,19
"FOURSPOT FLOUNDER",2009,"GB",0.988891759891803,75,33
"FOURSPOT FLOUNDER",2009,"GOM",1.07037036014568,18,33
"FOURSPOT FLOUNDER",2009,"MAB",1.00886384381404,212,32
"FOURSPOT FLOUNDER",2010,"GB",1.02635413041466,48,33
"FOURSPOT FLOUNDER",2010,"GOM",1.00125558778,7,33
"FOURSPOT FLOUNDER",2010,"MAB",1.05373327128554,144,32
"FOURSPOT FLOUNDER",2010,NA,0.976888148144564,4,19
"FOURSPOT FLOUNDER",2011,"GB",1.03161417584415,83,33
"FOURSPOT FLOUNDER",2011,"GOM",1.07458400571731,39,33
"FOURSPOT FLOUNDER",2011,"MAB",1.022270282965,177,32
"FOURSPOT FLOUNDER",2011,NA,0.915573196328188,6,19
"FOURSPOT FLOUNDER",2012,"GB",1.06091952637857,91,33
"FOURSPOT FLOUNDER",2012,"GOM",1.03090852452029,43,33
"FOURSPOT FLOUNDER",2012,"MAB",0.981825769222762,220,32
"FOURSPOT FLOUNDER",2012,NA,0.954043426561283,8,19
"FOURSPOT FLOUNDER",2013,"GB",1.1205794116722,102,33
"FOURSPOT FLOUNDER",2013,"GOM",1.04878017292686,45,33
"FOURSPOT FLOUNDER",2013,"MAB",1.03470207702917,258,32
"FOURSPOT FLOUNDER",2013,NA,1.00133178311054,12,19
"FOURSPOT FLOUNDER",2014,"GB",1.00711325451841,106,33
"FOURSPOT FLOUNDER",2014,"GOM",1.05630757853632,36,33
"FOURSPOT FLOUNDER",2014,"MAB",1.02266878962345,186,32
"FOURSPOT FLOUNDER",2014,NA,0.976822156444499,9,19
"FOURSPOT FLOUNDER",2015,"GB",1.07605596003628,85,33
"FOURSPOT FLOUNDER",2015,"GOM",1.06078005449311,41,33
"FOURSPOT FLOUNDER",2015,"MAB",1.01365083027637,199,32
"FOURSPOT FLOUNDER",2015,NA,1.06156111178839,9,19
"FOURSPOT FLOUNDER",2016,"GB",1.07026810500829,92,33
"FOURSPOT FLOUNDER",2016,"GOM",1.06718436730475,44,33
"FOURSPOT FLOUNDER",2016,"MAB",1.03602109839887,190,32
"FOURSPOT FLOUNDER",2016,NA,0.940617576076032,7,19
"FOURSPOT FLOUNDER",2017,"GB",1.09722878053335,75,33
"FOURSPOT FLOUNDER",2017,"GOM",1.08635389776058,23,33
"FOURSPOT FLOUNDER",2018,"GB",1.0741918966709,81,33
"FOURSPOT FLOUNDER",2018,"GOM",1.10710265135034,34,33
"FOURSPOT FLOUNDER",2018,"MAB",1.00961088321963,179,32
"FOURSPOT FLOUNDER",2018,NA,0.969595966600399,5,19
"FOURSPOT FLOUNDER",2019,"GB",1.09039463818355,82,33
"FOURSPOT FLOUNDER",2019,"GOM",1.11235756190386,34,33
"FOURSPOT FLOUNDER",2019,"MAB",1.05424140256045,157,32
"FOURSPOT FLOUNDER",2019,NA,1.04928127366815,6,19
"FOURSPOT FLOUNDER",2021,"GB",1.08048085719754,87,33
"FOURSPOT FLOUNDER",2021,"GOM",1.04304087908158,22,33
"FOURSPOT FLOUNDER",2021,"MAB",1.02144267296076,152,32
"FOURSPOT FLOUNDER",2021,"SS",1.21147156487151,3,2
"FOURSPOT FLOUNDER",2021,NA,0.999722774264685,4,19
"FOURSPOT FLOUNDER",2022,"GB",1.08044381600205,85,33
"FOURSPOT FLOUNDER",2022,"GOM",1.06277390236629,39,33
"FOURSPOT FLOUNDER",2022,"MAB",1.01172723655544,133,32
"FOURSPOT FLOUNDER",2022,NA,0.999212537741185,6,19
"FOURSPOT FLOUNDER",2023,"GB",1.13105710809477,64,33
"FOURSPOT FLOUNDER",2023,"GOM",1.04170075560414,43,33
"FOURSPOT FLOUNDER",2023,"MAB",1.03279460164157,157,32
"FOURSPOT FLOUNDER",2023,NA,0.955779770745057,7,19
"FOURSPOT FLOUNDER",2024,"GB",1.01142469956847,90,33
"FOURSPOT FLOUNDER",2024,"GOM",1.06093153474362,51,33
"FOURSPOT FLOUNDER",2024,"MAB",1.01533818696418,143,32
"FOURSPOT FLOUNDER",2024,"SS",1.16566180426845,3,2
"FOURSPOT FLOUNDER",2024,NA,1.01164742362211,6,19
"FOURSPOT FLOUNDER",2025,"GB",1.12205206789823,29,33
"FOURSPOT FLOUNDER",2025,"GOM",1.05181682330525,25,33
"FOURSPOT FLOUNDER",2025,"MAB",1.03543856849178,114,32
"FOURSPOT FLOUNDER",2025,NA,0.947842068608299,5,19
"GOOSEFISH",1992,"GB",1.16667646757781,7,33
"GOOSEFISH",1992,"GOM",1.03155219931906,54,33
"GOOSEFISH",1992,"MAB",1.15388383778356,38,32
"GOOSEFISH",1993,"GB",1.14714909401299,6,33
"GOOSEFISH",1993,"GOM",1.02254494973584,66,33
"GOOSEFISH",1993,"MAB",1.04945990706852,38,32
"GOOSEFISH",1993,"SS",0.959685986432545,10,26
"GOOSEFISH",1994,"GB",1.21296051158254,22,33
"GOOSEFISH",1994,"GOM",1.04509565967949,66,33
"GOOSEFISH",1994,"MAB",1.0849456122391,51,32
"GOOSEFISH",1994,"SS",0.848105757925902,7,26
"GOOSEFISH",1995,"GB",1.06015532368656,6,33
"GOOSEFISH",1995,"GOM",1.01817155412865,77,33
"GOOSEFISH",1995,"MAB",1.06411123830595,53,32
"GOOSEFISH",1995,"SS",0.817869374194684,3,26
"GOOSEFISH",1996,"GB",1.07011289041587,8,33
"GOOSEFISH",1996,"GOM",1.01878392242701,47,33
"GOOSEFISH",1996,"MAB",1.04949819440015,22,32
"GOOSEFISH",1996,"SS",1.08384336524546,6,26
"GOOSEFISH",1997,"GB",0.973272925285578,5,33
"GOOSEFISH",1997,"GOM",1.06997227365687,33,33
"GOOSEFISH",1997,"MAB",0.950265636616717,36,32
"GOOSEFISH",1997,"SS",0.997323431377837,3,26
"GOOSEFISH",1998,"GB",1.02632195910986,13,33
"GOOSEFISH",1998,"GOM",1.09176199825094,46,33
"GOOSEFISH",1998,"MAB",0.967242114617835,34,32
"GOOSEFISH",1998,"SS",0.97723757527617,3,26
"GOOSEFISH",1999,"GB",1.1443620683361,6,33
"GOOSEFISH",1999,"GOM",1.09171647909215,78,33
"GOOSEFISH",1999,"MAB",1.11562780582516,72,32
"GOOSEFISH",2000,"GB",1.12515447373364,19,33
"GOOSEFISH",2000,"GOM",1.06284625087507,124,33
"GOOSEFISH",2000,"MAB",1.07890601614131,30,32
"GOOSEFISH",2000,"SS",1.08782594733372,4,26
"GOOSEFISH",2001,"GB",1.06859470094077,18,33
"GOOSEFISH",2001,"GOM",1.01283447791105,114,33
"GOOSEFISH",2001,"MAB",0.972714902884834,34,32
"GOOSEFISH",2001,"SS",0.934009949766523,4,26
"GOOSEFISH",2002,"GB",1.06391082180138,29,33
"GOOSEFISH",2002,"GOM",1.03284662966731,95,33
"GOOSEFISH",2002,"MAB",1.05526398129313,76,32
"GOOSEFISH",2002,"SS",1.05178324254717,13,26
"GOOSEFISH",2003,"GB",1.08870096013377,19,33
"GOOSEFISH",2003,"GOM",1.00434068306384,70,33
"GOOSEFISH",2003,"MAB",1.04293177457894,87,32
"GOOSEFISH",2003,"SS",0.915568200158451,8,26
"GOOSEFISH",2003,NA,0.862397574225958,4,11
"GOOSEFISH",2004,"GB",1.01714027438871,13,33
"GOOSEFISH",2004,"GOM",1.02562730981557,36,33
"GOOSEFISH",2004,"MAB",0.991710609757635,48,32
"GOOSEFISH",2004,NA,0.937596065284445,6,11
"GOOSEFISH",2005,"GB",1.0168207053603,31,33
"GOOSEFISH",2005,"GOM",0.926475850921004,34,33
"GOOSEFISH",2005,"MAB",1.12091647197408,50,32
"GOOSEFISH",2005,"SS",1.04261402580864,4,26
"GOOSEFISH",2006,"GB",1.00960123581516,27,33
"GOOSEFISH",2006,"GOM",0.99127451326598,50,33
"GOOSEFISH",2006,"MAB",1.01117066289528,32,32
"GOOSEFISH",2007,"GB",1.07600344310191,14,33
"GOOSEFISH",2007,"GOM",1.0429877657321,53,33
"GOOSEFISH",2007,"MAB",0.976589166574119,14,32
"GOOSEFISH",2008,"GB",1.12117418606841,12,33
"GOOSEFISH",2008,"GOM",1.04410643934928,56,33
"GOOSEFISH",2008,"MAB",1.06783420040936,22,32
"GOOSEFISH",2009,"GB",0.990210060888682,22,33
"GOOSEFISH",2009,"GOM",0.992068962259356,233,33
"GOOSEFISH",2009,"MAB",1.01444121611914,261,32
"GOOSEFISH",2009,"SS",1.05749724485374,10,26
"GOOSEFISH",2010,"GB",0.997041032995137,51,33
"GOOSEFISH",2010,"GOM",0.960240557632221,193,33
"GOOSEFISH",2010,"MAB",1.00585504024046,324,32
"GOOSEFISH",2010,"SS",1.01122395641686,33,26
"GOOSEFISH",2010,NA,0.830388604785599,14,11
"GOOSEFISH",2011,"GB",1.05917310002861,83,33
"GOOSEFISH",2011,"GOM",0.975173350378557,224,33
"GOOSEFISH",2011,"MAB",1.04792179137384,301,32
"GOOSEFISH",2011,"SS",0.888434029932543,11,26
"GOOSEFISH",2011,NA,0.86185629042788,5,11
"GOOSEFISH",2012,"GB",1.01848918925901,63,33
"GOOSEFISH",2012,"GOM",0.967430230803794,299,33
"GOOSEFISH",2012,"MAB",1.02004152930791,208,32
"GOOSEFISH",2012,"SS",0.960683563806816,33,26
"GOOSEFISH",2012,NA,1.00093103464133,7,11
"GOOSEFISH",2013,"GB",0.997631849884441,41,33
"GOOSEFISH",2013,"GOM",0.978999374212859,281,33
"GOOSEFISH",2013,"MAB",1.02267594267653,169,32
"GOOSEFISH",2013,"SS",1.03146934446623,13,26
"GOOSEFISH",2013,NA,1.21253655948985,8,11
"GOOSEFISH",2014,"GB",0.983462633520358,45,33
"GOOSEFISH",2014,"GOM",1.00373085596064,392,33
"GOOSEFISH",2014,"MAB",1.03036432605169,217,32
"GOOSEFISH",2014,"SS",0.937053936922646,43,26
"GOOSEFISH",2014,NA,0.963121829592428,5,11
"GOOSEFISH",2015,"GB",1.01105410538332,90,33
"GOOSEFISH",2015,"GOM",0.978147205770923,537,33
"GOOSEFISH",2015,"MAB",1.01398250969967,351,32
"GOOSEFISH",2015,"SS",1.02795984325091,44,26
"GOOSEFISH",2015,NA,1.09057321293554,4,11
"GOOSEFISH",2016,"GB",1.00217411856578,85,33
"GOOSEFISH",2016,"GOM",0.967592810392393,616,33
"GOOSEFISH",2016,"MAB",1.00951624989253,300,32
"GOOSEFISH",2016,"SS",0.950995445731794,83,26
"GOOSEFISH",2016,NA,1.05617240075011,3,11
"GOOSEFISH",2017,"GB",0.955867537088957,104,33
"GOOSEFISH",2017,"GOM",0.963652091445863,303,33
"GOOSEFISH",2017,"SS",0.941879299455742,38,26
"GOOSEFISH",2018,"GB",0.979912725246271,110,33
"GOOSEFISH",2018,"GOM",0.975075411118635,387,33
"GOOSEFISH",2018,"MAB",1.00207979993401,235,32
"GOOSEFISH",2019,"GB",0.945066358313653,103,33
"GOOSEFISH",2019,"GOM",0.959321209386676,367,33
"GOOSEFISH",2019,"MAB",1.04079406790994,210,32
"GOOSEFISH",2019,"SS",0.978175124072552,64,26
"GOOSEFISH",2021,"GB",1.00706315956261,74,33
"GOOSEFISH",2021,"GOM",0.978597537483952,443,33
"GOOSEFISH",2021,"MAB",1.033585296629,188,32
"GOOSEFISH",2021,"SS",0.997510106122845,58,26
"GOOSEFISH",2021,NA,0.971198147162863,6,11
"GOOSEFISH",2022,"GB",0.992683820500932,67,33
"GOOSEFISH",2022,"GOM",0.942653063241725,373,33
"GOOSEFISH",2022,"MAB",1.01071970900143,114,32
"GOOSEFISH",2022,"SS",0.939504701202466,55,26
"GOOSEFISH",2022,NA,1.00284977603057,13,11
"GOOSEFISH",2023,"GB",1.02527064244376,36,33
"GOOSEFISH",2023,"GOM",0.936324487309281,337,33
"GOOSEFISH",2023,"MAB",1.08110653145223,104,32
"GOOSEFISH",2023,"SS",0.98373820967765,41,26
"GOOSEFISH",2024,"GB",1.01766221142374,56,33
"GOOSEFISH",2024,"GOM",0.962825278100199,311,33
"GOOSEFISH",2024,"MAB",1.02131631322788,149,32
"GOOSEFISH",2024,"SS",1.00419665003237,53,26
"GOOSEFISH",2025,"GB",0.988386824414457,36,33
"GOOSEFISH",2025,"GOM",0.932327705459269,153,33
"GOOSEFISH",2025,"MAB",1.01927804712428,81,32
"GOOSEFISH",2025,"SS",1.10314919399229,10,26
"GRAY TRIGGERFISH",2002,"MAB",1.05098559396076,5,1
"GREATER AMBERJACK",1993,NA,0.766109031855849,4,2
"GREATER AMBERJACK",2006,NA,0.671440342932508,8,2
"GULF STREAM FLOUNDER",2005,"GB",1.02357126965086,24,8
"GULF STREAM FLOUNDER",2005,"MAB",1.00916294254375,50,8
"GULF STREAM FLOUNDER",2006,"GB",1.07160659434374,44,8
"GULF STREAM FLOUNDER",2006,"MAB",0.977082948955357,46,8
"GULF STREAM FLOUNDER",2007,"GB",1.09436205537541,40,8
"GULF STREAM FLOUNDER",2007,"MAB",1.00403413177692,19,8
"GULF STREAM FLOUNDER",2008,"GB",1.04077921161508,18,8
"GULF STREAM FLOUNDER",2008,"MAB",1.06513161270159,41,8
"GULF STREAM FLOUNDER",2009,"GB",1.12110647470953,33,8
"GULF STREAM FLOUNDER",2009,"MAB",1.07603432892865,135,8
"GULF STREAM FLOUNDER",2010,"GB",1.01192051544292,5,8
"GULF STREAM FLOUNDER",2010,"MAB",1.06308274639673,57,8
"GULF STREAM FLOUNDER",2011,"GB",1.14003347776689,27,8
"GULF STREAM FLOUNDER",2011,"MAB",1.15687168011527,60,8
"GULF STREAM FLOUNDER",2012,"GB",1.06983322576053,49,8
"GULF STREAM FLOUNDER",2012,"GOM",0.934654439989456,8,1
"GULF STREAM FLOUNDER",2012,"MAB",1.01598873703333,79,8
"HADDOCK",1992,"GB",1.06969626936116,105,33
"HADDOCK",1992,"GOM",1.06657605497721,54,33
"HADDOCK",1992,"MAB",0.897773172737634,13,21
"HADDOCK",1992,"SS",1.04240426479741,71,32
"HADDOCK",1993,"GB",1.06133710640048,138,33
"HADDOCK",1993,"GOM",1.04463886124149,59,33
"HADDOCK",1993,"MAB",0.989069180625033,11,21
"HADDOCK",1993,"SS",1.05831192881296,89,32
"HADDOCK",1994,"GB",1.03402350047338,94,33
"HADDOCK",1994,"GOM",0.981862741639584,50,33
"HADDOCK",1994,"SS",1.04460774140215,140,32
"HADDOCK",1995,"GB",1.01986822324462,203,33
"HADDOCK",1995,"GOM",1.04657195136687,49,33
"HADDOCK",1995,"SS",1.00038961748388,169,32
"HADDOCK",1996,"GB",1.08839692272481,169,33
"HADDOCK",1996,"GOM",1.07427936301767,91,33
"HADDOCK",1996,"MAB",1.01719324069657,46,21
"HADDOCK",1996,"SS",1.02266677173028,92,32
"HADDOCK",1997,"GB",1.05034261513985,105,33
"HADDOCK",1997,"GOM",1.07883235417717,126,33
"HADDOCK",1997,"MAB",0.97209555585085,8,21
"HADDOCK",1997,"SS",1.04353786836547,168,32
"HADDOCK",1998,"GB",1.04345060221672,334,33
"HADDOCK",1998,"GOM",1.05685691580756,162,33
"HADDOCK",1998,"MAB",0.955155452696905,39,21
"HADDOCK",1998,"SS",1.03929114370674,103,32
"HADDOCK",1999,"GB",1.09398665586854,130,33
"HADDOCK",1999,"GOM",1.05092416747379,348,33
"HADDOCK",1999,"SS",1.0709961618972,136,32
"HADDOCK",2000,"GB",1.03879521030003,163,33
"HADDOCK",2000,"GOM",1.0652620288633,232,33
"HADDOCK",2000,"MAB",0.991013280460145,7,21
"HADDOCK",2000,"SS",0.994084992316934,167,32
"HADDOCK",2001,"GB",0.989879469462477,201,33
"HADDOCK",2001,"GOM",1.00160314583581,342,33
"HADDOCK",2001,"MAB",0.961089928510278,9,21
"HADDOCK",2001,"SS",1.01350814111911,160,32
"HADDOCK",2002,"GB",1.00579432283643,255,33
"HADDOCK",2002,"GOM",0.991855620833913,194,33
"HADDOCK",2002,"SS",0.989731457955938,146,32
"HADDOCK",2003,"GB",1.01450628204866,402,33
"HADDOCK",2003,"GOM",0.989306822595071,233,33
"HADDOCK",2003,"MAB",0.99997640509751,118,21
"HADDOCK",2003,"SS",0.984095243297489,132,32
"HADDOCK",2004,"GB",0.951903645333605,402,33
"HADDOCK",2004,"GOM",0.976023232124599,316,33
"HADDOCK",2004,"MAB",1.0009440590816,6,21
"HADDOCK",2004,"SS",0.983105867897075,113,32
"HADDOCK",2005,"GB",0.967210416173376,309,33
"HADDOCK",2005,"GOM",0.981775273322983,386,33
"HADDOCK",2005,"MAB",0.995954682115346,60,21
"HADDOCK",2005,"SS",0.989241632950201,206,32
"HADDOCK",2006,"GB",0.985044346497668,306,33
"HADDOCK",2006,"GOM",0.998106918919506,385,33
"HADDOCK",2006,"SS",1.0007730365126,179,32
"HADDOCK",2007,"GB",1.01558456173017,192,33
"HADDOCK",2007,"GOM",1.00899187948462,335,33
"HADDOCK",2007,"MAB",0.924978639423707,7,21
"HADDOCK",2007,"SS",1.01828914008447,165,32
"HADDOCK",2008,"GB",1.07354760925304,189,33
"HADDOCK",2008,"GOM",1.06010449843261,156,33
"HADDOCK",2008,"SS",1.06908995128371,113,32
"HADDOCK",2009,"GB",1.02097209959678,409,33
"HADDOCK",2009,"GOM",1.03929369001598,201,33
"HADDOCK",2009,"MAB",1.01696280380454,17,21
"HADDOCK",2009,"SS",1.06324297479231,71,32
"HADDOCK",2010,"GB",0.979624581009493,594,33
"HADDOCK",2010,"GOM",0.996893390500163,266,33
"HADDOCK",2010,"MAB",0.950181858183811,109,21
"HADDOCK",2010,"SS",1.03520325692988,114,32
"HADDOCK",2011,"GB",0.999655865631852,682,33
"HADDOCK",2011,"GOM",1.0145215361621,373,33
"HADDOCK",2011,"MAB",1.01455845866222,54,21
"HADDOCK",2011,"SS",1.02576293960628,124,32
"HADDOCK",2012,"GB",1.01356848468095,273,33
"HADDOCK",2012,"GOM",1.02764128053115,314,33
"HADDOCK",2012,"SS",1.05281994766263,150,32
"HADDOCK",2013,"GB",1.02946499706649,554,33
"HADDOCK",2013,"GOM",1.05446986629759,655,33
"HADDOCK",2013,"MAB",0.969475502904994,43,21
"HADDOCK",2013,"SS",1.09176272686458,116,32
"HADDOCK",2014,"GB",1.01324380141447,477,33
"HADDOCK",2014,"GOM",1.06428091145514,932,33
"HADDOCK",2014,"MAB",1.04315883295704,38,21
"HADDOCK",2014,"SS",1.02110383248871,227,32
"HADDOCK",2015,"GB",1.05060528307127,452,33
"HADDOCK",2015,"GOM",1.04945808138291,1231,33
"HADDOCK",2015,"MAB",1.05346132037188,44,21
"HADDOCK",2015,"SS",1.04801364848452,354,32
"HADDOCK",2016,"GB",0.998304209579588,463,33
"HADDOCK",2016,"GOM",1.05004060371887,958,33
"HADDOCK",2016,"MAB",1.01961669777744,63,21
"HADDOCK",2016,"SS",1.04197139444784,172,32
"HADDOCK",2017,"GB",0.998697031692996,225,33
"HADDOCK",2017,"GOM",1.03289006767049,429,33
"HADDOCK",2017,"SS",1.02053821101848,79,32
"HADDOCK",2018,"GB",1.04327162961173,320,33
"HADDOCK",2018,"GOM",1.0674507266945,602,33
"HADDOCK",2018,"MAB",1.03889262931713,41,21
"HADDOCK",2019,"GB",1.00980807047671,224,33
"HADDOCK",2019,"GOM",1.03381366950556,521,33
"HADDOCK",2019,"MAB",1.09668246718087,5,21
"HADDOCK",2019,"SS",1.08070384284574,39,32
"HADDOCK",2021,"GB",1.08941442914707,214,33
"HADDOCK",2021,"GOM",1.08656262931384,390,33
"HADDOCK",2021,"SS",1.0778318312667,48,32
"HADDOCK",2022,"GB",1.02771441026123,94,33
"HADDOCK",2022,"GOM",1.08398906180566,243,33
"HADDOCK",2022,"SS",1.08306560780001,45,32
"HADDOCK",2023,"GB",1.07855780989457,87,33
"HADDOCK",2023,"GOM",1.08735202048385,262,33
"HADDOCK",2023,"SS",1.06927134087,37,32
"HADDOCK",2024,"GB",0.990086887595173,187,33
"HADDOCK",2024,"GOM",0.992441445873541,271,33
"HADDOCK",2024,"MAB",0.959877666331665,48,21
"HADDOCK",2024,"SS",1.021326486098,64,32
"HADDOCK",2025,"GB",1.02498515187546,94,33
"HADDOCK",2025,"GOM",1.00670481815553,180,33
"HADDOCK",2025,"SS",1.06604678989059,24,32
"JONAH CRAB",2002,"GB",1.07682240504042,8,9
"JONAH CRAB",2002,"GOM",1.05177722772465,46,9
"JONAH CRAB",2002,"MAB",1.02993398913234,47,8
"JONAH CRAB",2002,"SS",1.06946495430102,3,5
"JONAH CRAB",2002,NA,0.926555621592401,3,2
"JONAH CRAB",2003,"GB",0.993284232527263,8,9
"JONAH CRAB",2003,"GOM",0.988427120244924,28,9
"JONAH CRAB",2003,"SS",1.19733377750631,3,5
"JONAH CRAB",2004,"GB",0.907768063040921,3,9
"JONAH CRAB",2004,"MAB",1.04608649664868,5,8
"JONAH CRAB",2005,"GOM",0.863148144432411,10,9
"JONAH CRAB",2005,"MAB",1.02821633117815,5,8
"JONAH CRAB",2006,"GB",0.953095216120067,12,9
"JONAH CRAB",2006,"GOM",0.909414164498866,10,9
"JONAH CRAB",2006,"MAB",1.05382329560287,3,8
"JONAH CRAB",2007,"GB",1.04956471280396,37,9
"JONAH CRAB",2007,"GOM",1.01149598032662,20,9
"JONAH CRAB",2007,"MAB",1.06448524941806,18,8
"JONAH CRAB",2007,"SS",1.21487993312082,3,5
"JONAH CRAB",2015,"GB",1.08101847102332,19,9
"JONAH CRAB",2015,"GOM",1.08919778792223,81,9
"JONAH CRAB",2015,"MAB",1.04150294311601,124,8
"JONAH CRAB",2015,"SS",1.10062273182521,12,5
"JONAH CRAB",2015,NA,1.05426164458106,3,2
"JONAH CRAB",2016,"GB",1.0359588059923,27,9
"JONAH CRAB",2016,"GOM",1.11600083099376,79,9
"JONAH CRAB",2016,"MAB",0.955828316937849,3,8
"JONAH CRAB",2017,"GB",1.1191691758617,37,9
"JONAH CRAB",2017,"GOM",1.15830797772118,22,9
"JONAH CRAB",2017,"SS",1.24404960787392,3,5
"JONAH CRAB",2018,"GB",1.1218076407219,13,9
"JONAH CRAB",2018,"GOM",1.13507107061513,29,9
"JONAH CRAB",2018,"MAB",1.1203279591927,32,8
"LITTLE SKATE",1992,"GB",0.966309064996002,170,33
"LITTLE SKATE",1992,"GOM",0.995045572325526,32,33
"LITTLE SKATE",1992,"MAB",1.01822223340161,259,32
"LITTLE SKATE",1992,"SS",1.09958046123094,10,10
"LITTLE SKATE",1993,"GB",0.950171772229613,186,33
"LITTLE SKATE",1993,"GOM",0.931655522811185,38,33
"LITTLE SKATE",1993,"MAB",0.982534813212002,178,32
"LITTLE SKATE",1994,"GB",0.979719929841477,177,33
"LITTLE SKATE",1994,"GOM",0.963262592172889,39,33
"LITTLE SKATE",1994,"MAB",0.9689204695275,272,32
"LITTLE SKATE",1995,"GB",0.944484530270631,229,33
"LITTLE SKATE",1995,"GOM",0.92978601494311,40,33
"LITTLE SKATE",1995,"MAB",0.958192517715491,260,32
"LITTLE SKATE",1996,"GB",0.988773291810199,161,33
"LITTLE SKATE",1996,"GOM",0.972008926438936,52,33
"LITTLE SKATE",1996,"MAB",0.93152309138012,245,32
"LITTLE SKATE",1996,"SS",1.02236080686707,8,10
"LITTLE SKATE",1997,"GB",0.969224265418171,157,33
"LITTLE SKATE",1997,"GOM",0.962892315692514,15,33
"LITTLE SKATE",1997,"MAB",0.917894527304807,108,32
"LITTLE SKATE",1997,"SS",1.09214491708922,4,10
"LITTLE SKATE",1998,"GB",0.939922191239524,248,33
"LITTLE SKATE",1998,"GOM",0.989809890525723,25,33
"LITTLE SKATE",1998,"MAB",0.953636227434016,232,32
"LITTLE SKATE",1999,"GB",0.950897982518752,112,33
"LITTLE SKATE",1999,"GOM",0.963138816347722,9,33
"LITTLE SKATE",1999,"MAB",0.985272137410429,186,32
"LITTLE SKATE",2000,"GB",0.943315270552149,187,33
"LITTLE SKATE",2000,"GOM",0.852013556541389,18,33
"LITTLE SKATE",2000,"MAB",0.939833344336937,174,32
"LITTLE SKATE",2000,"SS",0.92357997302802,3,10
"LITTLE SKATE",2001,"GB",0.915472490419054,182,33
"LITTLE SKATE",2001,"GOM",0.900958530224997,30,33
"LITTLE SKATE",2001,"MAB",0.918687869804899,190,32
"LITTLE SKATE",2001,"SS",1.07770971014957,4,10
"LITTLE SKATE",2002,"GB",0.943068584093819,135,33
"LITTLE SKATE",2002,"GOM",0.892857372176515,13,33
"LITTLE SKATE",2002,"MAB",0.924583282422041,169,32
"LITTLE SKATE",2003,"GB",0.950225969566998,138,33
"LITTLE SKATE",2003,"GOM",0.88312826290785,18,33
"LITTLE SKATE",2003,"MAB",0.961234049205198,217,32
"LITTLE SKATE",2004,"GB",0.913444256930904,100,33
"LITTLE SKATE",2004,"GOM",0.925553019733791,10,33
"LITTLE SKATE",2004,"MAB",0.939080003266019,41,32
"LITTLE SKATE",2004,"SS",1.01849890814271,5,10
"LITTLE SKATE",2005,"GB",0.936271965782727,82,33
"LITTLE SKATE",2005,"GOM",0.952436255361966,16,33
"LITTLE SKATE",2005,"MAB",0.932785067342282,143,32
"LITTLE SKATE",2006,"GB",0.939023914815046,133,33
"LITTLE SKATE",2006,"GOM",1.06548915636473,17,33
"LITTLE SKATE",2006,"MAB",0.965748372889766,123,32
"LITTLE SKATE",2007,"GB",0.943378948324595,109,33
"LITTLE SKATE",2007,"GOM",0.942491713739862,6,33
"LITTLE SKATE",2007,"MAB",0.920560213733489,81,32
"LITTLE SKATE",2007,"SS",1.03637021701692,13,10
"LITTLE SKATE",2008,"GB",0.984964146706366,91,33
"LITTLE SKATE",2008,"GOM",0.92960504122825,13,33
"LITTLE SKATE",2008,"MAB",0.930337382343702,100,32
"LITTLE SKATE",2009,"GB",0.929361140387472,185,33
"LITTLE SKATE",2009,"GOM",0.978047585020153,17,33
"LITTLE SKATE",2009,"MAB",0.954464087707904,208,32
"LITTLE SKATE",2010,"GB",0.901950461675259,185,33
"LITTLE SKATE",2010,"GOM",0.957313606268861,20,33
"LITTLE SKATE",2010,"MAB",0.985500801235236,197,32
"LITTLE SKATE",2011,"GB",0.896350692164861,194,33
"LITTLE SKATE",2011,"GOM",0.911360993225232,30,33
"LITTLE SKATE",2011,"MAB",0.962180685891682,253,32
"LITTLE SKATE",2011,"SS",1.11142360459292,5,10
"LITTLE SKATE",2012,"GB",0.936708363682491,177,33
"LITTLE SKATE",2012,"GOM",0.931463494203734,85,33
"LITTLE SKATE",2012,"MAB",0.922062184106761,174,32
"LITTLE SKATE",2013,"GB",0.951787362277629,118,33
"LITTLE SKATE",2013,"GOM",0.963322647967059,50,33
"LITTLE SKATE",2013,"MAB",0.948046531610384,137,32
"LITTLE SKATE",2014,"GB",0.963745436750939,204,33
"LITTLE SKATE",2014,"GOM",0.963047552776506,77,33
"LITTLE SKATE",2014,"MAB",0.952275679811557,218,32
"LITTLE SKATE",2015,"GB",0.986050929337081,212,33
"LITTLE SKATE",2015,"GOM",0.964428587771821,59,33
"LITTLE SKATE",2015,"MAB",1.00280202532983,211,32
"LITTLE SKATE",2016,"GB",0.950470864448383,224,33
"LITTLE SKATE",2016,"GOM",0.95648269240874,55,33
"LITTLE SKATE",2016,"MAB",1.03143133030964,210,32
"LITTLE SKATE",2016,"SS",0.997965374592412,3,10
"LITTLE SKATE",2017,"GB",0.938867321330943,82,33
"LITTLE SKATE",2017,"GOM",0.925581479325191,25,33
"LITTLE SKATE",2018,"GB",0.933968004731385,154,33
"LITTLE SKATE",2018,"GOM",0.949796770041316,46,33
"LITTLE SKATE",2018,"MAB",0.964470645431334,154,32
"LITTLE SKATE",2019,"GB",0.942016548793317,157,33
"LITTLE SKATE",2019,"GOM",0.958632353553495,67,33
"LITTLE SKATE",2019,"MAB",0.980964776158684,142,32
"LITTLE SKATE",2021,"GB",0.985113398774911,159,33
"LITTLE SKATE",2021,"GOM",0.971071682271884,21,33
"LITTLE SKATE",2021,"MAB",0.948710508956147,100,32
"LITTLE SKATE",2022,"GB",0.957696712931544,122,33
"LITTLE SKATE",2022,"GOM",0.945654117444748,59,33
"LITTLE SKATE",2022,"MAB",0.952004739537387,145,32
"LITTLE SKATE",2023,"GB",0.975310472808274,149,33
"LITTLE SKATE",2023,"GOM",0.986407510009085,41,33
"LITTLE SKATE",2023,"MAB",0.97931546265681,127,32
"LITTLE SKATE",2024,"GB",0.902868404959205,200,33
"LITTLE SKATE",2024,"GOM",0.933928302854885,73,33
"LITTLE SKATE",2024,"MAB",0.969968544446515,147,32
"LITTLE SKATE",2024,"SS",0.996978144365996,5,10
"LITTLE SKATE",2025,"GB",0.952896979676903,73,33
"LITTLE SKATE",2025,"GOM",0.919886287277769,44,33
"LITTLE SKATE",2025,"MAB",0.96282643864437,115,32
"LOGGERHEAD SEATURTLE",2012,"MAB",0.942810086660427,3,3
"LOGGERHEAD SEATURTLE",2013,"MAB",1.14054337113855,5,3
"LOGGERHEAD SEATURTLE",2019,"MAB",1.10516265898911,4,3
"LONGFIN HAKE",2001,"GB",0.974354685682409,8,1
"LONGFIN SQUID",2009,"GB",1.12372848055518,57,7
"LONGFIN SQUID",2009,"GOM",1.03049249460206,3,6
"LONGFIN SQUID",2009,"MAB",1.05348215269135,484,8
"LONGFIN SQUID",2009,NA,0.901134600670868,46,8
"LONGFIN SQUID",2010,"GB",1.05662545945328,158,7
"LONGFIN SQUID",2010,"MAB",1.04286437670615,1165,8
"LONGFIN SQUID",2010,NA,1.09321927933898,81,8
"LONGFIN SQUID",2012,"MAB",0.94001343567674,286,8
"LONGFIN SQUID",2012,NA,0.892344034480985,28,8
"LONGFIN SQUID",2014,"GB",1.31998780639051,146,7
"LONGFIN SQUID",2014,"GOM",1.30914183396318,69,6
"LONGFIN SQUID",2014,"MAB",1.0619704600515,755,8
"LONGFIN SQUID",2014,NA,0.872942300351836,58,8
"LONGFIN SQUID",2015,"GB",1.19070994645248,294,7
"LONGFIN SQUID",2015,"GOM",1.15673931639839,136,6
"LONGFIN SQUID",2015,"MAB",1.10254480546048,1097,8
"LONGFIN SQUID",2015,NA,0.925107079973172,96,8
"LONGFIN SQUID",2023,"GB",1.18978237070344,352,7
"LONGFIN SQUID",2023,"GOM",1.21317884660624,106,6
"LONGFIN SQUID",2023,"MAB",1.11588143324278,2716,8
"LONGFIN SQUID",2023,NA,0.88056770666033,125,8
"LONGFIN SQUID",2024,"GB",1.13512213000289,505,7
"LONGFIN SQUID",2024,"GOM",1.14086843515025,254,6
"LONGFIN SQUID",2024,"MAB",1.11772325278436,2448,8
"LONGFIN SQUID",2024,"SS",1.11291565316782,3,1
"LONGFIN SQUID",2024,NA,0.94098240070204,138,8
"LONGFIN SQUID",2025,"GB",1.14060293676198,138,7
"LONGFIN SQUID",2025,"GOM",1.09212729409341,84,6
"LONGFIN SQUID",2025,"MAB",1.11054863935638,2091,8
"LONGFIN SQUID",2025,NA,0.991800906130848,207,8
"LONGHORN SCULPIN",1992,"GB",1.00729163311631,84,31
"LONGHORN SCULPIN",1992,"GOM",1.05826295007007,108,31
"LONGHORN SCULPIN",1992,"MAB",0.97429827272343,9,24
"LONGHORN SCULPIN",1992,"SS",1.03713545489013,31,28
"LONGHORN SCULPIN",1993,"GB",1.01456238023861,153,31
"LONGHORN SCULPIN",1993,"GOM",1.0073856173551,123,31
"LONGHORN SCULPIN",1993,"MAB",0.997816934161544,8,24
"LONGHORN SCULPIN",1993,"SS",0.944932656777169,7,28
"LONGHORN SCULPIN",1994,"GB",1.04327088612228,157,31
"LONGHORN SCULPIN",1994,"GOM",1.00715950376429,95,31
"LONGHORN SCULPIN",1994,"MAB",1.09970230228018,8,24
"LONGHORN SCULPIN",1994,"SS",1.06962237284284,38,28
"LONGHORN SCULPIN",1995,"GB",1.03415693646272,137,31
"LONGHORN SCULPIN",1995,"GOM",0.943228565122668,85,31
"LONGHORN SCULPIN",1995,"MAB",1.01371169272572,15,24
"LONGHORN SCULPIN",1995,"SS",0.986015729812944,29,28
"LONGHORN SCULPIN",1996,"GB",1.04908648016253,171,31
"LONGHORN SCULPIN",1996,"GOM",1.00055436623001,62,31
"LONGHORN SCULPIN",1996,"MAB",1.10217290267153,11,24
"LONGHORN SCULPIN",1996,"SS",0.980409326243973,35,28
"LONGHORN SCULPIN",1997,"GB",1.05228486574505,130,31
"LONGHORN SCULPIN",1997,"GOM",1.01621973283643,52,31
"LONGHORN SCULPIN",1997,"SS",0.989487693855066,11,28
"LONGHORN SCULPIN",1999,"GB",1.08749640933194,56,31
"LONGHORN SCULPIN",1999,"GOM",1.01368630223187,42,31
"LONGHORN SCULPIN",1999,"MAB",0.99065435834005,6,24
"LONGHORN SCULPIN",2000,"GB",1.0008158456064,91,31
"LONGHORN SCULPIN",2000,"GOM",0.9510587712745,35,31
"LONGHORN SCULPIN",2000,"MAB",0.952792353291468,5,24
"LONGHORN SCULPIN",2000,"SS",0.938564709096454,10,28
"LONGHORN SCULPIN",2001,"GB",1.01919296255521,69,31
"LONGHORN SCULPIN",2001,"GOM",0.907604816192519,44,31
"LONGHORN SCULPIN",2001,"MAB",1.03572151837401,8,24
"LONGHORN SCULPIN",2001,"SS",0.939141071941561,23,28
"LONGHORN SCULPIN",2002,"GB",1.01557431510482,68,31
"LONGHORN SCULPIN",2002,"GOM",0.976168528379604,43,31
"LONGHORN SCULPIN",2002,"MAB",0.939938343967827,9,24
"LONGHORN SCULPIN",2002,"SS",0.897190668080592,22,28
"LONGHORN SCULPIN",2003,"GB",1.0309677763177,56,31
"LONGHORN SCULPIN",2003,"GOM",0.92342568836139,36,31
"LONGHORN SCULPIN",2003,"SS",0.961791957264049,16,28
"LONGHORN SCULPIN",2004,"GB",0.968717127815033,76,31
"LONGHORN SCULPIN",2004,"GOM",1.02265485605298,25,31
"LONGHORN SCULPIN",2004,"MAB",1.03232359985278,8,24
"LONGHORN SCULPIN",2004,"SS",0.966683016677921,19,28
"LONGHORN SCULPIN",2005,"GB",0.986569792249575,66,31
"LONGHORN SCULPIN",2005,"GOM",0.985806488709991,43,31
"LONGHORN SCULPIN",2005,"MAB",0.980163244691404,14,24
"LONGHORN SCULPIN",2005,"SS",0.974428158349263,18,28
"LONGHORN SCULPIN",2006,"GB",1.0320521649363,84,31
"LONGHORN SCULPIN",2006,"GOM",0.935029664768171,28,31
"LONGHORN SCULPIN",2006,"MAB",0.992173622698836,11,24
"LONGHORN SCULPIN",2006,"SS",0.970615160257884,13,28
"LONGHORN SCULPIN",2007,"GB",1.04522896515813,94,31
"LONGHORN SCULPIN",2007,"GOM",0.973996445749865,27,31
"LONGHORN SCULPIN",2007,"MAB",1.00715231511295,5,24
"LONGHORN SCULPIN",2007,"SS",1.01014565551592,23,28
"LONGHORN SCULPIN",2008,"GB",1.07276590665049,89,31
"LONGHORN SCULPIN",2008,"GOM",0.971412545314483,42,31
"LONGHORN SCULPIN",2008,"MAB",0.95647041935266,19,24
"LONGHORN SCULPIN",2008,"SS",1.0484151097793,17,28
"LONGHORN SCULPIN",2009,"GB",0.998989240780486,86,31
"LONGHORN SCULPIN",2009,"GOM",1.08768712788948,36,31
"LONGHORN SCULPIN",2009,"MAB",0.981589310042603,8,24
"LONGHORN SCULPIN",2009,"SS",1.01275173526992,12,28
"LONGHORN SCULPIN",2010,"GB",0.971730344494557,41,31
"LONGHORN SCULPIN",2010,"GOM",1.09367680432301,25,31
"LONGHORN SCULPIN",2010,"MAB",0.993208448319777,7,24
"LONGHORN SCULPIN",2010,"SS",1.04099502913579,15,28
"LONGHORN SCULPIN",2011,"GB",1.0269549888891,64,31
"LONGHORN SCULPIN",2011,"GOM",0.99725239411345,50,31
"LONGHORN SCULPIN",2011,"MAB",1.02101975095234,11,24
"LONGHORN SCULPIN",2011,"SS",0.976045582929741,19,28
"LONGHORN SCULPIN",2012,"GB",1.00252450379745,38,31
"LONGHORN SCULPIN",2012,"GOM",1.03825089863596,67,31
"LONGHORN SCULPIN",2012,"MAB",0.936459151283857,3,24
"LONGHORN SCULPIN",2012,"SS",0.923178171388614,13,28
"LONGHORN SCULPIN",2013,"GB",1.03338778079056,74,31
"LONGHORN SCULPIN",2013,"GOM",1.0141011547993,76,31
"LONGHORN SCULPIN",2013,"MAB",0.99119964928041,4,24
"LONGHORN SCULPIN",2013,"SS",1.11150116786163,14,28
"LONGHORN SCULPIN",2014,"GB",1.01855786318219,37,31
"LONGHORN SCULPIN",2014,"GOM",1.06192273951287,45,31
"LONGHORN SCULPIN",2014,"MAB",1.07108898184029,3,24
"LONGHORN SCULPIN",2014,"SS",1.02326137673298,13,28
"LONGHORN SCULPIN",2015,"GB",1.08223785107114,38,31
"LONGHORN SCULPIN",2015,"GOM",1.03526910931853,48,31
"LONGHORN SCULPIN",2015,"SS",1.02149561245162,9,28
"LONGHORN SCULPIN",2016,"GB",1.04969119706913,27,31
"LONGHORN SCULPIN",2016,"GOM",1.03410211559484,32,31
"LONGHORN SCULPIN",2016,"MAB",1.07865354379964,4,24
"LONGHORN SCULPIN",2016,"SS",0.94435011131264,9,28
"LONGHORN SCULPIN",2018,"GB",1.04441187538933,38,31
"LONGHORN SCULPIN",2018,"GOM",1.02507072518515,29,31
"LONGHORN SCULPIN",2018,"MAB",0.972672820574743,3,24
"LONGHORN SCULPIN",2019,"GB",1.03039417812271,45,31
"LONGHORN SCULPIN",2019,"GOM",1.01303494123542,38,31
"LONGHORN SCULPIN",2019,"MAB",0.971046885892568,5,24
"LONGHORN SCULPIN",2019,"SS",1.01959702298666,7,28
"LONGHORN SCULPIN",2021,"GB",1.03150781619262,29,31
"LONGHORN SCULPIN",2021,"GOM",1.04516088100041,20,31
"LONGHORN SCULPIN",2021,"SS",1.05696660096274,3,28
"LONGHORN SCULPIN",2022,"GB",1.03720616402335,40,31
"LONGHORN SCULPIN",2022,"GOM",1.08228347495275,31,31
"LONGHORN SCULPIN",2022,"MAB",1.00263056488415,4,24
"LONGHORN SCULPIN",2023,"GB",1.02716703292616,36,31
"LONGHORN SCULPIN",2023,"GOM",0.993200187566383,21,31
"LONGHORN SCULPIN",2023,"SS",0.963857755070727,4,28
"LONGHORN SCULPIN",2024,"GB",0.971508507840975,61,31
"LONGHORN SCULPIN",2024,"GOM",1.00107991129174,41,31
"LONGHORN SCULPIN",2024,"SS",0.960551124129018,6,28
"LONGHORN SCULPIN",2025,"GB",1.05347244009217,22,31
"LONGHORN SCULPIN",2025,"GOM",1.01136212880368,36,31
"LONGHORN SCULPIN",2025,"SS",1.06023122458404,4,28
"NORTHERN KINGFISH",1992,"MAB",0.892413758424723,6,20
"NORTHERN KINGFISH",2005,"MAB",0.965411027393044,3,20
"NORTHERN KINGFISH",2006,"MAB",0.989644915613938,17,20
"NORTHERN KINGFISH",2007,"MAB",1.00233503691793,34,20
"NORTHERN KINGFISH",2008,"MAB",1.01103261643685,6,20
"NORTHERN KINGFISH",2009,"MAB",1.03502118452338,24,20
"NORTHERN KINGFISH",2010,"MAB",1.09002719779361,17,20
"NORTHERN KINGFISH",2011,"MAB",1.03193493396099,36,20
"NORTHERN KINGFISH",2012,"MAB",0.97730554286,24,20
"NORTHERN KINGFISH",2013,"MAB",1.01259140650734,7,20
"NORTHERN KINGFISH",2014,"MAB",1.01127078980491,14,20
"NORTHERN KINGFISH",2015,"MAB",1.03244941345231,27,20
"NORTHERN KINGFISH",2016,"MAB",1.01953023744843,51,20
"NORTHERN KINGFISH",2018,"MAB",1.00607238640389,41,20
"NORTHERN KINGFISH",2019,"MAB",1.04317442593296,29,20
"NORTHERN KINGFISH",2021,"GB",0.883556544141229,4,1
"NORTHERN KINGFISH",2021,"MAB",0.962543808524719,15,20
"NORTHERN KINGFISH",2022,"MAB",1.00778281500291,25,20
"NORTHERN KINGFISH",2023,"MAB",2.5193377748823,26,20
"NORTHERN KINGFISH",2024,"MAB",0.993681012790458,12,20
"NORTHERN KINGFISH",2025,"MAB",0.989194932756807,16,20
"NORTHERN SEAROBIN",2002,"MAB",1.00154886426185,79,20
"NORTHERN SEAROBIN",2005,"GB",0.958506951506399,8,19
"NORTHERN SEAROBIN",2005,"MAB",1.00255655286201,74,20
"NORTHERN SEAROBIN",2006,"GB",1.24014152096092,5,19
"NORTHERN SEAROBIN",2006,"GOM",1.0163470758251,5,14
"NORTHERN SEAROBIN",2006,"MAB",0.999809154033876,118,20
"NORTHERN SEAROBIN",2006,NA,0.948782526077454,7,14
"NORTHERN SEAROBIN",2007,"GB",1.10675474220622,5,19
"NORTHERN SEAROBIN",2007,"MAB",0.96693138803976,85,20
"NORTHERN SEAROBIN",2007,NA,0.928116910713967,5,14
"NORTHERN SEAROBIN",2008,"GB",1.02619454213365,5,19
"NORTHERN SEAROBIN",2008,"MAB",1.00519424036039,76,20
"NORTHERN SEAROBIN",2008,NA,0.998434432346112,3,14
"NORTHERN SEAROBIN",2009,"GB",1.21019309759852,11,19
"NORTHERN SEAROBIN",2009,"MAB",1.02409648546258,117,20
"NORTHERN SEAROBIN",2009,NA,0.984129868158607,8,14
"NORTHERN SEAROBIN",2010,"GB",1.1278494583279,14,19
"NORTHERN SEAROBIN",2010,"MAB",1.02118579613161,118,20
"NORTHERN SEAROBIN",2010,NA,0.939150104494473,10,14
"NORTHERN SEAROBIN",2011,"GB",1.08039344181879,13,19
"NORTHERN SEAROBIN",2011,"GOM",0.997443511348076,10,14
"NORTHERN SEAROBIN",2011,"MAB",1.05912271189556,102,20
"NORTHERN SEAROBIN",2011,NA,1.16277234517181,5,14
"NORTHERN SEAROBIN",2012,"GB",1.07705990594666,20,19
"NORTHERN SEAROBIN",2012,"GOM",1.01528736513349,15,14
"NORTHERN SEAROBIN",2012,"MAB",1.04502421514181,112,20
"NORTHERN SEAROBIN",2012,NA,1.17870951106644,4,14
"NORTHERN SEAROBIN",2013,"GB",1.20110952070947,39,19
"NORTHERN SEAROBIN",2013,"GOM",1.10729922358716,15,14
"NORTHERN SEAROBIN",2013,"MAB",1.01926224248455,106,20
"NORTHERN SEAROBIN",2013,NA,1.05879484052968,3,14
"NORTHERN SEAROBIN",2014,"GB",1.20092649032797,16,19
"NORTHERN SEAROBIN",2014,"GOM",1.06160505719991,5,14
"NORTHERN SEAROBIN",2014,"MAB",1.03184246255968,111,20
"NORTHERN SEAROBIN",2015,"GB",1.22546578111831,35,19
"NORTHERN SEAROBIN",2015,"GOM",1.19228986132691,12,14
"NORTHERN SEAROBIN",2015,"MAB",1.07088640160821,119,20
"NORTHERN SEAROBIN",2015,NA,0.88102443111811,5,14
"NORTHERN SEAROBIN",2016,"GB",1.27486979140323,45,19
"NORTHERN SEAROBIN",2016,"GOM",1.09644193634951,28,14
"NORTHERN SEAROBIN",2016,"MAB",1.08004005389528,105,20
"NORTHERN SEAROBIN",2016,NA,1.0437019837278,5,14
"NORTHERN SEAROBIN",2018,"GB",1.21015783499448,30,19
"NORTHERN SEAROBIN",2018,"GOM",1.21770951600089,13,14
"NORTHERN SEAROBIN",2018,"MAB",1.12352428634465,96,20
"NORTHERN SEAROBIN",2019,"GB",1.28476212343633,63,19
"NORTHERN SEAROBIN",2019,"GOM",1.05211984190295,11,14
"NORTHERN SEAROBIN",2019,"MAB",1.07754153546694,169,20
"NORTHERN SEAROBIN",2019,NA,0.844526093780128,4,14
"NORTHERN SEAROBIN",2021,"GB",1.35623470483153,43,19
"NORTHERN SEAROBIN",2021,"GOM",1.07241117345459,9,14
"NORTHERN SEAROBIN",2021,"MAB",1.09544253789169,116,20
"NORTHERN SEAROBIN",2021,NA,0.896546313265399,4,14
"NORTHERN SEAROBIN",2022,"GB",1.32525207192726,48,19
"NORTHERN SEAROBIN",2022,"GOM",1.18202401018165,8,14
"NORTHERN SEAROBIN",2022,"MAB",1.11231656926,163,20
"NORTHERN SEAROBIN",2022,NA,1.00790332295606,5,14
"NORTHERN SEAROBIN",2023,"GB",1.20667281874031,79,19
"NORTHERN SEAROBIN",2023,"GOM",1.12786172065865,8,14
"NORTHERN SEAROBIN",2023,"MAB",1.10032817415062,162,20
"NORTHERN SEAROBIN",2024,"GB",1.157354471023,84,19
"NORTHERN SEAROBIN",2024,"GOM",1.16505426296521,18,14
"NORTHERN SEAROBIN",2024,"MAB",1.06079958741466,147,20
"NORTHERN SEAROBIN",2025,"GB",1.29583784718132,29,19
"NORTHERN SEAROBIN",2025,"GOM",1.10884193184792,9,14
"NORTHERN SEAROBIN",2025,"MAB",1.11180019327357,138,20
"NORTHERN SEAROBIN",2025,NA,0.956839864059107,8,14
"NORTHERN SHORTFIN SQUID",2005,"GB",0.88852470509545,29,13
"NORTHERN SHORTFIN SQUID",2005,"GOM",0.990260903135995,35,13
"NORTHERN SHORTFIN SQUID",2005,"MAB",0.92614387857712,418,14
"NORTHERN SHORTFIN SQUID",2005,NA,0.783389292752904,4,13
"NORTHERN SHORTFIN SQUID",2006,"GB",0.959988097345899,513,13
"NORTHERN SHORTFIN SQUID",2006,"GOM",1.03429191144836,27,13
"NORTHERN SHORTFIN SQUID",2006,"MAB",0.884229553454554,1106,14
"NORTHERN SHORTFIN SQUID",2006,NA,0.901056794072065,109,13
"NORTHERN SHORTFIN SQUID",2007,"GB",0.951098371526223,254,13
"NORTHERN SHORTFIN SQUID",2007,"GOM",0.981146956920951,131,13
"NORTHERN SHORTFIN SQUID",2007,"MAB",0.958779442893976,52,14
"NORTHERN SHORTFIN SQUID",2007,"SS",0.961775314738582,63,8
"NORTHERN SHORTFIN SQUID",2008,"GB",0.931335203255691,66,13
"NORTHERN SHORTFIN SQUID",2008,"GOM",0.946819920729768,28,13
"NORTHERN SHORTFIN SQUID",2008,"MAB",0.841597069039253,259,14
"NORTHERN SHORTFIN SQUID",2008,NA,0.874304212281599,76,13
"NORTHERN SHORTFIN SQUID",2009,"GB",1.12138476958052,67,13
"NORTHERN SHORTFIN SQUID",2009,"GOM",0.970650924214561,93,13
"NORTHERN SHORTFIN SQUID",2009,"MAB",0.901854716128606,151,14
"NORTHERN SHORTFIN SQUID",2009,"SS",1.2921059432959,7,8
"NORTHERN SHORTFIN SQUID",2009,NA,0.905635946817175,114,13
"NORTHERN SHORTFIN SQUID",2010,"GB",0.863864384670843,78,13
"NORTHERN SHORTFIN SQUID",2010,"GOM",1.00057261967479,17,13
"NORTHERN SHORTFIN SQUID",2010,"MAB",0.849040097056232,392,14
"NORTHERN SHORTFIN SQUID",2010,NA,0.944515106702108,88,13
"NORTHERN SHORTFIN SQUID",2012,"MAB",0.879589034227451,63,14
"NORTHERN SHORTFIN SQUID",2012,NA,0.983326117046709,8,13
"NORTHERN SHORTFIN SQUID",2014,"GB",1.17973847812754,180,13
"NORTHERN SHORTFIN SQUID",2014,"GOM",1.06809805594658,147,13
"NORTHERN SHORTFIN SQUID",2014,"MAB",0.964024267045827,322,14
"NORTHERN SHORTFIN SQUID",2014,"SS",1.08062136096823,5,8
"NORTHERN SHORTFIN SQUID",2014,NA,0.942558042452957,34,13
"NORTHERN SHORTFIN SQUID",2015,"GB",1.41948387471336,62,13
"NORTHERN SHORTFIN SQUID",2015,"GOM",1.16679131796227,81,13
"NORTHERN SHORTFIN SQUID",2015,"MAB",1.11820107289064,241,14
"NORTHERN SHORTFIN SQUID",2015,"SS",1.08645564756007,31,8
"NORTHERN SHORTFIN SQUID",2015,NA,0.924483660709741,40,13
"NORTHERN SHORTFIN SQUID",2021,"GB",1.01136358466893,226,13
"NORTHERN SHORTFIN SQUID",2021,"GOM",1.17259359689888,109,13
"NORTHERN SHORTFIN SQUID",2021,"MAB",0.958272123017864,447,14
"NORTHERN SHORTFIN SQUID",2021,"SS",0.945324421258365,11,8
"NORTHERN SHORTFIN SQUID",2021,NA,1.03362723350006,51,13
"NORTHERN SHORTFIN SQUID",2022,"GB",1.01644775193042,137,13
"NORTHERN SHORTFIN SQUID",2022,"GOM",1.05209296649886,149,13
"NORTHERN SHORTFIN SQUID",2022,"MAB",0.974991314846274,363,14
"NORTHERN SHORTFIN SQUID",2022,"SS",1.09992773032549,20,8
"NORTHERN SHORTFIN SQUID",2022,NA,1.04121847457822,44,13
"NORTHERN SHORTFIN SQUID",2023,"GB",1.05386308571064,96,13
"NORTHERN SHORTFIN SQUID",2023,"GOM",1.16162955829478,33,13
"NORTHERN SHORTFIN SQUID",2023,"MAB",1.05473993694442,665,14
"NORTHERN SHORTFIN SQUID",2023,"SS",0.930451068741106,9,8
"NORTHERN SHORTFIN SQUID",2023,NA,0.974953798702571,76,13
"NORTHERN SHORTFIN SQUID",2024,"GB",0.984778918803026,120,13
"NORTHERN SHORTFIN SQUID",2024,"GOM",1.11724836174109,18,13
"NORTHERN SHORTFIN SQUID",2024,"MAB",1.04700651191253,557,14
"NORTHERN SHORTFIN SQUID",2024,"SS",1.06669922917502,14,8
"NORTHERN SHORTFIN SQUID",2024,NA,1.0543604034182,52,13
"NORTHERN SHORTFIN SQUID",2025,"GB",0.934662734080937,153,13
"NORTHERN SHORTFIN SQUID",2025,"GOM",1.00158417163282,85,13
"NORTHERN SHORTFIN SQUID",2025,"MAB",0.956225236706957,738,14
"NORTHERN SHORTFIN SQUID",2025,NA,0.863965697856698,73,13
"OCEAN POUT",1992,"GB",0.908492292609055,32,32
"OCEAN POUT",1992,"GOM",1.06443541542519,35,32
"OCEAN POUT",1992,"MAB",1.09500734485098,10,27
"OCEAN POUT",1992,"SS",1.0785417606218,10,28
"OCEAN POUT",1993,"GB",0.892508721913012,31,32
"OCEAN POUT",1993,"GOM",0.993284192683772,85,32
"OCEAN POUT",1993,"MAB",0.94227215345102,5,27
"OCEAN POUT",1993,"SS",1.09291490523784,4,28
"OCEAN POUT",1994,"GB",0.920493866015085,11,32
"OCEAN POUT",1994,"GOM",0.963096852265884,54,32
"OCEAN POUT",1994,"MAB",1.05214600053198,14,27
"OCEAN POUT",1994,"SS",0.949768628227647,3,28
"OCEAN POUT",1995,"GB",0.967802822867689,28,32
"OCEAN POUT",1995,"GOM",0.927921493764521,34,32
"OCEAN POUT",1995,"MAB",0.902648592265234,10,27
"OCEAN POUT",1995,"SS",0.99220208182765,6,28
"OCEAN POUT",1996,"GB",0.918952830240804,23,32
"OCEAN POUT",1996,"GOM",0.94559104255709,29,32
"OCEAN POUT",1996,"MAB",0.947749064888583,4,27
"OCEAN POUT",1996,"SS",1.05507666761654,4,28
"OCEAN POUT",1997,"GB",0.919995018967545,29,32
"OCEAN POUT",1997,"GOM",0.927029728063087,15,32
"OCEAN POUT",1997,"MAB",0.964923316604503,12,27
"OCEAN POUT",1997,"SS",0.903472351698734,3,28
"OCEAN POUT",1998,"GB",0.910896515345153,58,32
"OCEAN POUT",1998,"GOM",1.00045729428855,37,32
"OCEAN POUT",1998,"MAB",0.902056438182656,8,27
"OCEAN POUT",1999,"GB",0.908934589866575,19,32
"OCEAN POUT",1999,"GOM",1.02481516217923,16,32
"OCEAN POUT",1999,"MAB",0.955199821588796,13,27
"OCEAN POUT",1999,"SS",1.10745096345166,9,28
"OCEAN POUT",2000,"GB",0.875437670268143,57,32
"OCEAN POUT",2000,"GOM",1.02350675055522,14,32
"OCEAN POUT",2000,"SS",1.0015626214148,5,28
"OCEAN POUT",2001,"GB",0.903246274452287,19,32
"OCEAN POUT",2001,"GOM",0.935924998402615,22,32
"OCEAN POUT",2001,"SS",1.01762529513899,15,28
"OCEAN POUT",2002,"GB",0.884445230730613,23,32
"OCEAN POUT",2002,"GOM",0.896696524542726,8,32
"OCEAN POUT",2002,"MAB",0.916642302265673,3,27
"OCEAN POUT",2003,"GB",0.95774179701631,21,32
"OCEAN POUT",2003,"GOM",0.993084946672676,6,32
"OCEAN POUT",2003,"MAB",1.10929048685501,20,27
"OCEAN POUT",2003,"SS",1.02499705809951,5,28
"OCEAN POUT",2004,"GB",0.97072945436523,9,32
"OCEAN POUT",2004,"GOM",0.988419020282132,14,32
"OCEAN POUT",2004,"MAB",1.11360015430498,3,27
"OCEAN POUT",2004,"SS",1.05364372887801,8,28
"OCEAN POUT",2005,"GB",0.946832878530056,19,32
"OCEAN POUT",2005,"GOM",1.11279140594695,9,32
"OCEAN POUT",2005,"MAB",1.05417141858259,26,27
"OCEAN POUT",2005,"SS",0.997175063339078,4,28
"OCEAN POUT",2006,"GB",0.936529448406068,14,32
"OCEAN POUT",2006,"GOM",0.981206948236801,9,32
"OCEAN POUT",2006,"MAB",0.925700481869716,6,27
"OCEAN POUT",2006,"SS",1.03798040836617,14,28
"OCEAN POUT",2007,"GB",0.968097186603386,43,32
"OCEAN POUT",2007,"GOM",1.02039764841133,10,32
"OCEAN POUT",2008,"GB",0.927543204698014,44,32
"OCEAN POUT",2008,"GOM",1.02347002147522,19,32
"OCEAN POUT",2008,"MAB",1.06869517885602,3,27
"OCEAN POUT",2008,"SS",1.04358561895694,11,28
"OCEAN POUT",2009,"GB",0.920623280309295,56,32
"OCEAN POUT",2009,"GOM",1.1151658772667,24,32
"OCEAN POUT",2009,"MAB",0.979675683949674,13,27
"OCEAN POUT",2009,"SS",1.02054362127643,12,28
"OCEAN POUT",2010,"GB",0.921255516532847,20,32
"OCEAN POUT",2010,"GOM",1.12947520585581,15,32
"OCEAN POUT",2010,"MAB",1.05913197982145,16,27
"OCEAN POUT",2010,"SS",1.09094703534255,5,28
"OCEAN POUT",2011,"GB",0.928123653930616,63,32
"OCEAN POUT",2011,"GOM",1.07697723588122,45,32
"OCEAN POUT",2011,"MAB",1.01430701554849,23,27
"OCEAN POUT",2011,"SS",1.04776910106389,6,28
"OCEAN POUT",2012,"GB",0.955544687635762,29,32
"OCEAN POUT",2012,"GOM",1.01526097143186,55,32
"OCEAN POUT",2012,"MAB",1.05446887930495,25,27
"OCEAN POUT",2012,"SS",1.07105968630264,16,28
"OCEAN POUT",2013,"GB",0.949348031469269,38,32
"OCEAN POUT",2013,"GOM",1.01036479111951,34,32
"OCEAN POUT",2013,"MAB",1.11001089894796,8,27
"OCEAN POUT",2013,"SS",1.0609044955696,4,28
"OCEAN POUT",2014,"GB",1.00081222003241,38,32
"OCEAN POUT",2014,"GOM",1.03441662854583,58,32
"OCEAN POUT",2014,"MAB",1.12447585936786,19,27
"OCEAN POUT",2014,"SS",0.991742528084302,15,28
"OCEAN POUT",2015,"GB",0.981288084371717,47,32
"OCEAN POUT",2015,"GOM",0.994702651256351,73,32
"OCEAN POUT",2015,"MAB",1.11035101030721,12,27
"OCEAN POUT",2015,"SS",1.12520736635529,19,28
"OCEAN POUT",2016,"GB",0.998297914599139,25,32
"OCEAN POUT",2016,"GOM",0.972202386317998,43,32
"OCEAN POUT",2016,"MAB",1.26037578021435,5,27
"OCEAN POUT",2016,"SS",1.04539702619253,9,28
"OCEAN POUT",2018,"GB",1.01984472191948,32,32
"OCEAN POUT",2018,"GOM",1.03479837484581,51,32
"OCEAN POUT",2018,"MAB",1.25800318335377,11,27
"OCEAN POUT",2019,"GB",0.989900778090456,40,32
"OCEAN POUT",2019,"GOM",0.972733634655819,30,32
"OCEAN POUT",2019,"MAB",1.1295779719975,16,27
"OCEAN POUT",2019,"SS",0.995298879269608,4,28
"OCEAN POUT",2021,"GB",0.987244500222307,42,32
"OCEAN POUT",2021,"GOM",1.02253983698152,30,32
"OCEAN POUT",2021,"MAB",1.15054416146139,7,27
"OCEAN POUT",2021,"SS",1.15299001237675,4,28
"OCEAN POUT",2022,"GB",0.936303138515059,50,32
"OCEAN POUT",2022,"GOM",0.967750209372221,28,32
"OCEAN POUT",2022,"MAB",0.994444130142421,6,27
"OCEAN POUT",2022,"SS",1.17343334209961,3,28
"OCEAN POUT",2023,"GB",0.987221849702604,29,32
"OCEAN POUT",2023,"GOM",1.00617785365076,16,32
"OCEAN POUT",2023,"SS",1.14840618151675,7,28
"OCEAN POUT",2024,"GB",0.935631705287028,71,32
"OCEAN POUT",2024,"GOM",0.943370048537772,45,32
"OCEAN POUT",2024,"MAB",1.02683656369787,8,27
"OCEAN POUT",2024,"SS",1.05328852875356,6,28
"OCEAN POUT",2025,"GB",0.928354774265842,25,32
"OCEAN POUT",2025,"GOM",0.938446385673412,29,32
"OCEAN POUT",2025,"SS",1.11764968944218,4,28
"OFFSHORE HAKE",1996,"MAB",1.02183980673498,3,28
"OFFSHORE HAKE",1997,"MAB",0.994433809266945,7,28
"OFFSHORE HAKE",1998,"MAB",0.984856794240666,16,28
"OFFSHORE HAKE",1999,"MAB",0.950113749540626,6,28
"OFFSHORE HAKE",2000,"MAB",1.03736313898812,10,28
"OFFSHORE HAKE",2001,"GB",0.925696331017098,7,15
"OFFSHORE HAKE",2001,"MAB",1.07710955950604,39,28
"OFFSHORE HAKE",2001,NA,1.08353293353456,6,15
"OFFSHORE HAKE",2002,"MAB",1.02068889760586,27,28
"OFFSHORE HAKE",2003,"MAB",1.09289856260229,30,28
"OFFSHORE HAKE",2003,NA,1.08979624140511,8,15
"OFFSHORE HAKE",2004,"MAB",1.13141588193705,11,28
"OFFSHORE HAKE",2004,NA,1.05138876237284,5,15
"OFFSHORE HAKE",2005,"MAB",1.00231188130404,8,28
"OFFSHORE HAKE",2006,"MAB",0.954548511013739,15,28
"OFFSHORE HAKE",2007,"GB",1.02858663005641,6,15
"OFFSHORE HAKE",2007,"MAB",1.07379760125805,32,28
"OFFSHORE HAKE",2008,"GB",1.08267341103701,5,15
"OFFSHORE HAKE",2008,"MAB",1.01673833938256,14,28
"OFFSHORE HAKE",2009,"MAB",1.06308505905987,124,28
"OFFSHORE HAKE",2010,"MAB",1.03982147846222,139,28
"OFFSHORE HAKE",2010,NA,1.09695744656626,13,15
"OFFSHORE HAKE",2011,"GB",1.01931740388774,6,15
"OFFSHORE HAKE",2011,"MAB",1.09176325506386,111,28
"OFFSHORE HAKE",2011,NA,1.09260616224868,5,15
"OFFSHORE HAKE",2012,"GB",1.00605746863358,5,15
"OFFSHORE HAKE",2012,"MAB",1.05031726568128,116,28
"OFFSHORE HAKE",2012,NA,1.0305326345847,17,15
"OFFSHORE HAKE",2013,"GB",1.00158335214989,5,15
"OFFSHORE HAKE",2013,"MAB",1.0707919784124,86,28
"OFFSHORE HAKE",2013,NA,1.09778285412552,36,15
"OFFSHORE HAKE",2014,"MAB",1.05283188642485,113,28
"OFFSHORE HAKE",2014,NA,1.05243914829784,16,15
"OFFSHORE HAKE",2015,"GB",1.07018754385824,11,15
"OFFSHORE HAKE",2015,"MAB",1.13521090858526,107,28
"OFFSHORE HAKE",2015,NA,1.1283588464908,16,15
"OFFSHORE HAKE",2016,"GB",1.03187931996356,3,15
"OFFSHORE HAKE",2016,"MAB",1.06448852670546,112,28
"OFFSHORE HAKE",2016,NA,1.00908057993224,13,15
"OFFSHORE HAKE",2018,"GB",0.94010164908911,22,15
"OFFSHORE HAKE",2018,"MAB",0.990831465000079,105,28
"OFFSHORE HAKE",2019,"GB",1.0153555111211,16,15
"OFFSHORE HAKE",2019,"MAB",0.978531188953482,86,28
"OFFSHORE HAKE",2019,NA,1.01382632169785,3,15
"OFFSHORE HAKE",2021,"GB",1.03297911133878,20,15
"OFFSHORE HAKE",2021,"MAB",1.01906326103948,85,28
"OFFSHORE HAKE",2021,NA,0.946258185807919,16,15
"OFFSHORE HAKE",2022,"GB",0.983813816709218,23,15
"OFFSHORE HAKE",2022,"MAB",1.08283956014569,148,28
"OFFSHORE HAKE",2022,NA,1.11196887346566,39,15
"OFFSHORE HAKE",2023,"GB",1.00407198796659,21,15
"OFFSHORE HAKE",2023,"MAB",1.08331819325459,133,28
"OFFSHORE HAKE",2023,NA,1.04281855626521,17,15
"OFFSHORE HAKE",2024,"GB",0.96471010016011,19,15
"OFFSHORE HAKE",2024,"MAB",1.06262023068622,65,28
"OFFSHORE HAKE",2025,"GB",1.11889780763737,7,15
"OFFSHORE HAKE",2025,"MAB",1.09868940429159,75,28
"OFFSHORE HAKE",2025,NA,1.00955316101399,12,15
"POLLOCK",1992,"GB",1.06465328040663,7,29
"POLLOCK",1992,"GOM",1.25294230300468,55,33
"POLLOCK",1992,"SS",1.11706001560575,29,27
"POLLOCK",1993,"GB",1.07129885340837,43,29
"POLLOCK",1993,"GOM",1.12570316736431,41,33
"POLLOCK",1993,"SS",1.08308944827814,5,27
"POLLOCK",1994,"GB",1.14517614737299,48,29
"POLLOCK",1994,"GOM",1.08544321908949,9,33
"POLLOCK",1994,"SS",1.15897826576242,20,27
"POLLOCK",1995,"GB",1.14126772283503,65,29
"POLLOCK",1995,"GOM",1.09111762648827,21,33
"POLLOCK",1995,"SS",1.19267531320252,19,27
"POLLOCK",1996,"GB",1.08666662683474,26,29
"POLLOCK",1996,"GOM",1.07345007752154,72,33
"POLLOCK",1996,"MAB",1.2427053438678,3,5
"POLLOCK",1996,"SS",1.15960603416617,8,27
"POLLOCK",1997,"GB",1.06657934082473,26,29
"POLLOCK",1997,"GOM",1.14861296301415,89,33
"POLLOCK",1997,"MAB",0.999989718239635,6,5
"POLLOCK",1997,"SS",1.16267400059247,17,27
"POLLOCK",1998,"GB",1.09825821758338,58,29
"POLLOCK",1998,"GOM",1.08385564235987,65,33
"POLLOCK",1998,"MAB",1.15638654584441,3,5
"POLLOCK",1998,"SS",1.07375685808484,23,27
"POLLOCK",1999,"GB",1.07086064680332,18,29
"POLLOCK",1999,"GOM",1.13463558325342,178,33
"POLLOCK",1999,"SS",1.16249477973394,31,27
"POLLOCK",2000,"GB",1.12471716076488,15,29
"POLLOCK",2000,"GOM",1.12091469032656,81,33
"POLLOCK",2000,"SS",1.04589157779973,38,27
"POLLOCK",2001,"GB",0.92949525695361,11,29
"POLLOCK",2001,"GOM",1.04084965286806,168,33
"POLLOCK",2001,"SS",1.05238403671256,37,27
"POLLOCK",2002,"GB",1.07291141504056,97,29
"POLLOCK",2002,"GOM",1.03699599123471,75,33
"POLLOCK",2002,"SS",1.17134497556295,25,27
"POLLOCK",2003,"GB",1.1296510474523,19,29
"POLLOCK",2003,"GOM",1.02971397380006,126,33
"POLLOCK",2003,"SS",1.0691741379082,12,27
"POLLOCK",2004,"GB",1.03402678552851,71,29
"POLLOCK",2004,"GOM",1.02890642528574,81,33
"POLLOCK",2004,"SS",1.07775489820889,51,27
"POLLOCK",2005,"GB",1.09111194515277,26,29
"POLLOCK",2005,"GOM",1.02594156475031,154,33
"POLLOCK",2005,"MAB",0.955115543779918,3,5
"POLLOCK",2005,"SS",1.1029261063613,29,27
"POLLOCK",2006,"GOM",1.05740417126497,102,33
"POLLOCK",2006,"SS",1.09766731322488,7,27
"POLLOCK",2007,"GOM",1.08727861568713,31,33
"POLLOCK",2007,"SS",1.10807868477528,34,27
"POLLOCK",2008,"GB",1.14618553178216,5,29
"POLLOCK",2008,"GOM",1.0588670948656,78,33
"POLLOCK",2008,"SS",1.1007512207255,22,27
"POLLOCK",2009,"GB",1.13590335177399,8,29
"POLLOCK",2009,"GOM",1.13363878784972,50,33
"POLLOCK",2010,"GB",1.02369780671461,5,29
"POLLOCK",2010,"GOM",1.05913852504458,76,33
"POLLOCK",2010,"SS",1.13717980595049,5,27
"POLLOCK",2011,"GB",1.10543658259582,43,29
"POLLOCK",2011,"GOM",1.0891518110476,96,33
"POLLOCK",2011,"SS",1.1344878299286,28,27
"POLLOCK",2012,"GB",1.14878792192657,11,29
"POLLOCK",2012,"GOM",1.09601342497533,108,33
"POLLOCK",2012,"SS",1.0706078055788,43,27
"POLLOCK",2013,"GB",1.12449975635615,17,29
"POLLOCK",2013,"GOM",1.11781720515183,68,33
"POLLOCK",2013,"SS",1.16674012378084,3,27
"POLLOCK",2014,"GB",1.10322040155044,11,29
"POLLOCK",2014,"GOM",1.10922770468101,183,33
"POLLOCK",2014,"SS",1.19683356162021,38,27
"POLLOCK",2015,"GB",1.07879526388511,27,29
"POLLOCK",2015,"GOM",1.08126300446266,181,33
"POLLOCK",2015,"SS",1.0694678457436,56,27
"POLLOCK",2016,"GB",1.03495445270544,7,29
"POLLOCK",2016,"GOM",1.08138636500691,82,33
"POLLOCK",2016,"SS",1.04735142217953,11,27
"POLLOCK",2017,"GB",1.0596624748463,13,29
"POLLOCK",2017,"GOM",1.07018400725223,48,33
"POLLOCK",2017,"SS",1.06062172470176,16,27
"POLLOCK",2018,"GB",1.13138858567182,17,29
"POLLOCK",2018,"GOM",1.06632590880603,58,33
"POLLOCK",2019,"GB",1.00909674071762,4,29
"POLLOCK",2019,"GOM",1.02550596160052,41,33
"POLLOCK",2019,"SS",1.1476399472203,7,27
"POLLOCK",2021,"GB",1.11265200473443,28,29
"POLLOCK",2021,"GOM",1.06042010748834,59,33
"POLLOCK",2022,"GB",1.09828769478608,5,29
"POLLOCK",2022,"GOM",1.11476528809213,108,33
"POLLOCK",2022,"MAB",1.15117995076195,8,5
"POLLOCK",2023,"GOM",1.00310258500042,92,33
"POLLOCK",2023,"SS",1.03012062876998,19,27
"POLLOCK",2024,"GB",1.13596089658455,11,29
"POLLOCK",2024,"GOM",1.02492395620992,15,33
"POLLOCK",2025,"GOM",1.09367667983384,4,33
"RED DEEPSEA CRAB",2002,"GOM",1.06927981765759,4,2
"RED DEEPSEA CRAB",2002,"MAB",1.3008456692147,4,2
"RED DEEPSEA CRAB",2003,"GOM",1.00911142682682,10,2
"RED DEEPSEA CRAB",2007,"MAB",0.869263127008866,5,2
"RED DRUM",2003,"MAB",1.42826426671672,10,2
"RED DRUM",2006,"MAB",1.33458462996201,5,2
"RED HAKE",1992,"GB",1.06308661016372,200,33
"RED HAKE",1992,"GOM",1.05075279768963,278,33
"RED HAKE",1992,"MAB",1.14334959164312,139,32
"RED HAKE",1992,"SS",1.04930748418041,8,32
"RED HAKE",1993,"GB",1.02857472865477,121,33
"RED HAKE",1993,"GOM",1.06717550335414,314,33
"RED HAKE",1993,"MAB",1.11634836183832,140,32
"RED HAKE",1993,"SS",1.20565752408958,32,32
"RED HAKE",1994,"GB",1.07253848283017,141,33
"RED HAKE",1994,"GOM",1.10743599670511,332,33
"RED HAKE",1994,"MAB",1.04677454372559,128,32
"RED HAKE",1994,"SS",1.10351387058981,34,32
"RED HAKE",1995,"GB",1.05310096362387,112,33
"RED HAKE",1995,"GOM",1.05254283511846,524,33
"RED HAKE",1995,"MAB",1.12679706167082,67,32
"RED HAKE",1995,"SS",1.07427721452298,27,32
"RED HAKE",1996,"GB",1.09949850102132,137,33
"RED HAKE",1996,"GOM",1.05054653965484,489,33
"RED HAKE",1996,"MAB",1.10845749999833,74,32
"RED HAKE",1996,"SS",0.974042307420074,25,32
"RED HAKE",1997,"GB",1.09332734007475,91,33
"RED HAKE",1997,"GOM",1.10529327045658,343,33
"RED HAKE",1997,"MAB",1.08034615705686,88,32
"RED HAKE",1997,"SS",1.03051482859233,27,32
"RED HAKE",1998,"GB",1.08154512126521,150,33
"RED HAKE",1998,"GOM",1.07814737767616,545,33
"RED HAKE",1998,"MAB",1.11137217237846,120,32
"RED HAKE",1998,"SS",1.10559159707662,40,32
"RED HAKE",1999,"GB",1.11230548553311,98,33
"RED HAKE",1999,"GOM",1.08376706256514,495,33
"RED HAKE",1999,"MAB",1.05768513144027,110,32
"RED HAKE",1999,"SS",1.08389313037201,27,32
"RED HAKE",2000,"GB",1.08257678473946,129,33
"RED HAKE",2000,"GOM",1.04690039682344,576,33
"RED HAKE",2000,"MAB",1.0813798459841,78,32
"RED HAKE",2000,"SS",1.1056526622809,14,32
"RED HAKE",2001,"GB",1.04250289381547,111,33
"RED HAKE",2001,"GOM",1.00278647973528,591,33
"RED HAKE",2001,"MAB",1.04373026218428,61,32
"RED HAKE",2001,"SS",0.960281111429593,29,32
"RED HAKE",2002,"GB",1.04448852359133,69,33
"RED HAKE",2002,"GOM",1.02627559903738,216,33
"RED HAKE",2002,"MAB",1.04153582124423,33,32
"RED HAKE",2002,"SS",1.03975602133029,13,32
"RED HAKE",2003,"GB",1.11309443178126,78,33
"RED HAKE",2003,"GOM",1.02986708800667,189,33
"RED HAKE",2003,"MAB",1.09307969387011,57,32
"RED HAKE",2003,"SS",1.02131203399117,22,32
"RED HAKE",2004,"GB",1.00023444049643,49,33
"RED HAKE",2004,"GOM",0.977544471394061,139,33
"RED HAKE",2004,"MAB",1.04258232939325,51,32
"RED HAKE",2004,"SS",1.00094507533468,10,32
"RED HAKE",2005,"GB",1.08082253404375,65,33
"RED HAKE",2005,"GOM",1.03292225875356,140,33
"RED HAKE",2005,"MAB",1.1013076881651,79,32
"RED HAKE",2005,"SS",1.03266342301449,10,32
"RED HAKE",2006,"GB",1.09472672453692,69,33
"RED HAKE",2006,"GOM",1.04434330865343,206,33
"RED HAKE",2006,"MAB",1.01606275902864,47,32
"RED HAKE",2006,"SS",0.993296284138301,12,32
"RED HAKE",2007,"GB",1.08989502288706,89,33
"RED HAKE",2007,"GOM",0.99800148833443,211,33
"RED HAKE",2007,"MAB",1.13745491054237,37,32
"RED HAKE",2007,"SS",1.03302506736988,18,32
"RED HAKE",2008,"GB",1.12803739421156,71,33
"RED HAKE",2008,"GOM",1.01535101089079,229,33
"RED HAKE",2008,"MAB",1.04371452316634,43,32
"RED HAKE",2008,"SS",1.14085489472339,19,32
"RED HAKE",2009,"GB",1.06082796979118,102,33
"RED HAKE",2009,"GOM",1.03811043734974,160,33
"RED HAKE",2009,"MAB",1.08326701550187,94,32
"RED HAKE",2009,"SS",1.07351244640325,20,32
"RED HAKE",2010,"GB",1.01997939476662,47,33
"RED HAKE",2010,"GOM",1.05014578613993,87,33
"RED HAKE",2010,"MAB",1.07091111258584,73,32
"RED HAKE",2010,"SS",1.10261933115661,17,32
"RED HAKE",2011,"GB",1.07658573948404,116,33
"RED HAKE",2011,"GOM",1.08019247198623,280,33
"RED HAKE",2011,"MAB",1.0879989134404,122,32
"RED HAKE",2011,"SS",1.03781011252676,15,32
"RED HAKE",2012,"GB",1.04387049324769,164,33
"RED HAKE",2012,"GOM",1.12187943405284,441,33
"RED HAKE",2012,"MAB",1.05147307284072,139,32
"RED HAKE",2012,"SS",1.14483911999218,34,32
"RED HAKE",2013,"GB",1.11105120021924,172,33
"RED HAKE",2013,"GOM",1.11917017462588,485,33
"RED HAKE",2013,"MAB",1.12622831736856,119,32
"RED HAKE",2013,"SS",1.11017755247869,26,32
"RED HAKE",2014,"GB",1.07466708597271,231,33
"RED HAKE",2014,"GOM",1.11161314347586,584,33
"RED HAKE",2014,"MAB",1.079789579117,193,32
"RED HAKE",2014,"SS",1.07305762535264,62,32
"RED HAKE",2015,"GB",1.08919190791058,205,33
"RED HAKE",2015,"GOM",1.09113157739078,680,33
"RED HAKE",2015,"MAB",1.12358842572301,124,32
"RED HAKE",2015,"SS",1.09646008355365,52,32
"RED HAKE",2016,"GB",1.06861755422057,170,33
"RED HAKE",2016,"GOM",1.08607434790528,515,33
"RED HAKE",2016,"MAB",1.10325545586975,141,32
"RED HAKE",2016,"SS",1.11730612930046,57,32
"RED HAKE",2017,"GB",1.05423774006464,109,33
"RED HAKE",2017,"GOM",1.05903791521339,233,33
"RED HAKE",2017,"SS",1.05492444361114,31,32
"RED HAKE",2018,"GB",1.10166731308828,156,33
"RED HAKE",2018,"GOM",1.11190353533943,406,33
"RED HAKE",2018,"MAB",1.12788862480768,127,32
"RED HAKE",2019,"GB",1.07677106031108,192,33
"RED HAKE",2019,"GOM",1.06055698332246,439,33
"RED HAKE",2019,"MAB",1.09194337616091,137,32
"RED HAKE",2019,"SS",1.07517747676673,39,32
"RED HAKE",2019,NA,1.05844654224454,3,4
"RED HAKE",2021,"GB",1.11429686572082,165,33
"RED HAKE",2021,"GOM",1.07234762260144,454,33
"RED HAKE",2021,"MAB",1.06812003000661,85,32
"RED HAKE",2021,"SS",1.16225654185958,79,32
"RED HAKE",2021,NA,0.965834667779147,3,4
"RED HAKE",2022,"GB",1.08134649606587,178,33
"RED HAKE",2022,"GOM",1.09042592655677,342,33
"RED HAKE",2022,"MAB",1.10035708963557,112,32
"RED HAKE",2022,"SS",1.08820084571054,62,32
"RED HAKE",2022,NA,1.13976008151189,11,4
"RED HAKE",2023,"GB",1.12723246275637,169,33
"RED HAKE",2023,"GOM",1.02743484890247,564,33
"RED HAKE",2023,"MAB",1.1598463866323,81,32
"RED HAKE",2023,"SS",1.01344507239022,50,32
"RED HAKE",2024,"GB",0.980706589453389,223,33
"RED HAKE",2024,"GOM",0.987679653113621,525,33
"RED HAKE",2024,"MAB",1.07192032436664,153,32
"RED HAKE",2024,"SS",0.978514369707834,72,32
"RED HAKE",2025,"GB",1.07269365383306,96,33
"RED HAKE",2025,"GOM",1.05148449075117,260,33
"RED HAKE",2025,"MAB",1.07465383418396,83,32
"RED HAKE",2025,"SS",1.07901574565483,14,32
"RED HAKE",2025,NA,0.967956547521099,3,4
"ROSETTE SKATE",1996,"MAB",1.15976788164725,4,26
"ROSETTE SKATE",1999,"MAB",1.18255838200328,14,26
"ROSETTE SKATE",2000,"MAB",1.13470763189654,8,26
"ROSETTE SKATE",2001,"MAB",3.65029592840879,22,26
"ROSETTE SKATE",2002,"MAB",1.19197473143443,27,26
"ROSETTE SKATE",2003,"MAB",1.11964697045947,18,26
"ROSETTE SKATE",2004,"MAB",1.07921219381343,10,26
"ROSETTE SKATE",2005,"MAB",1.09225706524826,21,26
"ROSETTE SKATE",2006,"MAB",1.06335932547979,16,26
"ROSETTE SKATE",2007,"MAB",1.11198154325566,10,26
"ROSETTE SKATE",2008,"MAB",1.08803535706592,12,26
"ROSETTE SKATE",2009,"GB",1.01615247430056,6,16
"ROSETTE SKATE",2009,"MAB",1.12140366157732,103,26
"ROSETTE SKATE",2010,"GB",1.10364135984506,8,16
"ROSETTE SKATE",2010,"MAB",1.1469785546281,50,26
"ROSETTE SKATE",2011,"GB",1.17711354716091,5,16
"ROSETTE SKATE",2011,"MAB",1.16732746444248,65,26
"ROSETTE SKATE",2011,NA,1.21713636432141,6,13
"ROSETTE SKATE",2012,"GB",1.23756483415902,7,16
"ROSETTE SKATE",2012,"MAB",1.10895004076686,68,26
"ROSETTE SKATE",2012,NA,1.16766843433242,10,13
"ROSETTE SKATE",2013,"GB",1.22679413660126,3,16
"ROSETTE SKATE",2013,"MAB",1.17072741657445,89,26
"ROSETTE SKATE",2013,NA,1.24444065954317,13,13
"ROSETTE SKATE",2014,"GB",1.17856299134174,11,16
"ROSETTE SKATE",2014,"MAB",1.15840096283031,88,26
"ROSETTE SKATE",2014,NA,1.15771696661768,20,13
"ROSETTE SKATE",2015,"GB",1.16795044461146,5,16
"ROSETTE SKATE",2015,"MAB",1.1798312255851,101,26
"ROSETTE SKATE",2015,NA,1.19969838748362,9,13
"ROSETTE SKATE",2016,"GB",1.18013986972419,12,16
"ROSETTE SKATE",2016,"MAB",1.13121265236604,81,26
"ROSETTE SKATE",2016,NA,1.15253632375529,9,13
"ROSETTE SKATE",2017,"GB",1.16827372847831,8,16
"ROSETTE SKATE",2018,"GB",1.21920946041078,13,16
"ROSETTE SKATE",2018,"MAB",1.16060972263429,102,26
"ROSETTE SKATE",2018,NA,1.21094845792075,11,13
"ROSETTE SKATE",2019,"GB",1.17902582901545,10,16
"ROSETTE SKATE",2019,"MAB",1.14506353560143,82,26
"ROSETTE SKATE",2019,NA,1.11225018242014,7,13
"ROSETTE SKATE",2021,"GB",1.25477619921176,19,16
"ROSETTE SKATE",2021,"MAB",1.19737605049259,114,26
"ROSETTE SKATE",2021,NA,1.36227404433406,18,13
"ROSETTE SKATE",2022,"GB",1.28268616866944,18,16
"ROSETTE SKATE",2022,"MAB",1.15968993980303,112,26
"ROSETTE SKATE",2022,NA,1.21543790036485,21,13
"ROSETTE SKATE",2023,"GB",1.30191153399411,15,16
"ROSETTE SKATE",2023,"MAB",1.15806837199503,80,26
"ROSETTE SKATE",2023,NA,1.1606282987628,16,13
"ROSETTE SKATE",2024,"GB",1.13612391111085,24,16
"ROSETTE SKATE",2024,"MAB",1.13818638549483,109,26
"ROSETTE SKATE",2024,NA,1.23709121709457,17,13
"ROSETTE SKATE",2025,"GB",1.23594221439167,6,16
"ROSETTE SKATE",2025,"MAB",1.09253836136458,75,26
"ROSETTE SKATE",2025,NA,1.1375458347033,14,13
"ROUGHTAIL STINGRAY",1996,"MAB",1.222079673249,3,27
"ROUGHTAIL STINGRAY",1997,"MAB",0.953473275301709,7,27
"ROUGHTAIL STINGRAY",1998,"MAB",1.01268194832838,16,27
"ROUGHTAIL STINGRAY",2000,"MAB",0.83279528318789,12,27
"ROUGHTAIL STINGRAY",2001,"MAB",0.998120791208899,17,27
"ROUGHTAIL STINGRAY",2002,"MAB",1.08088406785539,22,27
"ROUGHTAIL STINGRAY",2003,"MAB",0.921525691228234,17,27
"ROUGHTAIL STINGRAY",2004,"MAB",0.976304123722995,21,27
"ROUGHTAIL STINGRAY",2005,"MAB",0.930872454954467,22,27
"ROUGHTAIL STINGRAY",2006,"MAB",0.942045106557608,22,27
"ROUGHTAIL STINGRAY",2007,"MAB",0.924278880230454,12,27
"ROUGHTAIL STINGRAY",2008,"MAB",0.900339168421841,39,27
"ROUGHTAIL STINGRAY",2009,"MAB",0.89037500064381,29,27
"ROUGHTAIL STINGRAY",2010,"MAB",0.938138386002656,16,27
"ROUGHTAIL STINGRAY",2011,"MAB",0.926452841129485,21,27
"ROUGHTAIL STINGRAY",2012,"MAB",0.919491591298792,42,27
"ROUGHTAIL STINGRAY",2013,"MAB",0.97528399922113,17,27
"ROUGHTAIL STINGRAY",2014,"MAB",0.981486890351302,31,27
"ROUGHTAIL STINGRAY",2015,"MAB",0.931842211517384,29,27
"ROUGHTAIL STINGRAY",2016,"MAB",0.981832964855634,13,27
"ROUGHTAIL STINGRAY",2018,"MAB",0.876912537176833,12,27
"ROUGHTAIL STINGRAY",2019,"MAB",0.892354766509031,11,27
"ROUGHTAIL STINGRAY",2021,"MAB",0.780285665191406,9,27
"ROUGHTAIL STINGRAY",2022,"MAB",0.820446808081228,6,27
"ROUGHTAIL STINGRAY",2023,"MAB",0.741202166235821,5,27
"ROUGHTAIL STINGRAY",2024,"MAB",1.0371777561169,3,27
"ROUGHTAIL STINGRAY",2025,"MAB",0.850652824042708,4,27
"ROUND HERRING",1997,"MAB",1.00695645480435,313,1
"SAND TIGER",1997,"MAB",1.00594371502472,15,3
"SAND TIGER",2002,"MAB",0.930290508087289,4,3
"SAND TIGER",2004,"MAB",0.82153157867939,5,3
"SANDBAR SHARK",1997,"MAB",1.02508928507075,6,7
"SANDBAR SHARK",1998,"MAB",1.09355267712984,5,7
"SANDBAR SHARK",2003,"MAB",0.990938721051725,5,7
"SANDBAR SHARK",2004,"MAB",0.991029219327917,4,7
"SANDBAR SHARK",2006,"MAB",1.05236576899564,9,7
"SANDBAR SHARK",2008,"MAB",1.08033507019095,7,7
"SANDBAR SHARK",2009,"MAB",1.05738115448966,4,7
"SCUP",1992,"GB",1.18408966089715,38,31
"SCUP",1992,"GOM",1.10575036095535,8,29
"SCUP",1992,"MAB",1.14524538061028,343,32
"SCUP",1993,"GB",1.03115913941063,8,31
"SCUP",1993,"GOM",0.976779078477639,3,29
"SCUP",1993,"MAB",1.19636208629266,180,32
"SCUP",1993,NA,1.13148649293593,28,26
"SCUP",1994,"GB",1.01150381255919,9,31
"SCUP",1994,"GOM",0.922760149072462,9,29
"SCUP",1994,"MAB",1.23397962989406,256,32
"SCUP",1994,NA,1.1729022995631,8,26
"SCUP",1995,"GB",1.16830871485039,29,31
"SCUP",1995,"MAB",1.25103759110065,206,32
"SCUP",1995,NA,1.3002299053972,10,26
"SCUP",1996,"GB",1.11589393495399,23,31
"SCUP",1996,"GOM",1.14188037310256,11,29
"SCUP",1996,"MAB",1.21496029971424,201,32
"SCUP",1996,NA,1.15405522970511,11,26
"SCUP",1997,"MAB",1.18950884044803,150,32
"SCUP",1997,NA,1.14202723225921,16,26
"SCUP",1998,"GB",1.09899147606098,12,31
"SCUP",1998,"MAB",1.16569411105827,351,32
"SCUP",1999,"GB",1.17464258059911,51,31
"SCUP",1999,"GOM",1.23544901189165,12,29
"SCUP",1999,"MAB",1.18749118709836,383,32
"SCUP",1999,NA,1.13227825674515,14,26
"SCUP",2000,"GB",1.11662758906284,38,31
"SCUP",2000,"GOM",1.0821450133572,18,29
"SCUP",2000,"MAB",1.18220985642943,286,32
"SCUP",2000,NA,1.11988759249867,28,26
"SCUP",2001,"GB",1.00346420958728,21,31
"SCUP",2001,"GOM",1.09701889870086,4,29
"SCUP",2001,"MAB",1.09962234343683,301,32
"SCUP",2001,NA,1.13450584073761,20,26
"SCUP",2002,"GB",1.05939929747467,8,31
"SCUP",2002,"GOM",0.992572017322597,45,29
"SCUP",2002,"MAB",1.07706705381333,495,32
"SCUP",2002,NA,1.1026307302089,15,26
"SCUP",2003,"GB",0.960067917962245,57,31
"SCUP",2003,"MAB",1.09659608924573,367,32
"SCUP",2003,NA,1.26641038780779,15,26
"SCUP",2004,"GB",1.06864554180479,29,31
"SCUP",2004,"GOM",0.911771908656787,12,29
"SCUP",2004,"MAB",1.08647433221495,381,32
"SCUP",2004,NA,0.960760392431263,4,26
"SCUP",2005,"GB",1.03582997308062,30,31
"SCUP",2005,"GOM",0.843269005661199,6,29
"SCUP",2005,"MAB",1.09179318192222,285,32
"SCUP",2005,NA,1.0544763424512,16,26
"SCUP",2006,"GB",0.987579832714398,29,31
"SCUP",2006,"GOM",1.0432263111027,29,29
"SCUP",2006,"MAB",1.10309297667772,472,32
"SCUP",2006,NA,1.0923241232304,22,26
"SCUP",2007,"GB",1.11380708180417,45,31
"SCUP",2007,"GOM",1.07665136731372,16,29
"SCUP",2007,"MAB",1.12726733891211,403,32
"SCUP",2007,NA,1.08014246915262,12,26
"SCUP",2008,"GB",1.07987823151658,44,31
"SCUP",2008,"GOM",0.915401492633268,5,29
"SCUP",2008,"MAB",1.05394417279914,335,32
"SCUP",2008,NA,1.09630461356251,23,26
"SCUP",2009,"GB",1.06770806849594,47,31
"SCUP",2009,"GOM",1.04359412141178,29,29
"SCUP",2009,"MAB",1.14094319811209,382,32
"SCUP",2009,NA,1.16466196271333,34,26
"SCUP",2010,"GB",1.07533388215457,84,31
"SCUP",2010,"GOM",1.10125670137252,16,29
"SCUP",2010,"MAB",1.11714916845644,490,32
"SCUP",2010,NA,1.19237573032706,43,26
"SCUP",2011,"GB",1.08350808927367,73,31
"SCUP",2011,"GOM",1.08076452627005,35,29
"SCUP",2011,"MAB",1.13130703636325,422,32
"SCUP",2011,NA,1.10521713183826,36,26
"SCUP",2012,"GB",1.02916487721082,23,31
"SCUP",2012,"GOM",1.02786219583729,53,29
"SCUP",2012,"MAB",1.04558265897872,358,32
"SCUP",2012,NA,1.09414155995025,6,26
"SCUP",2013,"GB",1.07848678631883,57,31
"SCUP",2013,"GOM",1.04746997989366,20,29
"SCUP",2013,"MAB",1.11694652366853,138,32
"SCUP",2013,NA,1.18728342026336,17,26
"SCUP",2014,"GB",1.02812723462329,53,31
"SCUP",2014,"GOM",1.04514149241093,31,29
"SCUP",2014,"MAB",1.11276462113162,258,32
"SCUP",2014,NA,1.10092428193983,5,26
"SCUP",2015,"GB",1.1287376305748,77,31
"SCUP",2015,"GOM",1.0655542785563,27,29
"SCUP",2015,"MAB",1.13404150591181,301,32
"SCUP",2015,NA,1.07556574005387,4,26
"SCUP",2016,"GB",1.02086109861017,128,31
"SCUP",2016,"GOM",1.0270828844126,60,29
"SCUP",2016,"MAB",1.09317470159841,702,32
"SCUP",2016,NA,1.03112405910265,6,26
"SCUP",2017,"GOM",0.95103714981915,3,29
"SCUP",2018,"GB",0.983903901379912,80,31
"SCUP",2018,"GOM",1.05403882464579,24,29
"SCUP",2018,"MAB",1.04660735541134,487,32
"SCUP",2019,"GB",1.03120620911238,129,31
"SCUP",2019,"GOM",1.12217062582468,7,29
"SCUP",2019,"MAB",1.07507796285089,472,32
"SCUP",2019,NA,1.28217300419343,5,26
"SCUP",2021,"GB",1.00516173856796,126,31
"SCUP",2021,"GOM",0.986073202336465,40,29
"SCUP",2021,"MAB",1.02805077779203,607,32
"SCUP",2022,"GB",1.04897545086626,211,31
"SCUP",2022,"GOM",1.02013625996787,22,29
"SCUP",2022,"MAB",1.06050496447178,842,32
"SCUP",2023,"GB",0.998658342114828,138,31
"SCUP",2023,"GOM",1.05655836377868,6,29
"SCUP",2023,"MAB",1.04395513555806,465,32
"SCUP",2024,"GB",1.0232859863079,159,31
"SCUP",2024,"GOM",0.964096781752769,13,29
"SCUP",2024,"MAB",1.01134629555439,334,32
"SCUP",2024,NA,1.24869613292896,4,26
"SCUP",2025,"GB",1.01815964282163,52,31
"SCUP",2025,"GOM",0.974177307285547,9,29
"SCUP",2025,"MAB",1.0734877720683,232,32
"SCUP",2025,NA,1.0456965366413,13,26
"SEA RAVEN",1992,"GB",0.968338998675713,23,32
"SEA RAVEN",1992,"GOM",1.00361627310464,50,32
"SEA RAVEN",1992,"MAB",0.956606734225698,6,20
"SEA RAVEN",1992,"SS",0.899795315217931,15,25
"SEA RAVEN",1993,"GB",0.911666815787175,30,32
"SEA RAVEN",1993,"GOM",0.869755363449618,18,32
"SEA RAVEN",1993,"MAB",1.06150087769093,10,20
"SEA RAVEN",1993,"SS",0.945232735564449,7,25
"SEA RAVEN",1994,"GB",0.944575044543218,78,32
"SEA RAVEN",1994,"GOM",1.01938026862298,27,32
"SEA RAVEN",1994,"MAB",0.773367796940061,6,20
"SEA RAVEN",1994,"SS",1.07806615025496,28,25
"SEA RAVEN",1995,"GB",0.94673146451399,55,32
"SEA RAVEN",1995,"GOM",0.985602092739402,29,32
"SEA RAVEN",1995,"SS",0.896394327817176,17,25
"SEA RAVEN",1996,"GB",1.04533252890261,109,32
"SEA RAVEN",1996,"GOM",1.00480734161898,20,32
"SEA RAVEN",1996,"MAB",0.949232458410304,4,20
"SEA RAVEN",1996,"SS",1.01867683429266,10,25
"SEA RAVEN",1997,"GB",1.00293635435037,86,32
"SEA RAVEN",1997,"GOM",1.15418233708172,13,32
"SEA RAVEN",1997,"MAB",0.954930353957863,14,20
"SEA RAVEN",1997,"SS",0.840513820408929,10,25
"SEA RAVEN",1999,"GB",0.970796349431598,39,32
"SEA RAVEN",1999,"GOM",0.996888619718827,40,32
"SEA RAVEN",1999,"MAB",1.00177689909579,7,20
"SEA RAVEN",1999,"SS",0.871776148530415,5,25
"SEA RAVEN",2000,"GB",0.97225175197244,80,32
"SEA RAVEN",2000,"GOM",0.964022654713903,22,32
"SEA RAVEN",2000,"MAB",1.15579994262675,4,20
"SEA RAVEN",2000,"SS",0.854179588815303,14,25
"SEA RAVEN",2001,"GB",0.942702739248302,44,32
"SEA RAVEN",2001,"GOM",0.934551437361329,27,32
"SEA RAVEN",2001,"MAB",0.819498566924384,9,20
"SEA RAVEN",2001,"SS",0.879066184224036,19,25
"SEA RAVEN",2002,"GB",0.975953826518595,73,32
"SEA RAVEN",2002,"GOM",0.970561507309674,23,32
"SEA RAVEN",2002,"MAB",0.861012179742168,6,20
"SEA RAVEN",2002,"SS",0.925505613164786,10,25
"SEA RAVEN",2003,"GB",0.964565831621864,60,32
"SEA RAVEN",2003,"GOM",0.936462090718406,16,32
"SEA RAVEN",2003,"MAB",0.768594896359136,4,20
"SEA RAVEN",2003,"SS",0.916032782498105,21,25
"SEA RAVEN",2004,"GB",0.971888089015087,75,32
"SEA RAVEN",2004,"GOM",0.988421188468118,10,32
"SEA RAVEN",2004,"SS",0.96392160587791,16,25
"SEA RAVEN",2005,"GB",0.930256027724433,67,32
"SEA RAVEN",2005,"GOM",0.932246930575933,41,32
"SEA RAVEN",2005,"MAB",0.933313754398139,11,20
"SEA RAVEN",2005,"SS",0.92833733824597,13,25
"SEA RAVEN",2006,"GB",0.924743000363038,69,32
"SEA RAVEN",2006,"GOM",0.991060595443207,30,32
"SEA RAVEN",2006,"MAB",0.942071540895557,7,20
"SEA RAVEN",2006,"SS",0.953176424431005,11,25
"SEA RAVEN",2007,"GB",0.906762482709713,95,32
"SEA RAVEN",2007,"GOM",0.902594419830906,21,32
"SEA RAVEN",2007,"MAB",0.809278850117178,5,20
"SEA RAVEN",2007,"SS",0.899265357706096,23,25
"SEA RAVEN",2008,"GB",0.952925722636624,78,32
"SEA RAVEN",2008,"GOM",0.962135395431896,20,32
"SEA RAVEN",2008,"MAB",0.936610241897239,7,20
"SEA RAVEN",2008,"SS",0.992420331736824,18,25
"SEA RAVEN",2009,"GB",0.927321746855002,45,32
"SEA RAVEN",2009,"GOM",0.855167761255264,22,32
"SEA RAVEN",2009,"MAB",0.954513986844025,7,20
"SEA RAVEN",2009,"SS",0.971661466899087,14,25
"SEA RAVEN",2010,"GB",0.946438783075603,25,32
"SEA RAVEN",2010,"GOM",0.847758231493162,19,32
"SEA RAVEN",2010,"MAB",0.840565340285841,9,20
"SEA RAVEN",2010,"SS",0.881161756501072,27,25
"SEA RAVEN",2011,"GB",0.901626647816466,26,32
"SEA RAVEN",2011,"GOM",0.892045587506095,20,32
"SEA RAVEN",2011,"MAB",0.921127683897344,19,20
"SEA RAVEN",2011,"SS",0.92211711335562,15,25
"SEA RAVEN",2012,"GB",0.925507810806773,24,32
"SEA RAVEN",2012,"GOM",0.987545597135626,26,32
"SEA RAVEN",2012,"MAB",0.909751270356162,6,20
"SEA RAVEN",2012,"SS",0.859944292151787,4,25
"SEA RAVEN",2013,"GB",0.876403392659063,18,32
"SEA RAVEN",2013,"GOM",1.04482513215549,31,32
"SEA RAVEN",2013,"MAB",0.820937492867898,3,20
"SEA RAVEN",2013,"SS",1.06769578077228,3,25
"SEA RAVEN",2014,"GB",1.00894593423459,19,32
"SEA RAVEN",2014,"GOM",0.927382582312187,8,32
"SEA RAVEN",2014,"MAB",0.894141607290152,4,20
"SEA RAVEN",2014,"SS",0.957794180764016,6,25
"SEA RAVEN",2015,"GB",0.967152878037434,53,32
"SEA RAVEN",2015,"GOM",0.962935720279295,35,32
"SEA RAVEN",2016,"GB",0.948237098200969,20,32
"SEA RAVEN",2016,"GOM",0.925291982729738,21,32
"SEA RAVEN",2016,"SS",0.942983674382781,3,25
"SEA RAVEN",2017,"GB",0.954302020917726,28,32
"SEA RAVEN",2017,"GOM",0.96115731314169,8,32
"SEA RAVEN",2018,"GB",0.873523596085051,29,32
"SEA RAVEN",2018,"GOM",0.9832963143968,26,32
"SEA RAVEN",2019,"GB",0.919370735035036,16,32
"SEA RAVEN",2019,"GOM",0.89175932988591,16,32
"SEA RAVEN",2019,"SS",0.93606813149731,5,25
"SEA RAVEN",2021,"GB",0.948183446755898,28,32
"SEA RAVEN",2021,"GOM",0.999448474298598,11,32
"SEA RAVEN",2022,"GB",0.90741626005907,36,32
"SEA RAVEN",2022,"GOM",0.980621426449996,17,32
"SEA RAVEN",2023,"GB",1.05949854482542,29,32
"SEA RAVEN",2023,"GOM",0.900160157510236,16,32
"SEA RAVEN",2023,"SS",0.975006165433818,5,25
"SEA RAVEN",2024,"GB",0.921839273160474,34,32
"SEA RAVEN",2024,"GOM",0.925765567737858,27,32
"SEA RAVEN",2025,"GB",0.917985333809522,10,32
"SEA RAVEN",2025,"GOM",0.88679141074107,13,32
"SEA SCALLOP",2002,"GOM",0.726620981375001,33,2
"SEA SCALLOP",2002,"MAB",0.819026034215779,383,3
"SEA SCALLOP",2003,"GOM",0.868320503003243,9,2
"SEA SCALLOP",2004,"GB",0.884378735538271,19,3
"SEA SCALLOP",2004,"MAB",0.962190723471868,51,3
"SEA SCALLOP",2005,"GB",0.86948174034015,43,3
"SEA SCALLOP",2005,"SS",0.847152693082036,3,1
"SEA SCALLOP",2006,"GB",0.924328744950965,23,3
"SEA SCALLOP",2007,"MAB",0.886098232824119,26,3
"SILKY SHARK",2015,NA,0.405394321374502,6,1
"SILVER HAKE",1992,"GB",1.04317343046358,280,33
"SILVER HAKE",1992,"GOM",1.04883933178583,811,33
"SILVER HAKE",1992,"MAB",1.14530795566905,270,32
"SILVER HAKE",1992,"SS",1.06204344406891,123,32
"SILVER HAKE",1993,"GB",0.978623349301619,182,33
"SILVER HAKE",1993,"GOM",1.04337704338105,836,33
"SILVER HAKE",1993,"MAB",1.07280969776331,348,32
"SILVER HAKE",1993,"SS",1.04027917652956,160,32
"SILVER HAKE",1993,NA,0.970917490623934,7,15
"SILVER HAKE",1994,"GB",1.05698688789565,253,33
"SILVER HAKE",1994,"GOM",1.08588933085125,760,33
"SILVER HAKE",1994,"MAB",1.10768220624241,220,32
"SILVER HAKE",1994,"SS",1.11560421602336,126,32
"SILVER HAKE",1995,"GB",1.07825243387996,183,33
"SILVER HAKE",1995,"GOM",1.0694409771414,730,33
"SILVER HAKE",1995,"MAB",1.10064690940327,189,32
"SILVER HAKE",1995,"SS",1.10155087792657,101,32
"SILVER HAKE",1996,"GB",1.06085722122075,186,33
"SILVER HAKE",1996,"GOM",1.10223050905577,582,33
"SILVER HAKE",1996,"MAB",1.12911155639678,147,32
"SILVER HAKE",1996,"SS",1.15361360211511,78,32
"SILVER HAKE",1997,"GB",1.11348578671845,198,33
"SILVER HAKE",1997,"GOM",1.13889206888367,581,33
"SILVER HAKE",1997,"MAB",1.06864111800483,182,32
"SILVER HAKE",1997,"SS",1.13496458533238,36,32
"SILVER HAKE",1998,"GB",1.05762079553432,206,33
"SILVER HAKE",1998,"GOM",1.06749396993016,761,33
"SILVER HAKE",1998,"MAB",1.0910509162441,144,32
"SILVER HAKE",1998,"SS",1.08443116742358,107,32
"SILVER HAKE",1999,"GB",1.11286620323496,171,33
"SILVER HAKE",1999,"GOM",1.099291844479,1149,33
"SILVER HAKE",1999,"MAB",1.05790286216,139,32
"SILVER HAKE",1999,"SS",1.11188270107587,72,32
"SILVER HAKE",2000,"GB",1.09037176879407,227,33
"SILVER HAKE",2000,"GOM",1.04237146365171,853,33
"SILVER HAKE",2000,"MAB",1.14188576857249,89,32
"SILVER HAKE",2000,"SS",1.03932431515409,107,32
"SILVER HAKE",2001,"GB",1.01897333294694,294,33
"SILVER HAKE",2001,"GOM",1.04508487968586,761,33
"SILVER HAKE",2001,"MAB",1.09819888803954,179,32
"SILVER HAKE",2001,"SS",1.03937554026454,102,32
"SILVER HAKE",2002,"GB",1.04559907818295,258,33
"SILVER HAKE",2002,"GOM",1.10603503163427,815,33
"SILVER HAKE",2002,"MAB",1.10341681510861,137,32
"SILVER HAKE",2002,"SS",1.09920422185371,121,32
"SILVER HAKE",2003,"GB",1.06821173692529,323,33
"SILVER HAKE",2003,"GOM",1.04014449445572,778,33
"SILVER HAKE",2003,"MAB",1.12768491688585,229,32
"SILVER HAKE",2003,"SS",1.03625664330135,149,32
"SILVER HAKE",2004,"GB",1.02638166986258,243,33
"SILVER HAKE",2004,"GOM",1.05437707284338,525,33
"SILVER HAKE",2004,"MAB",1.04828244583578,233,32
"SILVER HAKE",2004,"SS",1.04769976175276,73,32
"SILVER HAKE",2004,NA,1.02846481232849,8,15
"SILVER HAKE",2005,"GB",1.02879728820813,177,33
"SILVER HAKE",2005,"GOM",1.09931995861732,355,33
"SILVER HAKE",2005,"MAB",1.14941825078703,171,32
"SILVER HAKE",2005,"SS",1.07408177212087,34,32
"SILVER HAKE",2006,"GB",1.04378183328064,232,33
"SILVER HAKE",2006,"GOM",1.0968687813278,398,33
"SILVER HAKE",2006,"MAB",1.04606500212539,284,32
"SILVER HAKE",2006,"SS",1.15267752471289,50,32
"SILVER HAKE",2007,"GB",1.05464533944167,291,33
"SILVER HAKE",2007,"GOM",1.06086368886479,589,33
"SILVER HAKE",2007,"MAB",1.0811468931411,173,32
"SILVER HAKE",2007,"SS",1.06528677785455,61,32
"SILVER HAKE",2007,NA,1.27410063738598,3,15
"SILVER HAKE",2008,"GB",1.03494727578561,328,33
"SILVER HAKE",2008,"GOM",1.05558316457207,768,33
"SILVER HAKE",2008,"MAB",1.04592772596992,255,32
"SILVER HAKE",2008,"SS",1.06798567421004,102,32
"SILVER HAKE",2009,"GB",1.05818890764334,194,33
"SILVER HAKE",2009,"GOM",1.08416953803931,380,33
"SILVER HAKE",2009,"MAB",1.10853750260958,227,32
"SILVER HAKE",2009,"SS",1.10788474698933,44,32
"SILVER HAKE",2010,"GB",1.10139789643507,180,33
"SILVER HAKE",2010,"GOM",1.12444191359141,323,33
"SILVER HAKE",2010,"MAB",1.12483354167087,253,32
"SILVER HAKE",2010,"SS",1.10043317093749,63,32
"SILVER HAKE",2010,NA,1.17364558955943,3,15
"SILVER HAKE",2011,"GB",1.10352657160254,205,33
"SILVER HAKE",2011,"GOM",1.16466504497514,421,33
"SILVER HAKE",2011,"MAB",1.12008659654747,251,32
"SILVER HAKE",2011,"SS",1.11635169380329,45,32
"SILVER HAKE",2011,NA,1.09827936159093,5,15
"SILVER HAKE",2012,"GB",1.07701173520245,250,33
"SILVER HAKE",2012,"GOM",1.09957369431965,724,33
"SILVER HAKE",2012,"MAB",1.06826880529439,257,32
"SILVER HAKE",2012,"SS",1.13866523824955,125,32
"SILVER HAKE",2012,NA,1.04409301368914,6,15
"SILVER HAKE",2013,"GB",1.11650430028086,206,33
"SILVER HAKE",2013,"GOM",1.10651453030209,642,33
"SILVER HAKE",2013,"MAB",1.15291493939879,219,32
"SILVER HAKE",2013,"SS",1.16916398716186,128,32
"SILVER HAKE",2013,NA,1.13205820440787,7,15
"SILVER HAKE",2014,"GB",1.09984376419199,224,33
"SILVER HAKE",2014,"GOM",1.13305545307666,624,33
"SILVER HAKE",2014,"MAB",1.09767616370379,208,32
"SILVER HAKE",2014,"SS",1.07973448561303,84,32
"SILVER HAKE",2014,NA,1.13466805968961,10,15
"SILVER HAKE",2015,"GB",1.1371623460102,202,33
"SILVER HAKE",2015,"GOM",1.14701399940845,698,33
"SILVER HAKE",2015,"MAB",1.14530175141966,115,32
"SILVER HAKE",2015,"SS",1.19960050364119,318,32
"SILVER HAKE",2016,"GB",1.11965211639239,135,33
"SILVER HAKE",2016,"GOM",1.15071579965123,495,33
"SILVER HAKE",2016,"MAB",1.20416758103423,127,32
"SILVER HAKE",2016,"SS",1.13372496661487,96,32
"SILVER HAKE",2016,NA,1.04809399962192,6,15
"SILVER HAKE",2017,"GB",1.07404339446795,104,33
"SILVER HAKE",2017,"GOM",1.08019028879144,293,33
"SILVER HAKE",2017,"SS",1.08784834439339,44,32
"SILVER HAKE",2018,"GB",1.0753055037852,117,33
"SILVER HAKE",2018,"GOM",1.07477890316084,251,33
"SILVER HAKE",2018,"MAB",1.15206460502331,96,32
"SILVER HAKE",2019,"GB",1.09597196315835,227,33
"SILVER HAKE",2019,"GOM",1.0939547596377,613,33
"SILVER HAKE",2019,"MAB",1.08959980153039,297,32
"SILVER HAKE",2019,"SS",1.09365017931842,68,32
"SILVER HAKE",2019,NA,1.10620321980023,3,15
"SILVER HAKE",2021,"GB",1.12633895853557,132,33
"SILVER HAKE",2021,"GOM",1.14737622453823,313,33
"SILVER HAKE",2021,"MAB",1.10638639977658,93,32
"SILVER HAKE",2021,"SS",1.17071084127273,71,32
"SILVER HAKE",2021,NA,1.00221766903361,4,15
"SILVER HAKE",2022,"GB",1.07105900571715,136,33
"SILVER HAKE",2022,"GOM",1.08706876499612,314,33
"SILVER HAKE",2022,"MAB",1.1336020719916,117,32
"SILVER HAKE",2022,"SS",1.05257240746606,40,32
"SILVER HAKE",2022,NA,1.15886702065505,4,15
"SILVER HAKE",2023,"GB",1.11909241648034,146,33
"SILVER HAKE",2023,"GOM",1.10563639615007,318,33
"SILVER HAKE",2023,"MAB",1.18764792524127,119,32
"SILVER HAKE",2023,"SS",1.11340842948097,39,32
"SILVER HAKE",2023,NA,1.10742408206002,4,15
"SILVER HAKE",2024,"GB",1.03566681114458,165,33
"SILVER HAKE",2024,"GOM",1.065157559529,323,33
"SILVER HAKE",2024,"MAB",1.14432564861468,207,32
"SILVER HAKE",2024,"SS",1.10066605270712,57,32
"SILVER HAKE",2024,NA,1.26534736826072,3,15
"SILVER HAKE",2025,"GB",1.062416811081,68,33
"SILVER HAKE",2025,"GOM",1.07778027191845,188,33
"SILVER HAKE",2025,"MAB",1.09689168269113,100,32
"SILVER HAKE",2025,"SS",1.05094960072924,15,32
"SILVER HAKE",2025,NA,1.16085424654274,3,15
"SILVER SEATROUT",2002,NA,0.492265446668729,3,1
"SILVER SEATROUT",2008,"MAB",0.41430534497587,5,1
"SMOOTH BUTTERFLY RAY",2000,"MAB",1.01457311896788,10,12
"SMOOTH BUTTERFLY RAY",2001,"MAB",0.854972858402433,4,12
"SMOOTH BUTTERFLY RAY",2002,"MAB",0.859426465180678,18,12
"SMOOTH BUTTERFLY RAY",2004,"MAB",0.941024814146716,11,12
"SMOOTH BUTTERFLY RAY",2005,"MAB",0.971208438440824,27,12
"SMOOTH BUTTERFLY RAY",2006,"MAB",0.96721811513522,43,12
"SMOOTH BUTTERFLY RAY",2007,"MAB",0.948666791358639,39,12
"SMOOTH BUTTERFLY RAY",2008,"MAB",0.935451544500546,39,12
"SMOOTH BUTTERFLY RAY",2009,"MAB",0.947112572280728,48,12
"SMOOTH BUTTERFLY RAY",2010,"MAB",0.94056724028754,11,12
"SMOOTH BUTTERFLY RAY",2011,"MAB",0.938155601681404,9,12
"SMOOTH BUTTERFLY RAY",2016,"MAB",0.971460471495375,4,12
"SMOOTH DOGFISH",2001,"GB",0.881814351665152,5,23
"SMOOTH DOGFISH",2001,"MAB",0.943444665677634,196,23
"SMOOTH DOGFISH",2002,"GB",1.08842466154529,17,23
"SMOOTH DOGFISH",2002,"MAB",0.941903583576028,176,23
"SMOOTH DOGFISH",2003,"GB",0.983402313474171,17,23
"SMOOTH DOGFISH",2003,"MAB",0.952123986533223,253,23
"SMOOTH DOGFISH",2004,"GB",1.022636395569,26,23
"SMOOTH DOGFISH",2004,"GOM",1.05898834624889,3,4
"SMOOTH DOGFISH",2004,"MAB",1.02262679326829,152,23
"SMOOTH DOGFISH",2005,"GB",1.02865113809248,24,23
"SMOOTH DOGFISH",2005,"MAB",0.948504666894749,187,23
"SMOOTH DOGFISH",2006,"GB",1.06478470255135,16,23
"SMOOTH DOGFISH",2006,"MAB",0.952930947816365,138,23
"SMOOTH DOGFISH",2007,"GB",1.00266588846951,19,23
"SMOOTH DOGFISH",2007,"MAB",0.96822691866344,131,23
"SMOOTH DOGFISH",2008,"GB",1.08250383137731,13,23
"SMOOTH DOGFISH",2008,"MAB",0.962440774141446,103,23
"SMOOTH DOGFISH",2009,"GB",1.2200643454442,3,23
"SMOOTH DOGFISH",2009,"MAB",0.989737396155745,85,23
"SMOOTH DOGFISH",2010,"GB",1.10825422968869,6,23
"SMOOTH DOGFISH",2010,"MAB",0.978090920834884,60,23
"SMOOTH DOGFISH",2011,"GB",1.07013585897524,5,23
"SMOOTH DOGFISH",2011,"MAB",1.02629071651496,71,23
"SMOOTH DOGFISH",2012,"GB",1.07181345026262,8,23
"SMOOTH DOGFISH",2012,"MAB",0.977185998416436,56,23
"SMOOTH DOGFISH",2013,"GB",1.02122824643426,4,23
"SMOOTH DOGFISH",2013,"MAB",0.956368480593564,60,23
"SMOOTH DOGFISH",2014,"GB",1.04219593418802,21,23
"SMOOTH DOGFISH",2014,"MAB",0.971933966725324,56,23
"SMOOTH DOGFISH",2015,"GB",0.992112839017317,18,23
"SMOOTH DOGFISH",2015,"MAB",0.958748679208958,55,23
"SMOOTH DOGFISH",2016,"GB",1.02264856272431,23,23
"SMOOTH DOGFISH",2016,"MAB",0.982758089169789,38,23
"SMOOTH DOGFISH",2018,"GB",1.03020161706058,13,23
"SMOOTH DOGFISH",2018,"MAB",0.974318374883246,76,23
"SMOOTH DOGFISH",2019,"GB",1.00296711166259,21,23
"SMOOTH DOGFISH",2019,"MAB",0.945003564759438,71,23
"SMOOTH DOGFISH",2021,"GB",1.04693921454228,34,23
"SMOOTH DOGFISH",2021,"MAB",0.941404854144701,52,23
"SMOOTH DOGFISH",2022,"GB",0.985028703182871,27,23
"SMOOTH DOGFISH",2022,"MAB",0.947478542429002,69,23
"SMOOTH DOGFISH",2023,"GB",1.02310087847718,23,23
"SMOOTH DOGFISH",2023,"GOM",0.994363016043255,4,4
"SMOOTH DOGFISH",2023,"MAB",0.966995064447662,88,23
"SMOOTH DOGFISH",2024,"GB",0.965759767110622,46,23
"SMOOTH DOGFISH",2024,"GOM",0.945428350899334,3,4
"SMOOTH DOGFISH",2024,"MAB",0.936183188473475,68,23
"SMOOTH DOGFISH",2025,"GB",0.946984931206045,13,23
"SMOOTH DOGFISH",2025,"GOM",1.00671711669351,6,4
"SMOOTH DOGFISH",2025,"MAB",0.951840892623726,65,23
"SMOOTH SKATE",1995,"GOM",0.953951332017325,20,28
"SMOOTH SKATE",1996,"GOM",0.9607747662437,28,28
"SMOOTH SKATE",1996,"SS",0.843265918736064,5,25
"SMOOTH SKATE",1999,"GB",1.12653049177938,3,17
"SMOOTH SKATE",1999,"GOM",0.978740305300433,9,28
"SMOOTH SKATE",2000,"GB",1.04995371383635,6,17
"SMOOTH SKATE",2000,"GOM",1.03222934022273,34,28
"SMOOTH SKATE",2000,"SS",0.95436555317094,12,25
"SMOOTH SKATE",2001,"GB",0.94841146060295,4,17
"SMOOTH SKATE",2001,"GOM",0.918509211722457,50,28
"SMOOTH SKATE",2001,"SS",0.771961442334937,12,25
"SMOOTH SKATE",2002,"GOM",0.922164671646343,26,28
"SMOOTH SKATE",2002,"SS",0.897459185274271,3,25
"SMOOTH SKATE",2003,"GOM",0.904905769552216,51,28
"SMOOTH SKATE",2003,"SS",0.887735375793175,19,25
"SMOOTH SKATE",2004,"GB",1.02542583846949,5,17
"SMOOTH SKATE",2004,"GOM",0.919281821285618,46,28
"SMOOTH SKATE",2004,"SS",0.974190475439424,7,25
"SMOOTH SKATE",2005,"GOM",0.900440483563022,34,28
"SMOOTH SKATE",2005,"SS",1.03482114250433,3,25
"SMOOTH SKATE",2006,"GOM",0.987591518666206,35,28
"SMOOTH SKATE",2006,"SS",0.994396145455281,5,25
"SMOOTH SKATE",2007,"GOM",0.902411821783037,14,28
"SMOOTH SKATE",2007,"SS",0.978852102218275,5,25
"SMOOTH SKATE",2008,"GOM",0.897808046761251,20,28
"SMOOTH SKATE",2008,"SS",1.04570828192591,12,25
"SMOOTH SKATE",2009,"GB",0.949484153917191,6,17
"SMOOTH SKATE",2009,"GOM",0.982986629441283,132,28
"SMOOTH SKATE",2009,"SS",1.05483807201123,55,25
"SMOOTH SKATE",2010,"GB",0.962456914446539,11,17
"SMOOTH SKATE",2010,"GOM",0.949399165963361,127,28
"SMOOTH SKATE",2010,"SS",1.01177899177822,38,25
"SMOOTH SKATE",2011,"GB",1.00816685586535,27,17
"SMOOTH SKATE",2011,"GOM",0.965269808809574,158,28
"SMOOTH SKATE",2011,"SS",1.01404421338314,32,25
"SMOOTH SKATE",2012,"GB",0.985106883683713,10,17
"SMOOTH SKATE",2012,"GOM",0.978128819144922,170,28
"SMOOTH SKATE",2012,"SS",1.06883178153635,42,25
"SMOOTH SKATE",2013,"GB",1.02982126576107,8,17
"SMOOTH SKATE",2013,"GOM",1.02386759717412,132,28
"SMOOTH SKATE",2013,"SS",1.09683825129587,29,25
"SMOOTH SKATE",2014,"GB",1.06036658700528,7,17
"SMOOTH SKATE",2014,"GOM",1.03301808140922,164,28
"SMOOTH SKATE",2014,"SS",1.06575624044382,43,25
"SMOOTH SKATE",2015,"GB",0.972602194905649,10,17
"SMOOTH SKATE",2015,"GOM",1.03508843539943,163,28
"SMOOTH SKATE",2015,"SS",0.986868105074243,42,25
"SMOOTH SKATE",2016,"GB",1.04452485744808,8,17
"SMOOTH SKATE",2016,"GOM",0.98928176121582,156,28
"SMOOTH SKATE",2016,"SS",1.00434316520156,59,25
"SMOOTH SKATE",2017,"GOM",1.00125236694127,93,28
"SMOOTH SKATE",2017,"SS",0.976702384113142,35,25
"SMOOTH SKATE",2018,"GOM",1.05623745572835,89,28
"SMOOTH SKATE",2019,"GB",0.988332102409232,8,17
"SMOOTH SKATE",2019,"GOM",0.94892488253135,162,28
"SMOOTH SKATE",2019,"SS",0.955249620495147,52,25
"SMOOTH SKATE",2021,"GB",1.0783959295523,8,17
"SMOOTH SKATE",2021,"GOM",1.006287186179,98,28
"SMOOTH SKATE",2021,"SS",1.00828626511988,48,25
"SMOOTH SKATE",2022,"GOM",0.99080469538703,81,28
"SMOOTH SKATE",2022,"SS",1.01162375167685,37,25
"SMOOTH SKATE",2023,"GB",0.963163861005276,4,17
"SMOOTH SKATE",2023,"GOM",0.96906808017651,93,28
"SMOOTH SKATE",2023,"SS",0.95790070008666,20,25
"SMOOTH SKATE",2024,"GB",0.925162345587812,8,17
"SMOOTH SKATE",2024,"GOM",0.910609855534522,132,28
"SMOOTH SKATE",2024,"SS",1.00147046524815,79,25
"SMOOTH SKATE",2025,"GB",0.963831313104883,3,17
"SMOOTH SKATE",2025,"GOM",0.925060147451248,56,28
"SMOOTH SKATE",2025,"SS",1.0439431926346,24,25
"SOUTHERN KINGFISH",1992,"MAB",1.00049380511555,12,1
"SOUTHERN STINGRAY",1998,"MAB",0.807374678324989,3,14
"SOUTHERN STINGRAY",2000,"MAB",0.788968225563576,7,14
"SOUTHERN STINGRAY",2001,"MAB",0.758238212883515,4,14
"SOUTHERN STINGRAY",2002,"MAB",1.20216000951593,42,14
"SOUTHERN STINGRAY",2003,"MAB",0.705337610679372,7,14
"SOUTHERN STINGRAY",2005,"MAB",0.80951712376188,10,14
"SOUTHERN STINGRAY",2006,"MAB",0.763313467954612,12,14
"SOUTHERN STINGRAY",2007,"MAB",0.792333464766263,13,14
"SOUTHERN STINGRAY",2008,"MAB",0.858957846015698,7,14
"SOUTHERN STINGRAY",2009,"MAB",0.744397388600488,20,14
"SOUTHERN STINGRAY",2009,NA,0.487500136505006,3,2
"SOUTHERN STINGRAY",2010,"MAB",0.907216303681644,3,14
"SOUTHERN STINGRAY",2016,"MAB",0.831448486458883,8,14
"SOUTHERN STINGRAY",2018,"MAB",0.970343034420611,6,14
"SOUTHERN STINGRAY",2018,NA,0.578701059118234,3,2
"SOUTHERN STINGRAY",2019,"MAB",0.815029413147556,3,14
"SPANISH MACKEREL",1992,"MAB",1.03158264745932,8,7
"SPANISH MACKEREL",1993,"MAB",1.01071764280244,24,7
"SPANISH MACKEREL",1995,"MAB",1.00091754108278,11,7
"SPANISH MACKEREL",1996,"MAB",0.999197031040739,19,7
"SPANISH MACKEREL",1996,NA,0.976646351194773,25,1
"SPANISH MACKEREL",1997,"MAB",0.971273799474251,23,7
"SPANISH MACKEREL",1998,"MAB",1.08713655203293,17,7
"SPANISH MACKEREL",1999,"MAB",1.02347598798719,29,7
"SPANISH SARDINE",1997,"MAB",1.00805603517813,96,1
"SPINY BUTTERFLY RAY",1996,"MAB",1.02539407706325,16,27
"SPINY BUTTERFLY RAY",1997,"MAB",1.16587268702051,9,27
"SPINY BUTTERFLY RAY",1998,"MAB",1.08573171072326,38,27
"SPINY BUTTERFLY RAY",1999,"MAB",1.0656474208526,4,27
"SPINY BUTTERFLY RAY",2000,"MAB",1.06051142472134,26,27
"SPINY BUTTERFLY RAY",2001,"MAB",0.989716860366583,29,27
"SPINY BUTTERFLY RAY",2002,"MAB",1.01360050230977,31,27
"SPINY BUTTERFLY RAY",2003,"MAB",0.992204481448029,35,27
"SPINY BUTTERFLY RAY",2004,"MAB",0.968873432973871,33,27
"SPINY BUTTERFLY RAY",2005,"MAB",1.00789255855557,37,27
"SPINY BUTTERFLY RAY",2006,"MAB",1.01826122345095,36,27
"SPINY BUTTERFLY RAY",2007,"MAB",1.04400086661257,50,27
"SPINY BUTTERFLY RAY",2008,"MAB",0.98599406458065,60,27
"SPINY BUTTERFLY RAY",2009,"MAB",1.01319383774673,35,27
"SPINY BUTTERFLY RAY",2010,"MAB",1.00028444867492,10,27
"SPINY BUTTERFLY RAY",2011,"MAB",0.972746589902554,23,27
"SPINY BUTTERFLY RAY",2012,"MAB",1.11306542683247,22,27
"SPINY BUTTERFLY RAY",2014,"MAB",1.04030402386732,15,27
"SPINY BUTTERFLY RAY",2015,"MAB",0.885041871418671,25,27
"SPINY BUTTERFLY RAY",2016,"MAB",0.982340095321193,17,27
"SPINY BUTTERFLY RAY",2018,"MAB",0.981777293110956,21,27
"SPINY BUTTERFLY RAY",2019,"MAB",0.980326036196388,26,27
"SPINY BUTTERFLY RAY",2021,"MAB",1.04835690385738,15,27
"SPINY BUTTERFLY RAY",2022,"MAB",0.95175048319757,5,27
"SPINY BUTTERFLY RAY",2023,"MAB",0.993124107862197,5,27
"SPINY BUTTERFLY RAY",2024,"MAB",1.03537804436468,18,27
"SPINY BUTTERFLY RAY",2025,"MAB",1.05954813433662,9,27
"SPINY DOGFISH",1992,"GB",1.0139856346737,293,33
"SPINY DOGFISH",1992,"GOM",1.07987725461176,252,33
"SPINY DOGFISH",1992,"MAB",1.02296108468774,69,32
"SPINY DOGFISH",1992,"SS",1.04917926017856,86,31
"SPINY DOGFISH",1993,"GB",1.01554885355174,148,33
"SPINY DOGFISH",1993,"GOM",1.10605274450713,308,33
"SPINY DOGFISH",1993,"MAB",1.10923013255307,42,32
"SPINY DOGFISH",1993,"SS",1.00505432298245,40,31
"SPINY DOGFISH",1994,"GB",1.06171439322833,219,33
"SPINY DOGFISH",1994,"GOM",1.08554424556724,225,33
"SPINY DOGFISH",1994,"MAB",1.09611870868944,51,32
"SPINY DOGFISH",1994,"SS",1.01491838933006,220,31
"SPINY DOGFISH",1995,"GB",1.02011473551351,203,33
"SPINY DOGFISH",1995,"GOM",1.0791394931127,458,33
"SPINY DOGFISH",1995,"MAB",1.00916946562808,31,32
"SPINY DOGFISH",1995,"SS",1.03012283726632,89,31
"SPINY DOGFISH",1996,"GB",1.02371991490753,249,33
"SPINY DOGFISH",1996,"GOM",1.05161681933729,261,33
"SPINY DOGFISH",1996,"MAB",1.06603940904879,190,32
"SPINY DOGFISH",1996,"SS",1.08137538205608,54,31
"SPINY DOGFISH",1997,"GB",1.00648702610603,317,33
"SPINY DOGFISH",1997,"GOM",1.0585629542281,285,33
"SPINY DOGFISH",1997,"MAB",1.04839468964515,155,32
"SPINY DOGFISH",1997,"SS",1.02676261541546,104,31
"SPINY DOGFISH",1998,"GB",1.00128163414674,432,33
"SPINY DOGFISH",1998,"GOM",1.02697246634592,421,33
"SPINY DOGFISH",1998,"MAB",1.03187683824626,354,32
"SPINY DOGFISH",1998,"SS",1.04583768108404,43,31
"SPINY DOGFISH",1998,NA,1.03928610180659,6,4
"SPINY DOGFISH",1999,"GB",1.01864885370368,354,33
"SPINY DOGFISH",1999,"GOM",1.0587814422465,426,33
"SPINY DOGFISH",1999,"MAB",1.02815109895065,254,32
"SPINY DOGFISH",1999,"SS",0.932201773879971,61,31
"SPINY DOGFISH",2000,"GB",1.01149356170857,202,33
"SPINY DOGFISH",2000,"GOM",1.02069431237224,370,33
"SPINY DOGFISH",2000,"MAB",1.07944035339579,98,32
"SPINY DOGFISH",2000,"SS",0.989690809767859,77,31
"SPINY DOGFISH",2001,"GB",0.981336649329024,376,33
"SPINY DOGFISH",2001,"GOM",0.995813339783785,365,33
"SPINY DOGFISH",2001,"MAB",1.01031904655041,218,32
"SPINY DOGFISH",2001,"SS",0.992765464306969,82,31
"SPINY DOGFISH",2002,"GB",1.02259719505361,182,33
"SPINY DOGFISH",2002,"GOM",1.0675406556013,203,33
"SPINY DOGFISH",2002,"MAB",1.08401647785811,112,32
"SPINY DOGFISH",2002,"SS",1.02430197096415,60,31
"SPINY DOGFISH",2003,"GB",1.01398319171784,92,33
"SPINY DOGFISH",2003,"GOM",0.999948845193807,213,33
"SPINY DOGFISH",2003,"MAB",1.06960403327743,159,32
"SPINY DOGFISH",2003,"SS",0.962530154932522,27,31
"SPINY DOGFISH",2004,"GB",1.03559599157121,111,33
"SPINY DOGFISH",2004,"GOM",0.979971800370204,135,33
"SPINY DOGFISH",2004,"MAB",1.0801947716481,79,32
"SPINY DOGFISH",2004,"SS",1.06621286814739,9,31
"SPINY DOGFISH",2005,"GB",1.00350260990269,161,33
"SPINY DOGFISH",2005,"GOM",1.00507994806228,160,33
"SPINY DOGFISH",2005,"MAB",1.03762046467664,116,32
"SPINY DOGFISH",2005,"SS",0.991241716071399,22,31
"SPINY DOGFISH",2006,"GB",1.04818654274183,254,33
"SPINY DOGFISH",2006,"GOM",1.04720841447413,373,33
"SPINY DOGFISH",2006,"MAB",1.06771099430906,128,32
"SPINY DOGFISH",2006,"SS",0.996083879814586,44,31
"SPINY DOGFISH",2007,"GB",1.05149207371494,198,33
"SPINY DOGFISH",2007,"GOM",1.06660568170501,244,33
"SPINY DOGFISH",2007,"MAB",1.09070121310713,79,32
"SPINY DOGFISH",2007,"SS",1.09360923492534,11,31
"SPINY DOGFISH",2008,"GB",1.06254687269915,289,33
"SPINY DOGFISH",2008,"GOM",1.01968630069003,197,33
"SPINY DOGFISH",2008,"MAB",1.0968316752124,71,32
"SPINY DOGFISH",2008,"SS",1.0685186939397,33,31
"SPINY DOGFISH",2009,"GB",0.98757512718595,111,33
"SPINY DOGFISH",2009,"GOM",1.01079265497209,76,33
"SPINY DOGFISH",2009,"MAB",1.0197788201019,136,32
"SPINY DOGFISH",2009,"SS",1.00120042641314,8,31
"SPINY DOGFISH",2010,"GB",1.00129601986561,67,33
"SPINY DOGFISH",2010,"GOM",0.986487016511549,42,33
"SPINY DOGFISH",2010,"MAB",1.01550628410233,57,32
"SPINY DOGFISH",2010,"SS",0.998938094531605,7,31
"SPINY DOGFISH",2011,"GB",0.998877896915435,188,33
"SPINY DOGFISH",2011,"GOM",0.993126037928035,149,33
"SPINY DOGFISH",2011,"MAB",1.03678861495658,132,32
"SPINY DOGFISH",2011,NA,0.995156182313538,3,4
"SPINY DOGFISH",2012,"GB",1.05585140735852,155,33
"SPINY DOGFISH",2012,"GOM",1.03279884233767,135,33
"SPINY DOGFISH",2012,"MAB",1.06259444808997,81,32
"SPINY DOGFISH",2012,"SS",1.05473000559679,8,31
"SPINY DOGFISH",2013,"GB",1.04479441659371,127,33
"SPINY DOGFISH",2013,"GOM",1.05181465334499,100,33
"SPINY DOGFISH",2013,"MAB",1.08489786277445,60,32
"SPINY DOGFISH",2013,"SS",1.13145608439564,4,31
"SPINY DOGFISH",2013,NA,1.0693116980827,5,4
"SPINY DOGFISH",2014,"GB",1.05436999970546,144,33
"SPINY DOGFISH",2014,"GOM",1.05386526371287,82,33
"SPINY DOGFISH",2014,"MAB",1.05027830589802,39,32
"SPINY DOGFISH",2014,"SS",1.01384489740022,13,31
"SPINY DOGFISH",2015,"GB",1.0817040589705,86,33
"SPINY DOGFISH",2015,"GOM",1.07719848999723,92,33
"SPINY DOGFISH",2015,"MAB",1.06668397658149,32,32
"SPINY DOGFISH",2015,"SS",1.06316297500723,11,31
"SPINY DOGFISH",2016,"GB",1.07585643032515,92,33
"SPINY DOGFISH",2016,"GOM",1.06292277689036,158,33
"SPINY DOGFISH",2016,"MAB",1.10567798522962,56,32
"SPINY DOGFISH",2016,"SS",1.05952938595259,30,31
"SPINY DOGFISH",2017,"GB",1.05779219017955,87,33
"SPINY DOGFISH",2017,"GOM",1.05632031612541,72,33
"SPINY DOGFISH",2017,"SS",1.04015442425419,26,31
"SPINY DOGFISH",2018,"GB",1.07548970510854,82,33
"SPINY DOGFISH",2018,"GOM",1.09723871203558,61,33
"SPINY DOGFISH",2018,"MAB",1.09518019976434,48,32
"SPINY DOGFISH",2019,"GB",1.02865788516034,135,33
"SPINY DOGFISH",2019,"GOM",1.04901484597243,94,33
"SPINY DOGFISH",2019,"MAB",1.07826398965609,49,32
"SPINY DOGFISH",2019,"SS",1.04129073054959,19,31
"SPINY DOGFISH",2021,"GB",1.05211203077147,136,33
"SPINY DOGFISH",2021,"GOM",1.05757774005257,134,33
"SPINY DOGFISH",2021,"MAB",1.08462085513476,27,32
"SPINY DOGFISH",2021,"SS",1.02789339824857,33,31
"SPINY DOGFISH",2022,"GB",1.04548679993605,84,33
"SPINY DOGFISH",2022,"GOM",1.04872204147238,75,33
"SPINY DOGFISH",2022,"MAB",1.04429773956717,47,32
"SPINY DOGFISH",2022,"SS",1.04515230001297,19,31
"SPINY DOGFISH",2023,"GB",1.03526431341653,149,33
"SPINY DOGFISH",2023,"GOM",1.02425850882768,155,33
"SPINY DOGFISH",2023,"MAB",1.05350737480164,46,32
"SPINY DOGFISH",2023,"SS",1.03176044983723,28,31
"SPINY DOGFISH",2024,"GB",1.03336045021034,146,33
"SPINY DOGFISH",2024,"GOM",1.03498180514826,177,33
"SPINY DOGFISH",2024,"MAB",1.07476141794339,53,32
"SPINY DOGFISH",2024,"SS",1.02149951073241,35,31
"SPINY DOGFISH",2024,NA,1.2138588687382,3,4
"SPINY DOGFISH",2025,"GB",1.00070935187168,38,33
"SPINY DOGFISH",2025,"GOM",1.03314038508319,50,33
"SPINY DOGFISH",2025,"MAB",1.09124979720963,17,32
"SPINY DOGFISH",2025,"SS",0.984630350499683,4,31
"SPOT",1992,"MAB",1.24565058521068,10,26
"SPOT",1999,"MAB",1.29936885229988,75,26
"SPOT",1999,NA,1.19637138520326,7,20
"SPOT",2000,"MAB",1.29761383142235,35,26
"SPOT",2000,NA,1.22676006344669,3,20
"SPOT",2001,"MAB",1.22109120802831,21,26
"SPOT",2001,NA,1.3504916978265,3,20
"SPOT",2002,"MAB",1.20303072880269,46,26
"SPOT",2002,NA,1.00104134992207,5,20
"SPOT",2003,"MAB",1.29542011363695,63,26
"SPOT",2003,NA,1.24978455058236,7,20
"SPOT",2004,"MAB",1.22657610728557,58,26
"SPOT",2005,"MAB",1.14749170480932,88,26
"SPOT",2006,"MAB",1.18529059109334,98,26
"SPOT",2006,NA,1.139965881835,8,20
"SPOT",2007,"MAB",1.21957237794143,63,26
"SPOT",2008,"MAB",1.10646895283598,115,26
"SPOT",2008,NA,1.13593565128281,8,20
"SPOT",2009,"MAB",1.2060433134812,47,26
"SPOT",2009,NA,1.05696919750559,4,20
"SPOT",2010,"MAB",1.20979967494594,45,26
"SPOT",2010,NA,1.10880663851885,11,20
"SPOT",2011,"MAB",1.25149016048799,32,26
"SPOT",2011,NA,1.22296619731106,4,20
"SPOT",2012,"MAB",1.14921795531698,58,26
"SPOT",2012,NA,1.20187109041653,3,20
"SPOT",2013,"MAB",1.19381491564736,43,26
"SPOT",2013,NA,1.09178712950038,7,20
"SPOT",2014,"MAB",1.27465932406704,32,26
"SPOT",2014,NA,1.07287793433788,3,20
"SPOT",2015,"MAB",1.24853349660009,26,26
"SPOT",2015,NA,1.21588636423934,3,20
"SPOT",2016,"MAB",1.30326868356603,46,26
"SPOT",2016,NA,1.18410007217227,7,20
"SPOT",2018,"MAB",1.32232882167026,164,26
"SPOT",2018,NA,1.15441470040443,5,20
"SPOT",2019,"MAB",1.23613572756923,205,26
"SPOT",2019,NA,1.10942915428122,4,20
"SPOT",2021,"MAB",1.18174306654143,166,26
"SPOT",2021,NA,1.2053223069042,11,20
"SPOT",2022,"MAB",1.21251922110919,175,26
"SPOT",2023,"MAB",1.21383841166545,82,26
"SPOT",2024,"GB",1.35109664045219,5,1
"SPOT",2024,"MAB",1.20338525068541,95,26
"SPOT",2024,NA,0.993071338763761,4,20
"SPOT",2025,"MAB",1.24669717890369,72,26
"SPOT",2025,NA,1.07991567175797,4,20
"SPOTTED HAKE",1992,"GB",0.9702175267652,5,32
"SPOTTED HAKE",1992,"MAB",1.0688949012871,398,32
"SPOTTED HAKE",1992,NA,1.05949849936718,10,23
"SPOTTED HAKE",1993,"GB",0.99712176291438,8,32
"SPOTTED HAKE",1993,"MAB",1.09046027631944,343,32
"SPOTTED HAKE",1994,"GB",0.968903053216836,7,32
"SPOTTED HAKE",1994,"MAB",1.07691112132915,411,32
"SPOTTED HAKE",1994,NA,0.994270312040604,4,23
"SPOTTED HAKE",1995,"GB",0.967810054405624,23,32
"SPOTTED HAKE",1995,"MAB",1.08789111981372,381,32
"SPOTTED HAKE",1996,"GB",1.08160192478918,11,32
"SPOTTED HAKE",1996,"MAB",1.08565658413898,439,32
"SPOTTED HAKE",1996,NA,1.05722867029603,21,23
"SPOTTED HAKE",1997,"GB",1.01852654291953,4,32
"SPOTTED HAKE",1997,"MAB",1.03604020699543,305,32
"SPOTTED HAKE",1997,NA,1.06534359394106,6,23
"SPOTTED HAKE",1998,"GB",0.950288490026604,8,32
"SPOTTED HAKE",1998,"MAB",1.04228870735262,525,32
"SPOTTED HAKE",1999,"GB",0.981932282931965,29,32
"SPOTTED HAKE",1999,"GOM",1.06883341636693,3,13
"SPOTTED HAKE",1999,"MAB",1.07022584308081,411,32
"SPOTTED HAKE",1999,"SS",1.10642439374827,3,1
"SPOTTED HAKE",2000,"GB",0.933995103395401,3,32
"SPOTTED HAKE",2000,"MAB",1.06125823918038,227,32
"SPOTTED HAKE",2000,NA,1.05208399787265,16,23
"SPOTTED HAKE",2001,"GB",0.971379126233754,14,32
"SPOTTED HAKE",2001,"MAB",1.0579628253745,231,32
"SPOTTED HAKE",2002,"GB",0.940821746235137,16,32
"SPOTTED HAKE",2002,"MAB",1.01916263534229,226,32
"SPOTTED HAKE",2002,NA,1.02329093533602,6,23
"SPOTTED HAKE",2003,"GB",1.03006077654486,16,32
"SPOTTED HAKE",2003,"MAB",1.05150119273374,338,32
"SPOTTED HAKE",2004,"GB",0.937424675801472,11,32
"SPOTTED HAKE",2004,"MAB",1.00960161489649,142,32
"SPOTTED HAKE",2005,"GB",1.02120506540696,9,32
"SPOTTED HAKE",2005,"MAB",1.03954911850259,208,32
"SPOTTED HAKE",2005,NA,1.08327364080429,4,23
"SPOTTED HAKE",2006,"GB",0.953018915755454,8,32
"SPOTTED HAKE",2006,"MAB",1.01182982289716,228,32
"SPOTTED HAKE",2006,NA,1.04810793300777,4,23
"SPOTTED HAKE",2007,"GB",0.972868794892257,11,32
"SPOTTED HAKE",2007,"MAB",1.02775494271519,146,32
"SPOTTED HAKE",2008,"GB",0.994216585807273,5,32
"SPOTTED HAKE",2008,"MAB",1.00766817517974,214,32
"SPOTTED HAKE",2008,NA,1.04668207091954,6,23
"SPOTTED HAKE",2009,"GB",1.0504416871026,14,32
"SPOTTED HAKE",2009,"MAB",1.02174525445344,279,32
"SPOTTED HAKE",2009,NA,1.09051273536361,5,23
"SPOTTED HAKE",2010,"GB",0.999161842491332,6,32
"SPOTTED HAKE",2010,"MAB",1.06666121655003,148,32
"SPOTTED HAKE",2011,"GB",0.974667101497202,27,32
"SPOTTED HAKE",2011,"MAB",1.08544558824849,299,32
"SPOTTED HAKE",2011,NA,1.05340647828446,18,23
"SPOTTED HAKE",2012,"GB",1.00474461798735,30,32
"SPOTTED HAKE",2012,"GOM",1.06538418131409,13,13
"SPOTTED HAKE",2012,"MAB",1.02324759566579,270,32
"SPOTTED HAKE",2012,NA,1.0920239069928,14,23
"SPOTTED HAKE",2013,"GB",1.08541850275748,23,32
"SPOTTED HAKE",2013,"GOM",1.12932666984346,22,13
"SPOTTED HAKE",2013,"MAB",1.07553075399321,349,32
"SPOTTED HAKE",2013,NA,1.12393786244749,19,23
"SPOTTED HAKE",2014,"GB",1.02205566038252,18,32
"SPOTTED HAKE",2014,"GOM",1.13399517267477,9,13
"SPOTTED HAKE",2014,"MAB",1.04321873176704,262,32
"SPOTTED HAKE",2014,NA,1.05296773339833,12,23
"SPOTTED HAKE",2015,"GB",1.04579541039834,30,32
"SPOTTED HAKE",2015,"GOM",1.07052127451393,12,13
"SPOTTED HAKE",2015,"MAB",1.05417457729328,279,32
"SPOTTED HAKE",2015,NA,1.10818745126005,16,23
"SPOTTED HAKE",2016,"GB",1.0315147502727,47,32
"SPOTTED HAKE",2016,"GOM",1.00524326735813,20,13
"SPOTTED HAKE",2016,"MAB",1.05911106683091,278,32
"SPOTTED HAKE",2016,NA,1.08364306671377,19,23
"SPOTTED HAKE",2018,"GB",1.00870689583516,50,32
"SPOTTED HAKE",2018,"GOM",1.03929067478103,19,13
"SPOTTED HAKE",2018,"MAB",1.08050055193708,288,32
"SPOTTED HAKE",2018,NA,1.11863818801995,12,23
"SPOTTED HAKE",2019,"GB",1.02165842923212,51,32
"SPOTTED HAKE",2019,"GOM",1.02953905089166,9,13
"SPOTTED HAKE",2019,"MAB",1.0574658216406,284,32
"SPOTTED HAKE",2019,NA,1.04359082589712,14,23
"SPOTTED HAKE",2021,"GB",1.01478226348835,65,32
"SPOTTED HAKE",2021,"GOM",1.06054103553531,10,13
"SPOTTED HAKE",2021,"MAB",1.06208405414014,246,32
"SPOTTED HAKE",2021,NA,0.968857899750272,11,23
"SPOTTED HAKE",2022,"GB",0.979334995144763,42,32
"SPOTTED HAKE",2022,"GOM",1.10097073004121,14,13
"SPOTTED HAKE",2022,"MAB",1.08906616525146,134,32
"SPOTTED HAKE",2022,NA,1.04975349068361,7,23
"SPOTTED HAKE",2023,"GB",1.04609886094783,56,32
"SPOTTED HAKE",2023,"GOM",1.03713728818243,15,13
"SPOTTED HAKE",2023,"MAB",1.08528296793815,227,32
"SPOTTED HAKE",2023,NA,1.03837541570478,14,23
"SPOTTED HAKE",2024,"GB",1.00466443595181,54,32
"SPOTTED HAKE",2024,"GOM",1.03949419669225,17,13
"SPOTTED HAKE",2024,"MAB",1.0799652292719,206,32
"SPOTTED HAKE",2024,NA,1.13017869822439,9,23
"SPOTTED HAKE",2025,"GB",1.02424047998339,19,32
"SPOTTED HAKE",2025,"GOM",1.08416847063177,11,13
"SPOTTED HAKE",2025,"MAB",1.08369949075958,118,32
"SPOTTED HAKE",2025,NA,1.10349562336274,6,23
"STRIPED BASS",1993,"MAB",0.932297857972782,16,14
"STRIPED BASS",1995,"GB",0.858674387414762,24,11
"STRIPED BASS",1995,"MAB",0.889479798866097,22,14
"STRIPED BASS",1998,"GB",0.953282457315684,21,11
"STRIPED BASS",1998,"MAB",0.873396742577995,13,14
"STRIPED BASS",1999,"MAB",0.856735415899538,4,14
"STRIPED BASS",2000,"GB",0.924302402644157,6,11
"STRIPED BASS",2002,"GB",0.849733258799578,27,11
"STRIPED BASS",2002,"MAB",0.885236368637591,40,14
"STRIPED BASS",2003,"MAB",0.797367976231981,49,14
"STRIPED BASS",2004,"GB",0.785869694804428,14,11
"STRIPED BASS",2004,"MAB",0.855217160039615,10,14
"STRIPED BASS",2005,"GOM",0.864690053057789,7,6
"STRIPED BASS",2005,"MAB",0.866580952926418,5,14
"STRIPED BASS",2006,"GB",0.889748947393086,7,11
"STRIPED BASS",2006,"MAB",0.881606556006876,16,14
"STRIPED BASS",2007,"GB",0.829648252249377,6,11
"STRIPED BASS",2007,"MAB",0.856780084370793,10,14
"STRIPED BASS",2008,"GB",0.877003035206066,3,11
"STRIPED BASS",2008,"MAB",0.956534885726387,4,14
"STRIPED BASS",2010,"GB",0.845413931681043,5,11
"STRIPED BASS",2010,"MAB",0.821395856413988,33,14
"STRIPED BASS",2012,"GB",0.898785391317549,3,11
"STRIPED BASS",2013,"MAB",0.758633606846019,13,14
"STRIPED BASS",2018,"GOM",0.858219723616656,18,6
"STRIPED BASS",2019,"MAB",0.812343892229796,3,14
"STRIPED BASS",2021,"GOM",0.965331263585303,4,6
"STRIPED BASS",2022,"GOM",0.893151532561396,9,6
"STRIPED BASS",2023,"GOM",0.846627904734078,8,6
"STRIPED BASS",2024,"GB",0.822925388872596,4,11
"STRIPED BASS",2024,"GOM",0.837429156764382,12,6
"STRIPED SEAROBIN",2005,"MAB",1.10991686831915,49,19
"STRIPED SEAROBIN",2006,"MAB",1.11483992941234,87,19
"STRIPED SEAROBIN",2007,"MAB",1.10532831420119,61,19
"STRIPED SEAROBIN",2008,"MAB",1.0795809005765,49,19
"STRIPED SEAROBIN",2009,"GB",1.14419803774924,4,9
"STRIPED SEAROBIN",2009,"MAB",1.14873086615332,53,19
"STRIPED SEAROBIN",2009,NA,1.30597695800044,3,6
"STRIPED SEAROBIN",2010,"MAB",1.16590080256575,56,19
"STRIPED SEAROBIN",2011,"MAB",1.09729180535628,65,19
"STRIPED SEAROBIN",2011,NA,1.05701360891612,3,6
"STRIPED SEAROBIN",2012,"GOM",1.17375956505824,13,9
"STRIPED SEAROBIN",2012,"MAB",1.07232590141672,42,19
"STRIPED SEAROBIN",2012,NA,1.1913238531295,9,6
"STRIPED SEAROBIN",2013,"GOM",1.22323472753886,3,9
"STRIPED SEAROBIN",2013,"MAB",1.14100923306034,46,19
"STRIPED SEAROBIN",2014,"GOM",1.22786304057933,7,9
"STRIPED SEAROBIN",2014,"MAB",1.1521709734902,53,19
"STRIPED SEAROBIN",2014,NA,1.1208678298793,3,6
"STRIPED SEAROBIN",2015,"GOM",1.26577071658406,5,9
"STRIPED SEAROBIN",2015,"MAB",1.18020460969569,87,19
"STRIPED SEAROBIN",2016,"GB",1.24794560778128,13,9
"STRIPED SEAROBIN",2016,"GOM",1.23337073566023,13,9
"STRIPED SEAROBIN",2016,"MAB",1.09831623995078,74,19
"STRIPED SEAROBIN",2016,NA,1.16436635367025,4,6
"STRIPED SEAROBIN",2018,"GB",1.16483152014811,7,9
"STRIPED SEAROBIN",2018,"MAB",1.10779963323066,80,19
"STRIPED SEAROBIN",2019,"GB",1.15936861847365,11,9
"STRIPED SEAROBIN",2019,"GOM",1.29897452079241,3,9
"STRIPED SEAROBIN",2019,"MAB",1.10519592597544,98,19
"STRIPED SEAROBIN",2021,"GB",1.29466642788678,9,9
"STRIPED SEAROBIN",2021,"MAB",1.15463024568603,83,19
"STRIPED SEAROBIN",2021,NA,1.13208533206617,3,6
"STRIPED SEAROBIN",2022,"GB",1.30937247241625,5,9
"STRIPED SEAROBIN",2022,"GOM",1.18770872702972,5,9
"STRIPED SEAROBIN",2022,"MAB",1.1658947130322,94,19
"STRIPED SEAROBIN",2023,"GB",1.28549421695994,5,9
"STRIPED SEAROBIN",2023,"GOM",1.29761083784237,4,9
"STRIPED SEAROBIN",2023,"MAB",1.15385872611172,113,19
"STRIPED SEAROBIN",2024,"GB",1.22919934625969,11,9
"STRIPED SEAROBIN",2024,"GOM",1.25314521452704,5,9
"STRIPED SEAROBIN",2024,"MAB",1.10939641908316,96,19
"STRIPED SEAROBIN",2025,"GB",1.2941309543083,6,9
"STRIPED SEAROBIN",2025,"MAB",1.1230740643233,58,19
"SUMMER FLOUNDER",1992,"GB",1.08659384472537,8,33
"SUMMER FLOUNDER",1992,"GOM",1.09507971669007,6,25
"SUMMER FLOUNDER",1992,"MAB",1.03639471361094,275,32
"SUMMER FLOUNDER",1993,"GB",1.15989518217725,3,33
"SUMMER FLOUNDER",1993,"GOM",1.14872712434112,3,25
"SUMMER FLOUNDER",1993,"MAB",1.04975847697471,227,32
"SUMMER FLOUNDER",1994,"GB",1.14231366595737,8,33
"SUMMER FLOUNDER",1994,"GOM",0.977743104094605,3,25
"SUMMER FLOUNDER",1994,"MAB",1.05379993779382,240,32
"SUMMER FLOUNDER",1994,NA,1.17305968194783,4,3
"SUMMER FLOUNDER",1995,"GB",1.10644731745865,13,33
"SUMMER FLOUNDER",1995,"MAB",1.02121951987048,285,32
"SUMMER FLOUNDER",1996,"GB",1.04271907582911,9,33
"SUMMER FLOUNDER",1996,"MAB",1.01367953928436,323,32
"SUMMER FLOUNDER",1997,"GB",1.11304368605648,14,33
"SUMMER FLOUNDER",1997,"GOM",1.07814887296277,5,25
"SUMMER FLOUNDER",1997,"MAB",1.06619582023441,638,32
"SUMMER FLOUNDER",1998,"GB",1.04682105761059,38,33
"SUMMER FLOUNDER",1998,"MAB",1.05125622670551,536,32
"SUMMER FLOUNDER",1999,"GB",1.06893345465302,32,33
"SUMMER FLOUNDER",1999,"MAB",1.03051307541723,390,32
"SUMMER FLOUNDER",1999,NA,1.09667832605034,4,3
"SUMMER FLOUNDER",2000,"GB",1.09710013760288,54,33
"SUMMER FLOUNDER",2000,"GOM",1.14444438120358,5,25
"SUMMER FLOUNDER",2000,"MAB",1.05536573685946,397,32
"SUMMER FLOUNDER",2001,"GB",1.05779308395127,35,33
"SUMMER FLOUNDER",2001,"GOM",1.06184522894254,4,25
"SUMMER FLOUNDER",2001,"MAB",1.01331698415982,382,32
"SUMMER FLOUNDER",2002,"GB",1.03951900894837,35,33
"SUMMER FLOUNDER",2002,"GOM",1.12429653444636,12,25
"SUMMER FLOUNDER",2002,"MAB",1.01436310267401,402,32
"SUMMER FLOUNDER",2003,"GB",1.06451638475705,36,33
"SUMMER FLOUNDER",2003,"MAB",1.04854009317661,284,32
"SUMMER FLOUNDER",2004,"GB",1.01719419172282,30,33
"SUMMER FLOUNDER",2004,"GOM",1.09474102555787,3,25
"SUMMER FLOUNDER",2004,"MAB",1.02208727205445,410,32
"SUMMER FLOUNDER",2005,"GB",1.04416770204671,80,33
"SUMMER FLOUNDER",2005,"MAB",1.02709088477341,328,32
"SUMMER FLOUNDER",2006,"GB",1.09112487254732,76,33
"SUMMER FLOUNDER",2006,"GOM",1.16103846057215,8,25
"SUMMER FLOUNDER",2006,"MAB",1.02199176781416,269,32
"SUMMER FLOUNDER",2007,"GB",1.08934824593959,72,33
"SUMMER FLOUNDER",2007,"GOM",1.16132930195174,3,25
"SUMMER FLOUNDER",2007,"MAB",1.02565445160273,381,32
"SUMMER FLOUNDER",2008,"GB",1.08202544099753,36,33
"SUMMER FLOUNDER",2008,"GOM",1.0998532988998,10,25
"SUMMER FLOUNDER",2008,"MAB",1.01350926233351,415,32
"SUMMER FLOUNDER",2009,"GB",1.02131463162635,63,33
"SUMMER FLOUNDER",2009,"GOM",1.18511421032669,3,25
"SUMMER FLOUNDER",2009,"MAB",1.02019718767359,678,32
"SUMMER FLOUNDER",2009,NA,1.03216160094865,7,3
"SUMMER FLOUNDER",2010,"GB",1.01188471114007,53,33
"SUMMER FLOUNDER",2010,"MAB",1.00686678718646,581,32
"SUMMER FLOUNDER",2011,"GB",1.09726687449754,138,33
"SUMMER FLOUNDER",2011,"GOM",1.08152385057183,4,25
"SUMMER FLOUNDER",2011,"MAB",1.01363384659626,407,32
"SUMMER FLOUNDER",2012,"GB",1.08322202992177,91,33
"SUMMER FLOUNDER",2012,"GOM",1.097862964615,11,25
"SUMMER FLOUNDER",2012,"MAB",1.01676943921378,461,32
"SUMMER FLOUNDER",2013,"GB",1.08131259966756,81,33
"SUMMER FLOUNDER",2013,"GOM",1.08775114579707,8,25
"SUMMER FLOUNDER",2013,"MAB",1.01403835624116,485,32
"SUMMER FLOUNDER",2014,"GB",1.1438207714079,52,33
"SUMMER FLOUNDER",2014,"GOM",1.11213301620021,3,25
"SUMMER FLOUNDER",2014,"MAB",1.02182632105293,523,32
"SUMMER FLOUNDER",2015,"GB",1.11859441955289,85,33
"SUMMER FLOUNDER",2015,"GOM",1.20005379284548,4,25
"SUMMER FLOUNDER",2015,"MAB",1.02741388322171,456,32
"SUMMER FLOUNDER",2016,"GB",1.12225329212174,93,33
"SUMMER FLOUNDER",2016,"GOM",1.16625571975844,22,25
"SUMMER FLOUNDER",2016,"MAB",1.02302224960888,353,32
"SUMMER FLOUNDER",2017,"GB",1.07213965774595,23,33
"SUMMER FLOUNDER",2018,"GB",1.0603996529121,97,33
"SUMMER FLOUNDER",2018,"GOM",1.14837601426918,15,25
"SUMMER FLOUNDER",2018,"MAB",1.01244396914433,305,32
"SUMMER FLOUNDER",2019,"GB",1.08253076719905,56,33
"SUMMER FLOUNDER",2019,"GOM",1.17859714901625,6,25
"SUMMER FLOUNDER",2019,"MAB",0.994464841469202,572,32
"SUMMER FLOUNDER",2021,"GB",1.08064357840002,67,33
"SUMMER FLOUNDER",2021,"GOM",1.12423952963973,14,25
"SUMMER FLOUNDER",2021,"MAB",1.02079809194755,430,32
"SUMMER FLOUNDER",2022,"GB",1.10600620506771,98,33
"SUMMER FLOUNDER",2022,"GOM",1.10933817226875,23,25
"SUMMER FLOUNDER",2022,"MAB",1.0346784897872,523,32
"SUMMER FLOUNDER",2023,"GB",1.08152349726476,90,33
"SUMMER FLOUNDER",2023,"GOM",1.08561995964832,35,25
"SUMMER FLOUNDER",2023,"MAB",1.00835138249755,593,32
"SUMMER FLOUNDER",2024,"GB",0.964113463483326,155,33
"SUMMER FLOUNDER",2024,"GOM",1.1055709558547,17,25
"SUMMER FLOUNDER",2024,"MAB",0.972841423832908,448,32
"SUMMER FLOUNDER",2025,"GB",1.02086288346077,60,33
"SUMMER FLOUNDER",2025,"GOM",1.10671577660463,18,25
"SUMMER FLOUNDER",2025,"MAB",0.9663359925862,313,32
"TAUTOG",1999,"MAB",1.03573437038355,9,9
"TAUTOG",2001,"MAB",1.0648577427547,3,9
"TAUTOG",2002,"MAB",1.00779095131634,5,9
"TAUTOG",2003,"MAB",0.966115839648363,8,9
"TAUTOG",2006,"MAB",1.05652661508145,6,9
"TAUTOG",2007,"MAB",0.983539679141068,7,9
"TAUTOG",2009,"MAB",1.00376142213223,9,9
"TAUTOG",2011,"MAB",1.0277705926716,4,9
"TAUTOG",2014,"MAB",0.997704848054698,4,9
"THORNY SKATE",1992,"GB",0.879057782628608,24,32
"THORNY SKATE",1992,"GOM",1.04174141447491,62,33
"THORNY SKATE",1992,"SS",1.09036106662751,28,28
"THORNY SKATE",1993,"GB",0.931108559826976,26,32
"THORNY SKATE",1993,"GOM",1.04668562506079,55,33
"THORNY SKATE",1993,"SS",1.02108406731618,6,28
"THORNY SKATE",1994,"GB",0.958693094148382,18,32
"THORNY SKATE",1994,"GOM",1.02175982251921,64,33
"THORNY SKATE",1994,"SS",1.05421931530046,8,28
"THORNY SKATE",1995,"GB",0.951490697566123,12,32
"THORNY SKATE",1995,"GOM",1.04315932634773,59,33
"THORNY SKATE",1995,"SS",1.02561785705871,6,28
"THORNY SKATE",1996,"GB",0.867470287122133,28,32
"THORNY SKATE",1996,"GOM",1.02730584175667,51,33
"THORNY SKATE",1996,"SS",0.908311134460233,9,28
"THORNY SKATE",1997,"GB",1.03708199360653,5,32
"THORNY SKATE",1997,"GOM",1.04476539341379,21,33
"THORNY SKATE",1997,"SS",0.909855049330224,6,28
"THORNY SKATE",1998,"GB",0.896685163984343,17,32
"THORNY SKATE",1998,"GOM",1.04600515304221,35,33
"THORNY SKATE",1998,"SS",0.840869092131256,3,28
"THORNY SKATE",1999,"GB",1.05514893578004,14,32
"THORNY SKATE",1999,"GOM",1.03697345124372,20,33
"THORNY SKATE",1999,"SS",1.00591106495332,4,28
"THORNY SKATE",2000,"GB",0.916550739461355,23,32
"THORNY SKATE",2000,"GOM",0.987646340205064,37,33
"THORNY SKATE",2000,"SS",0.976469538729996,9,28
"THORNY SKATE",2001,"GB",0.910971533803365,23,32
"THORNY SKATE",2001,"GOM",0.970079894227953,32,33
"THORNY SKATE",2001,"SS",0.98107401320276,6,28
"THORNY SKATE",2002,"GB",0.913827893498503,7,32
"THORNY SKATE",2002,"GOM",0.939139967041013,22,33
"THORNY SKATE",2002,"SS",0.981777170515011,9,28
"THORNY SKATE",2003,"GB",0.960310174228743,56,32
"THORNY SKATE",2003,"GOM",0.986186387998088,42,33
"THORNY SKATE",2003,"SS",0.979878336482769,19,28
"THORNY SKATE",2004,"GB",0.948992456434098,20,32
"THORNY SKATE",2004,"GOM",1.00631171546391,21,33
"THORNY SKATE",2004,"SS",1.05871019095189,4,28
"THORNY SKATE",2005,"GB",0.937213189338035,8,32
"THORNY SKATE",2005,"GOM",0.993093018396984,12,33
"THORNY SKATE",2005,"SS",0.973068749770207,5,28
"THORNY SKATE",2006,"GB",0.957375760179954,6,32
"THORNY SKATE",2006,"GOM",1.05279260513341,27,33
"THORNY SKATE",2006,"SS",0.989311441099797,4,28
"THORNY SKATE",2007,"GB",0.974868450450202,9,32
"THORNY SKATE",2007,"GOM",0.864597342607393,19,33
"THORNY SKATE",2008,"GB",0.948512472866391,7,32
"THORNY SKATE",2008,"GOM",0.978433459381142,21,33
"THORNY SKATE",2009,"GB",0.914520559646056,10,32
"THORNY SKATE",2009,"GOM",1.00692419845943,51,33
"THORNY SKATE",2009,"SS",1.11278695305319,11,28
"THORNY SKATE",2010,"GB",0.977340569753653,37,32
"THORNY SKATE",2010,"GOM",0.967001287532251,40,33
"THORNY SKATE",2010,"SS",1.0093897793685,5,28
"THORNY SKATE",2011,"GB",0.950918587225476,27,32
"THORNY SKATE",2011,"GOM",1.02478869470212,48,33
"THORNY SKATE",2011,"SS",1.05589699183622,7,28
"THORNY SKATE",2012,"GB",0.877902283598137,5,32
"THORNY SKATE",2012,"GOM",0.970848742435514,48,33
"THORNY SKATE",2012,"SS",1.02164116857667,8,28
"THORNY SKATE",2013,"GB",1.0363410491296,32,32
"THORNY SKATE",2013,"GOM",1.0305547670303,47,33
"THORNY SKATE",2013,"SS",1.10846046099605,4,28
"THORNY SKATE",2014,"GB",0.985986220978328,21,32
"THORNY SKATE",2014,"GOM",1.03374726535697,79,33
"THORNY SKATE",2014,"SS",1.02158131327092,5,28
"THORNY SKATE",2015,"GB",1.02284959192226,15,32
"THORNY SKATE",2015,"GOM",1.09917884095363,69,33
"THORNY SKATE",2015,"SS",0.93839057133878,6,28
"THORNY SKATE",2016,"GB",0.956308248085656,8,32
"THORNY SKATE",2016,"GOM",1.06175000399587,48,33
"THORNY SKATE",2016,"SS",0.872230712198114,6,28
"THORNY SKATE",2017,"GB",0.921053357661888,24,32
"THORNY SKATE",2017,"GOM",0.987349220337752,44,33
"THORNY SKATE",2017,"SS",0.932398579964956,7,28
"THORNY SKATE",2018,"GB",1.0289217753315,13,32
"THORNY SKATE",2018,"GOM",1.02814079159806,57,33
"THORNY SKATE",2019,"GB",1.00846233370526,6,32
"THORNY SKATE",2019,"GOM",1.03564078012542,56,33
"THORNY SKATE",2019,"SS",0.992500798297552,4,28
"THORNY SKATE",2021,"GB",1.00772929963867,13,32
"THORNY SKATE",2021,"GOM",1.01004757736626,23,33
"THORNY SKATE",2021,"SS",1.03804821015861,3,28
"THORNY SKATE",2022,"GOM",1.0690825453106,24,33
"THORNY SKATE",2022,"SS",0.959419678267876,7,28
"THORNY SKATE",2023,"GB",0.991907757199531,8,32
"THORNY SKATE",2023,"GOM",1.04434298168432,21,33
"THORNY SKATE",2023,"SS",0.987205557557485,3,28
"THORNY SKATE",2024,"GB",0.93258087094551,8,32
"THORNY SKATE",2024,"GOM",1.00648493094471,37,33
"THORNY SKATE",2025,"GB",0.911246297637462,9,32
"THORNY SKATE",2025,"GOM",1.0102283480497,13,33
"TILEFISH",2009,"MAB",0.942243817539722,3,12
"TILEFISH",2010,"MAB",0.901336486030076,3,12
"TILEFISH",2012,"MAB",0.946435035051285,3,12
"TILEFISH",2015,"MAB",0.914399954744216,8,12
"TILEFISH",2016,"MAB",0.893765276157023,16,12
"TILEFISH",2018,"MAB",0.878338352958083,5,12
"TILEFISH",2019,"MAB",0.904678913547657,9,12
"TILEFISH",2021,"MAB",0.888866801198863,5,12
"TILEFISH",2022,"MAB",0.921906433484015,15,12
"TILEFISH",2023,"MAB",0.934889059570415,25,12
"TILEFISH",2024,"MAB",0.837522822297806,3,12
"TILEFISH",2025,"MAB",0.85532073641184,3,12
"VERMILION SNAPPER",2002,NA,1.1421442672528,3,1
"WEAKFISH",1992,"MAB",1.0829871293714,214,32
"WEAKFISH",1993,"MAB",1.04255849834999,140,32
"WEAKFISH",1993,NA,0.982039374093268,4,10
"WEAKFISH",1994,"MAB",1.1149607747724,268,32
"WEAKFISH",1995,"MAB",1.08296821623345,564,32
"WEAKFISH",1996,"MAB",1.01445397682934,375,32
"WEAKFISH",1996,NA,1.01957735507744,12,10
"WEAKFISH",1997,"MAB",1.02659741858567,163,32
"WEAKFISH",1998,"MAB",1.05349772177958,472,32
"WEAKFISH",1999,"MAB",1.09463911056311,653,32
"WEAKFISH",1999,NA,1.09247586943958,59,10
"WEAKFISH",2000,"MAB",1.01973876736986,514,32
"WEAKFISH",2000,NA,1.05203829662987,5,10
"WEAKFISH",2001,"MAB",1.03946820332012,623,32
"WEAKFISH",2002,"MAB",0.994386198310738,714,32
"WEAKFISH",2002,NA,1.04218417538989,3,10
"WEAKFISH",2003,"MAB",1.09653621971125,1037,32
"WEAKFISH",2003,NA,1.0486498008931,64,10
"WEAKFISH",2004,"MAB",1.0262374769793,597,32
"WEAKFISH",2004,NA,1.04899355460596,20,10
"WEAKFISH",2005,"MAB",1.04400481765306,673,32
"WEAKFISH",2006,"MAB",1.02381358626412,1263,32
"WEAKFISH",2007,"MAB",1.02631316030769,703,32
"WEAKFISH",2008,"MAB",1.00296842566484,626,32
"WEAKFISH",2008,NA,1.00242818690349,4,10
"WEAKFISH",2009,"MAB",1.06438663842805,128,32
"WEAKFISH",2010,"MAB",1.06093546845553,176,32
"WEAKFISH",2011,"MAB",1.03297604410946,287,32
"WEAKFISH",2011,NA,1.05993809274019,6,10
"WEAKFISH",2012,"MAB",1.01875752251458,193,32
"WEAKFISH",2013,"MAB",1.01622346681893,32,32
"WEAKFISH",2014,"MAB",1.043258747801,92,32
"WEAKFISH",2015,"MAB",1.05682807901717,129,32
"WEAKFISH",2016,"MAB",1.01064177850627,244,32
"WEAKFISH",2016,NA,1.03463712750351,6,10
"WEAKFISH",2018,"MAB",1.0747371504435,280,32
"WEAKFISH",2019,"GB",1.11083254947631,8,5
"WEAKFISH",2019,"MAB",1.03761288228008,178,32
"WEAKFISH",2021,"GB",1.10564090689227,3,5
"WEAKFISH",2021,"MAB",1.02406139910284,102,32
"WEAKFISH",2022,"GB",1.00912970160928,4,5
"WEAKFISH",2022,"MAB",1.07038162112629,141,32
"WEAKFISH",2023,"GB",1.16319440752021,5,5
"WEAKFISH",2023,"MAB",1.07859780364672,81,32
"WEAKFISH",2024,"MAB",1.05433756741992,88,32
"WEAKFISH",2025,"GB",1.10353332786093,5,5
"WEAKFISH",2025,"MAB",1.04804052708575,44,32
"WHITE HAKE",1992,"GB",1.17011102449145,39,31
"WHITE HAKE",1992,"GOM",1.09090825629941,542,33
"WHITE HAKE",1992,"MAB",1.1542956287109,7,9
"WHITE HAKE",1992,"SS",1.04759619573604,77,32
"WHITE HAKE",1993,"GB",1.47703904742434,25,31
"WHITE HAKE",1993,"GOM",1.13443964723119,555,33
"WHITE HAKE",1993,"SS",1.09847320297451,90,32
"WHITE HAKE",1994,"GB",1.21677506049644,28,31
"WHITE HAKE",1994,"GOM",1.13518015574682,395,33
"WHITE HAKE",1994,"SS",1.04231109990954,146,32
"WHITE HAKE",1995,"GB",1.39494173806303,3,31
"WHITE HAKE",1995,"GOM",1.11635707175229,441,33
"WHITE HAKE",1995,"SS",1.04138619283813,56,32
"WHITE HAKE",1996,"GB",1.2704951434554,6,31
"WHITE HAKE",1996,"GOM",1.11807971179917,221,33
"WHITE HAKE",1996,"MAB",1.15281608289773,14,9
"WHITE HAKE",1996,"SS",1.08449616935175,46,32
"WHITE HAKE",1997,"GB",1.14159375820172,32,31
"WHITE HAKE",1997,"GOM",1.13809650038966,224,33
"WHITE HAKE",1997,"MAB",1.05651676096836,9,9
"WHITE HAKE",1997,"SS",1.05841028577195,16,32
"WHITE HAKE",1998,"GB",1.18590493575431,21,31
"WHITE HAKE",1998,"GOM",1.10459918965686,332,33
"WHITE HAKE",1998,"MAB",1.25452366309843,4,9
"WHITE HAKE",1998,"SS",1.13429896375891,13,32
"WHITE HAKE",1999,"GB",1.21974118235319,23,31
"WHITE HAKE",1999,"GOM",1.1334785962061,331,33
"WHITE HAKE",1999,"SS",1.09706717471734,24,32
"WHITE HAKE",2000,"GB",1.13752645677968,17,31
"WHITE HAKE",2000,"GOM",1.07712068612441,364,33
"WHITE HAKE",2000,"SS",1.03554883430561,60,32
"WHITE HAKE",2001,"GB",1.06811581053185,4,31
"WHITE HAKE",2001,"GOM",1.11333242362876,303,33
"WHITE HAKE",2001,"SS",1.0868383208941,68,32
"WHITE HAKE",2002,"GOM",1.08929466926526,276,33
"WHITE HAKE",2002,"SS",1.07601828712388,77,32
"WHITE HAKE",2003,"GB",1.10219402187278,35,31
"WHITE HAKE",2003,"GOM",1.07944328715615,209,33
"WHITE HAKE",2003,"SS",1.04842567950369,79,32
"WHITE HAKE",2004,"GB",1.11063342395821,29,31
"WHITE HAKE",2004,"GOM",1.08907501910772,183,33
"WHITE HAKE",2004,"MAB",1.068302329823,3,9
"WHITE HAKE",2004,"SS",1.05963582892985,43,32
"WHITE HAKE",2004,NA,1.08670324577403,5,1
"WHITE HAKE",2005,"GB",1.10520853866893,27,31
"WHITE HAKE",2005,"GOM",1.08215965073198,202,33
"WHITE HAKE",2005,"SS",0.985950800098173,15,32
"WHITE HAKE",2006,"GB",1.07167005484234,18,31
"WHITE HAKE",2006,"GOM",1.10465839046831,279,33
"WHITE HAKE",2006,"SS",1.07963003420308,45,32
"WHITE HAKE",2007,"GB",1.31064699540169,68,31
"WHITE HAKE",2007,"GOM",1.1105434482892,409,33
"WHITE HAKE",2007,"MAB",1.14868288425797,10,9
"WHITE HAKE",2007,"SS",1.06971513702183,69,32
"WHITE HAKE",2008,"GB",1.10812438065485,65,31
"WHITE HAKE",2008,"GOM",1.09681199800298,400,33
"WHITE HAKE",2008,"SS",1.07705142075802,108,32
"WHITE HAKE",2009,"GB",1.14101506906141,126,31
"WHITE HAKE",2009,"GOM",1.0914402963107,628,33
"WHITE HAKE",2009,"SS",1.07454347049897,169,32
"WHITE HAKE",2010,"GB",1.10990254421471,94,31
"WHITE HAKE",2010,"GOM",1.09448310493736,683,33
"WHITE HAKE",2010,"MAB",0.999247877612784,14,9
"WHITE HAKE",2010,"SS",1.09834972904594,124,32
"WHITE HAKE",2011,"GB",1.17335371121974,70,31
"WHITE HAKE",2011,"GOM",1.0968818182597,664,33
"WHITE HAKE",2011,"SS",1.10285035559948,31,32
"WHITE HAKE",2012,"GB",1.18199129223211,47,31
"WHITE HAKE",2012,"GOM",1.13093519589456,656,33
"WHITE HAKE",2012,"SS",1.11592866914774,88,32
"WHITE HAKE",2013,"GB",1.14673800552827,59,31
"WHITE HAKE",2013,"GOM",1.14600690530195,341,33
"WHITE HAKE",2013,"SS",1.14808061306331,53,32
"WHITE HAKE",2014,"GB",1.17247723574466,42,31
"WHITE HAKE",2014,"GOM",1.14961251884889,516,33
"WHITE HAKE",2014,"SS",1.10817217172358,97,32
"WHITE HAKE",2015,"GB",1.19551640146083,43,31
"WHITE HAKE",2015,"GOM",1.13319635430007,744,33
"WHITE HAKE",2015,"MAB",1.10693797843922,4,9
"WHITE HAKE",2015,"SS",1.16958974935706,146,32
"WHITE HAKE",2016,"GB",1.1450921944719,58,31
"WHITE HAKE",2016,"GOM",1.08392287415345,612,33
"WHITE HAKE",2016,"MAB",1.04383835264933,3,9
"WHITE HAKE",2016,"SS",1.06314195303715,171,32
"WHITE HAKE",2017,"GB",1.14793387494786,79,31
"WHITE HAKE",2017,"GOM",1.08059979833646,423,33
"WHITE HAKE",2017,"SS",1.0621405137901,97,32
"WHITE HAKE",2018,"GB",1.24337882829613,78,31
"WHITE HAKE",2018,"GOM",1.14399584745868,258,33
"WHITE HAKE",2019,"GB",1.1978474564955,171,31
"WHITE HAKE",2019,"GOM",1.11777856679568,424,33
"WHITE HAKE",2019,"SS",1.08252574321436,110,32
"WHITE HAKE",2021,"GB",1.16876275267975,15,31
"WHITE HAKE",2021,"GOM",1.05906987582711,451,33
"WHITE HAKE",2021,"SS",1.10143710703261,121,32
"WHITE HAKE",2022,"GOM",1.08888615759469,223,33
"WHITE HAKE",2022,"SS",1.13552554200197,59,32
"WHITE HAKE",2023,"GB",1.17575423948875,49,31
"WHITE HAKE",2023,"GOM",1.05697818228293,387,33
"WHITE HAKE",2023,"SS",1.1165669661462,39,32
"WHITE HAKE",2024,"GB",1.04333130717117,13,31
"WHITE HAKE",2024,"GOM",1.04415596229329,386,33
"WHITE HAKE",2024,"SS",1.04879982988178,48,32
"WHITE HAKE",2025,"GB",1.17345845256604,19,31
"WHITE HAKE",2025,"GOM",1.07252204519677,196,33
"WHITE HAKE",2025,"SS",1.08505298492716,8,32
"WINDOWPANE",1992,"GB",0.954593369316433,164,33
"WINDOWPANE",1992,"GOM",1.06592170744497,36,33
"WINDOWPANE",1992,"MAB",1.02571886652625,150,32
"WINDOWPANE",1993,"GB",0.904682342448463,158,33
"WINDOWPANE",1993,"GOM",1.02146290865061,37,33
"WINDOWPANE",1993,"MAB",1.03932177137846,119,32
"WINDOWPANE",1994,"GB",0.939765267234531,88,33
"WINDOWPANE",1994,"GOM",0.996138409310738,32,33
"WINDOWPANE",1994,"MAB",1.05448955050992,172,32
"WINDOWPANE",1995,"GB",0.888466957428656,197,33
"WINDOWPANE",1995,"GOM",0.898145530635075,26,33
"WINDOWPANE",1995,"MAB",1.04591366784021,184,32
"WINDOWPANE",1996,"GB",0.899036185260825,188,33
"WINDOWPANE",1996,"GOM",0.969088006270115,42,33
"WINDOWPANE",1996,"MAB",1.01402228406976,124,32
"WINDOWPANE",1997,"GB",0.884337897558868,129,33
"WINDOWPANE",1997,"GOM",0.991722320308987,9,33
"WINDOWPANE",1997,"MAB",1.04813217286778,99,32
"WINDOWPANE",1998,"GB",0.870914530159051,287,33
"WINDOWPANE",1998,"GOM",0.916661857477558,14,33
"WINDOWPANE",1998,"MAB",1.02605046933561,132,32
"WINDOWPANE",1999,"GB",0.911212858257226,187,33
"WINDOWPANE",1999,"GOM",0.951705350579745,17,33
"WINDOWPANE",1999,"MAB",1.00530971212652,102,32
"WINDOWPANE",1999,"SS",1.01883703312097,11,1
"WINDOWPANE",2000,"GB",0.871662589014152,120,33
"WINDOWPANE",2000,"GOM",0.946174001092882,16,33
"WINDOWPANE",2000,"MAB",1.02671840952972,92,32
"WINDOWPANE",2001,"GB",0.85219935988166,164,33
"WINDOWPANE",2001,"GOM",0.922771542116334,14,33
"WINDOWPANE",2001,"MAB",1.01588089382241,124,32
"WINDOWPANE",2002,"GB",0.881141620728758,177,33
"WINDOWPANE",2002,"GOM",0.890704495199288,23,33
"WINDOWPANE",2002,"MAB",1.00104798288446,116,32
"WINDOWPANE",2003,"GB",0.895727888417985,174,33
"WINDOWPANE",2003,"GOM",0.920842915363823,9,33
"WINDOWPANE",2003,"MAB",1.02775592044704,230,32
"WINDOWPANE",2004,"GB",0.886441808811415,122,33
"WINDOWPANE",2004,"GOM",0.944986787951548,13,33
"WINDOWPANE",2004,"MAB",1.02367096401159,84,32
"WINDOWPANE",2005,"GB",0.899530211381526,145,33
"WINDOWPANE",2005,"GOM",0.950625353653252,30,33
"WINDOWPANE",2005,"MAB",1.02898108354556,122,32
"WINDOWPANE",2006,"GB",0.915492395726496,166,33
"WINDOWPANE",2006,"GOM",1.00364061324277,10,33
"WINDOWPANE",2006,"MAB",0.970148389298109,220,32
"WINDOWPANE",2007,"GB",0.89446795429044,120,33
"WINDOWPANE",2007,"GOM",0.897076194255872,25,33
"WINDOWPANE",2007,"MAB",0.990603014011101,107,32
"WINDOWPANE",2008,"GB",0.899219853657882,121,33
"WINDOWPANE",2008,"GOM",0.943576064329456,33,33
"WINDOWPANE",2008,"MAB",1.01580019960914,128,32
"WINDOWPANE",2009,"GB",0.899827901986584,194,33
"WINDOWPANE",2009,"GOM",0.952639923295866,43,33
"WINDOWPANE",2009,"MAB",0.971990869807051,130,32
"WINDOWPANE",2010,"GB",0.90256700624831,206,33
"WINDOWPANE",2010,"GOM",0.950235580564494,37,33
"WINDOWPANE",2010,"MAB",1.01073134502746,236,32
"WINDOWPANE",2011,"GB",0.915579970239205,194,33
"WINDOWPANE",2011,"GOM",1.01901082084535,91,33
"WINDOWPANE",2011,"MAB",0.988182919603009,358,32
"WINDOWPANE",2012,"GB",0.968582830818405,208,33
"WINDOWPANE",2012,"GOM",0.95572313314079,137,33
"WINDOWPANE",2012,"MAB",1.01532853070361,288,32
"WINDOWPANE",2013,"GB",0.934255984440066,249,33
"WINDOWPANE",2013,"GOM",0.953961508039851,98,33
"WINDOWPANE",2013,"MAB",0.972146111503096,220,32
"WINDOWPANE",2014,"GB",0.965512679047096,199,33
"WINDOWPANE",2014,"GOM",0.989644772224352,134,33
"WINDOWPANE",2014,"MAB",0.9979573668676,233,32
"WINDOWPANE",2015,"GB",0.969008728212108,256,33
"WINDOWPANE",2015,"GOM",1.01006433577756,106,33
"WINDOWPANE",2015,"MAB",0.962251361660983,219,32
"WINDOWPANE",2016,"GB",0.962299622890676,270,33
"WINDOWPANE",2016,"GOM",0.986908957749533,132,33
"WINDOWPANE",2016,"MAB",0.963651205196339,207,32
"WINDOWPANE",2017,"GB",0.982783638244479,23,33
"WINDOWPANE",2017,"GOM",0.969014750583622,13,33
"WINDOWPANE",2018,"GB",0.939863573311031,165,33
"WINDOWPANE",2018,"GOM",0.968363687295003,127,33
"WINDOWPANE",2018,"MAB",0.986808047747049,178,32
"WINDOWPANE",2019,"GB",0.944962139848508,308,33
"WINDOWPANE",2019,"GOM",0.959443260559884,116,33
"WINDOWPANE",2019,"MAB",0.971319129791777,166,32
"WINDOWPANE",2021,"GB",0.940847753867453,120,33
"WINDOWPANE",2021,"GOM",0.991499440913136,66,33
"WINDOWPANE",2021,"MAB",0.952973127727698,117,32
"WINDOWPANE",2022,"GB",0.917212476373236,137,33
"WINDOWPANE",2022,"GOM",0.96173667721319,114,33
"WINDOWPANE",2022,"MAB",0.980981559569623,128,32
"WINDOWPANE",2023,"GB",0.973538672514014,250,33
"WINDOWPANE",2023,"GOM",0.912201028053448,101,33
"WINDOWPANE",2023,"MAB",0.983628619361317,163,32
"WINDOWPANE",2024,"GB",0.898720918073683,146,33
"WINDOWPANE",2024,"GOM",0.91752030666385,40,33
"WINDOWPANE",2024,"MAB",0.980749170870966,81,32
"WINDOWPANE",2025,"GB",0.953655290193602,103,33
"WINDOWPANE",2025,"GOM",0.968017333604762,101,33
"WINDOWPANE",2025,"MAB",0.993256210594681,126,32
"WINTER FLOUNDER",1992,"GB",1.04263005388369,107,33
"WINTER FLOUNDER",1992,"GOM",1.1192293361544,136,33
"WINTER FLOUNDER",1992,"MAB",1.02148615342623,85,32
"WINTER FLOUNDER",1992,"SS",1.07303072698512,53,32
"WINTER FLOUNDER",1993,"GB",1.09004404572046,64,33
"WINTER FLOUNDER",1993,"GOM",1.14436170404059,117,33
"WINTER FLOUNDER",1993,"MAB",1.04205840525146,62,32
"WINTER FLOUNDER",1993,"SS",1.06394488186949,55,32
"WINTER FLOUNDER",1994,"GB",1.04823848777961,149,33
"WINTER FLOUNDER",1994,"GOM",1.11007442125275,139,33
"WINTER FLOUNDER",1994,"MAB",1.06001124821047,102,32
"WINTER FLOUNDER",1994,"SS",1.08705350939172,86,32
"WINTER FLOUNDER",1995,"GB",1.05129974548592,168,33
"WINTER FLOUNDER",1995,"GOM",1.06636851738062,65,33
"WINTER FLOUNDER",1995,"MAB",0.996127745954852,80,32
"WINTER FLOUNDER",1995,"SS",0.990342577614959,67,32
"WINTER FLOUNDER",1996,"GB",1.079885972563,156,33
"WINTER FLOUNDER",1996,"GOM",1.08690525115975,182,33
"WINTER FLOUNDER",1996,"MAB",1.00165084964314,75,32
"WINTER FLOUNDER",1996,"SS",1.00375123318237,25,32
"WINTER FLOUNDER",1997,"GB",1.06754904557863,166,33
"WINTER FLOUNDER",1997,"GOM",1.07789182414504,166,33
"WINTER FLOUNDER",1997,"MAB",1.01802401369668,164,32
"WINTER FLOUNDER",1997,"SS",1.04462450168714,51,32
"WINTER FLOUNDER",1998,"GB",1.07438241159722,227,33
"WINTER FLOUNDER",1998,"GOM",1.09571188986183,96,33
"WINTER FLOUNDER",1998,"MAB",1.03463259431793,163,32
"WINTER FLOUNDER",1998,"SS",1.05660329398095,50,32
"WINTER FLOUNDER",1999,"GB",1.08232712797286,177,33
"WINTER FLOUNDER",1999,"GOM",1.11391771750834,208,33
"WINTER FLOUNDER",1999,"MAB",1.04526581303911,120,32
"WINTER FLOUNDER",1999,"SS",1.10450809763371,44,32
"WINTER FLOUNDER",2000,"GB",1.06242395956925,219,33
"WINTER FLOUNDER",2000,"GOM",1.05273691657531,218,33
"WINTER FLOUNDER",2000,"MAB",1.04289212768943,108,32
"WINTER FLOUNDER",2000,"SS",0.991026756168076,79,32
"WINTER FLOUNDER",2001,"GB",1.06367579325045,194,33
"WINTER FLOUNDER",2001,"GOM",1.03611907010119,124,33
"WINTER FLOUNDER",2001,"MAB",1.0293450092684,98,32
"WINTER FLOUNDER",2001,"SS",0.986121528897798,133,32
"WINTER FLOUNDER",2002,"GB",1.03135434202673,213,33
"WINTER FLOUNDER",2002,"GOM",1.0450878786681,161,33
"WINTER FLOUNDER",2002,"MAB",1.00274257372559,164,32
"WINTER FLOUNDER",2002,"SS",0.988264545094868,61,32
"WINTER FLOUNDER",2003,"GB",1.03382997414704,153,33
"WINTER FLOUNDER",2003,"GOM",1.04807114080165,141,33
"WINTER FLOUNDER",2003,"MAB",1.05390229520454,95,32
"WINTER FLOUNDER",2003,"SS",0.961674650387325,73,32
"WINTER FLOUNDER",2004,"GB",1.01165321488516,185,33
"WINTER FLOUNDER",2004,"GOM",0.994496087630747,101,33
"WINTER FLOUNDER",2004,"MAB",1.01808629579958,97,32
"WINTER FLOUNDER",2004,"SS",0.960944607009772,55,32
"WINTER FLOUNDER",2005,"GB",1.01334680006379,161,33
"WINTER FLOUNDER",2005,"GOM",1.04003184991053,158,33
"WINTER FLOUNDER",2005,"MAB",1.03237932096087,122,32
"WINTER FLOUNDER",2005,"SS",0.931232276284847,66,32
"WINTER FLOUNDER",2006,"GB",1.01609425164614,176,33
"WINTER FLOUNDER",2006,"GOM",1.04624355570937,173,33
"WINTER FLOUNDER",2006,"MAB",0.996202327221251,118,32
"WINTER FLOUNDER",2006,"SS",0.945350077591429,57,32
"WINTER FLOUNDER",2007,"GB",1.02883275734752,186,33
"WINTER FLOUNDER",2007,"GOM",1.02454120615484,151,33
"WINTER FLOUNDER",2007,"MAB",1.00282480768386,50,32
"WINTER FLOUNDER",2007,"SS",0.979590076985302,72,32
"WINTER FLOUNDER",2008,"GB",1.01758784868607,226,33
"WINTER FLOUNDER",2008,"GOM",1.0018073811607,206,33
"WINTER FLOUNDER",2008,"MAB",1.02078518971877,71,32
"WINTER FLOUNDER",2008,"SS",1.05565601927705,58,32
"WINTER FLOUNDER",2009,"GB",1.03835515379771,575,33
"WINTER FLOUNDER",2009,"GOM",1.04124515164751,358,33
"WINTER FLOUNDER",2009,"MAB",1.00898829068163,126,32
"WINTER FLOUNDER",2009,"SS",1.01465253922756,7,32
"WINTER FLOUNDER",2010,"GB",1.02120250938984,241,33
"WINTER FLOUNDER",2010,"GOM",1.01102711709935,187,33
"WINTER FLOUNDER",2010,"MAB",1.05114613470385,148,32
"WINTER FLOUNDER",2010,"SS",0.971917119012579,52,32
"WINTER FLOUNDER",2011,"GB",1.04132910791837,438,33
"WINTER FLOUNDER",2011,"GOM",1.03057344490516,324,33
"WINTER FLOUNDER",2011,"MAB",1.040647544917,123,32
"WINTER FLOUNDER",2011,"SS",0.954085629571555,82,32
"WINTER FLOUNDER",2012,"GB",1.04569124069283,498,33
"WINTER FLOUNDER",2012,"GOM",1.03740259431088,388,33
"WINTER FLOUNDER",2012,"MAB",1.00647000873055,177,32
"WINTER FLOUNDER",2012,"SS",0.964353563103756,12,32
"WINTER FLOUNDER",2013,"GB",1.08277777907542,277,33
"WINTER FLOUNDER",2013,"GOM",1.04534660536426,299,33
"WINTER FLOUNDER",2013,"MAB",1.04720666335964,32,32
"WINTER FLOUNDER",2013,"SS",0.968373674446689,16,32
"WINTER FLOUNDER",2014,"GB",1.09715709548359,116,33
"WINTER FLOUNDER",2014,"GOM",1.08683797578481,381,33
"WINTER FLOUNDER",2014,"MAB",1.0740701133321,77,32
"WINTER FLOUNDER",2014,"SS",0.961891994541202,88,32
"WINTER FLOUNDER",2015,"GB",1.08227500092034,317,33
"WINTER FLOUNDER",2015,"GOM",1.05154844627928,373,33
"WINTER FLOUNDER",2015,"MAB",1.15359325006006,79,32
"WINTER FLOUNDER",2015,"SS",0.969807828423108,8,32
"WINTER FLOUNDER",2016,"GB",1.05773888217702,241,33
"WINTER FLOUNDER",2016,"GOM",1.04111314166474,418,33
"WINTER FLOUNDER",2016,"MAB",1.05220164529511,80,32
"WINTER FLOUNDER",2016,"SS",0.924904102139162,19,32
"WINTER FLOUNDER",2017,"GB",1.09177867768725,68,33
"WINTER FLOUNDER",2017,"GOM",1.04669672420856,155,33
"WINTER FLOUNDER",2017,"SS",0.985928418882022,4,32
"WINTER FLOUNDER",2018,"GB",1.10467074531276,168,33
"WINTER FLOUNDER",2018,"GOM",1.06157507717966,348,33
"WINTER FLOUNDER",2018,"MAB",1.06608530671763,105,32
"WINTER FLOUNDER",2019,"GB",1.07153102010463,193,33
"WINTER FLOUNDER",2019,"GOM",1.08023831842296,282,33
"WINTER FLOUNDER",2019,"MAB",1.06030752318703,74,32
"WINTER FLOUNDER",2019,"SS",0.918676128539417,6,32
"WINTER FLOUNDER",2021,"GB",1.06810525701365,293,33
"WINTER FLOUNDER",2021,"GOM",1.08699988756426,318,33
"WINTER FLOUNDER",2021,"MAB",0.988527681355603,56,32
"WINTER FLOUNDER",2021,"SS",0.942977130432889,9,32
"WINTER FLOUNDER",2022,"GB",1.05004124106577,414,33
"WINTER FLOUNDER",2022,"GOM",1.08019544577616,381,33
"WINTER FLOUNDER",2022,"MAB",0.99623737663002,55,32
"WINTER FLOUNDER",2022,"SS",0.961483602512486,12,32
"WINTER FLOUNDER",2023,"GB",1.06786348724576,194,33
"WINTER FLOUNDER",2023,"GOM",1.05626638294676,349,33
"WINTER FLOUNDER",2023,"MAB",1.02444889412217,54,32
"WINTER FLOUNDER",2023,"SS",1.01809927762975,11,32
"WINTER FLOUNDER",2024,"GB",1.02472733336632,369,33
"WINTER FLOUNDER",2024,"GOM",1.03044884448304,491,33
"WINTER FLOUNDER",2024,"MAB",1.02064167662638,41,32
"WINTER FLOUNDER",2024,"SS",0.943315082764231,11,32
"WINTER FLOUNDER",2025,"GB",1.06827008585328,110,33
"WINTER FLOUNDER",2025,"GOM",1.04188431347578,329,33
"WINTER FLOUNDER",2025,"MAB",1.06419761726212,35,32
"WINTER FLOUNDER",2025,"SS",0.938926374858921,6,32
"WINTER SKATE",1992,"GB",0.989286731074824,271,33
"WINTER SKATE",1992,"GOM",1.01550157664755,35,32
"WINTER SKATE",1992,"MAB",0.996408178310131,23,31
"WINTER SKATE",1993,"GB",0.982639185070129,225,33
"WINTER SKATE",1993,"GOM",1.00853983916048,37,32
"WINTER SKATE",1993,"MAB",1.01766403745953,10,31
"WINTER SKATE",1994,"GB",1.01336529544506,226,33
"WINTER SKATE",1994,"GOM",1.00367006572805,11,32
"WINTER SKATE",1994,"MAB",1.00226564605816,48,31
"WINTER SKATE",1995,"GB",1.00531887631576,264,33
"WINTER SKATE",1995,"GOM",1.03906615028873,11,32
"WINTER SKATE",1995,"MAB",0.971310355690551,73,31
"WINTER SKATE",1996,"GB",1.05394106169248,234,33
"WINTER SKATE",1996,"GOM",1.00428450293792,19,32
"WINTER SKATE",1996,"MAB",1.02383684144328,64,31
"WINTER SKATE",1997,"GB",0.998781719156795,164,33
"WINTER SKATE",1997,"GOM",1.10626616784367,15,32
"WINTER SKATE",1997,"MAB",0.945068397141554,27,31
"WINTER SKATE",1998,"GB",0.99720516909077,312,33
"WINTER SKATE",1998,"GOM",1.02210794329741,12,32
"WINTER SKATE",1998,"MAB",0.96203776035253,37,31
"WINTER SKATE",1999,"GB",1.04927689895606,288,33
"WINTER SKATE",1999,"GOM",1.11457980289525,6,32
"WINTER SKATE",1999,"MAB",0.944897009463852,29,31
"WINTER SKATE",2000,"GB",1.01401579156906,243,33
"WINTER SKATE",2000,"GOM",1.04042225109206,4,32
"WINTER SKATE",2000,"MAB",0.952658539984611,30,31
"WINTER SKATE",2001,"GB",0.98745501676075,285,33
"WINTER SKATE",2001,"GOM",0.914702448006587,11,32
"WINTER SKATE",2001,"MAB",0.927510376749077,44,31
"WINTER SKATE",2001,"SS",1.11499846838819,4,2
"WINTER SKATE",2002,"GB",0.978950727662641,169,33
"WINTER SKATE",2002,"GOM",0.963941354567064,17,32
"WINTER SKATE",2002,"MAB",0.947271105727823,26,31
"WINTER SKATE",2003,"GB",0.98479906068795,176,33
"WINTER SKATE",2003,"GOM",1.05940437140322,6,32
"WINTER SKATE",2003,"MAB",1.12310190629366,38,31
"WINTER SKATE",2004,"GB",0.952143175540218,137,33
"WINTER SKATE",2004,"GOM",1.02708079251295,8,32
"WINTER SKATE",2005,"GB",1.00305275437814,128,33
"WINTER SKATE",2005,"GOM",1.03911758488269,8,32
"WINTER SKATE",2005,"MAB",0.97013992323728,27,31
"WINTER SKATE",2006,"GB",1.06303069552051,120,33
"WINTER SKATE",2006,"GOM",1.0497120642789,6,32
"WINTER SKATE",2006,"MAB",1.02703183709363,47,31
"WINTER SKATE",2007,"GB",1.05746023053809,122,33
"WINTER SKATE",2007,"GOM",1.09118706776945,5,32
"WINTER SKATE",2007,"MAB",1.00693125199526,31,31
"WINTER SKATE",2007,"SS",1.15504162727144,4,2
"WINTER SKATE",2008,"GB",1.0727914037986,113,33
"WINTER SKATE",2008,"MAB",1.02928212596189,23,31
"WINTER SKATE",2009,"GB",0.98567023703449,92,33
"WINTER SKATE",2009,"GOM",2.08874885786724,5,32
"WINTER SKATE",2009,"MAB",1.00523205014575,27,31
"WINTER SKATE",2010,"GB",0.902881069653126,106,33
"WINTER SKATE",2010,"GOM",0.886610474784204,7,32
"WINTER SKATE",2010,"MAB",1.02153793138591,63,31
"WINTER SKATE",2011,"GB",0.923184029032936,106,33
"WINTER SKATE",2011,"GOM",0.963236070789012,30,32
"WINTER SKATE",2011,"MAB",0.950571656530544,45,31
"WINTER SKATE",2012,"GB",0.935281378380232,131,33
"WINTER SKATE",2012,"GOM",0.976885723644906,34,32
"WINTER SKATE",2012,"MAB",0.960528683265787,40,31
"WINTER SKATE",2013,"GB",1.01814225787361,122,33
"WINTER SKATE",2013,"GOM",1.05736635479744,24,32
"WINTER SKATE",2013,"MAB",1.00667179158586,43,31
"WINTER SKATE",2014,"GB",1.06073676589076,100,33
"WINTER SKATE",2014,"GOM",1.10836524802768,23,32
"WINTER SKATE",2014,"MAB",0.978057863692449,40,31
"WINTER SKATE",2015,"GB",1.06232179183473,97,33
"WINTER SKATE",2015,"GOM",1.08077367696286,9,32
"WINTER SKATE",2015,"MAB",0.956654544047,21,31
"WINTER SKATE",2016,"GB",1.00288419883355,122,33
"WINTER SKATE",2016,"GOM",1.06489391773685,12,32
"WINTER SKATE",2016,"MAB",0.972126030309227,35,31
"WINTER SKATE",2017,"GB",0.958721414882546,94,33
"WINTER SKATE",2017,"GOM",0.910551024093864,9,32
"WINTER SKATE",2018,"GB",0.920215088944468,122,33
"WINTER SKATE",2018,"GOM",1.00823358076679,14,32
"WINTER SKATE",2018,"MAB",0.908210060216751,21,31
"WINTER SKATE",2019,"GB",0.989325796616811,170,33
"WINTER SKATE",2019,"GOM",0.981033273550061,16,32
"WINTER SKATE",2019,"MAB",0.964249259065425,47,31
"WINTER SKATE",2021,"GB",1.06875985730796,123,33
"WINTER SKATE",2021,"GOM",1.2492788125037,9,32
"WINTER SKATE",2021,"MAB",0.933286756923458,16,31
"WINTER SKATE",2022,"GB",1.02347080456377,85,33
"WINTER SKATE",2022,"GOM",1.05623397156183,13,32
"WINTER SKATE",2022,"MAB",0.986253380724095,31,31
"WINTER SKATE",2023,"GB",1.01531722514543,147,33
"WINTER SKATE",2023,"GOM",1.00786008944745,20,32
"WINTER SKATE",2023,"MAB",0.94730492814818,22,31
"WINTER SKATE",2024,"GB",0.919362531927499,217,33
"WINTER SKATE",2024,"GOM",0.972450365553357,37,32
"WINTER SKATE",2024,"MAB",0.90261959346921,13,31
"WINTER SKATE",2025,"GB",0.969887928367445,89,33
"WINTER SKATE",2025,"GOM",1.02858375507974,22,32
"WINTER SKATE",2025,"MAB",0.941346949825707,18,31
"WITCH FLOUNDER",1992,"GOM",1.06256888229715,48,33
"WITCH FLOUNDER",1992,"MAB",0.963387401031834,3,22
"WITCH FLOUNDER",1992,"SS",1.09742289217792,18,32
"WITCH FLOUNDER",1993,"GOM",1.1087281572455,112,33
"WITCH FLOUNDER",1993,"MAB",1.06245441282624,3,22
"WITCH FLOUNDER",1993,"SS",1.08681228477559,30,32
"WITCH FLOUNDER",1994,"GOM",1.06431165274693,92,33
"WITCH FLOUNDER",1994,"SS",1.03258022804799,7,32
"WITCH FLOUNDER",1995,"GOM",1.00085328019302,163,33
"WITCH FLOUNDER",1995,"SS",0.982817244236928,21,32
"WITCH FLOUNDER",1996,"GB",1.19697870047283,5,24
"WITCH FLOUNDER",1996,"GOM",1.01183651792862,159,33
"WITCH FLOUNDER",1996,"MAB",0.998220435059575,4,22
"WITCH FLOUNDER",1996,"SS",0.960998385553759,21,32
"WITCH FLOUNDER",1997,"GB",1.11350309023877,15,24
"WITCH FLOUNDER",1997,"GOM",1.06737045288507,185,33
"WITCH FLOUNDER",1997,"MAB",0.931949279129994,5,22
"WITCH FLOUNDER",1997,"SS",1.09915223150913,12,32
"WITCH FLOUNDER",1998,"GB",1.13163564086862,11,24
"WITCH FLOUNDER",1998,"GOM",1.0132256680317,139,33
"WITCH FLOUNDER",1998,"MAB",0.976552576384552,12,22
"WITCH FLOUNDER",1998,"SS",1.09458973646855,22,32
"WITCH FLOUNDER",1999,"GB",1.16376058731846,4,24
"WITCH FLOUNDER",1999,"GOM",1.0448632774634,234,33
"WITCH FLOUNDER",1999,"MAB",1.04961682646294,13,22
"WITCH FLOUNDER",1999,"SS",0.974284140601929,19,32
"WITCH FLOUNDER",2000,"GB",1.10021327197989,6,24
"WITCH FLOUNDER",2000,"GOM",1.02283185754233,191,33
"WITCH FLOUNDER",2000,"MAB",0.940982242314511,3,22
"WITCH FLOUNDER",2000,"SS",0.991917083157347,4,32
"WITCH FLOUNDER",2001,"GB",1.00219654731048,4,24
"WITCH FLOUNDER",2001,"GOM",1.02094224977911,225,33
"WITCH FLOUNDER",2001,"SS",0.985243346814371,20,32
"WITCH FLOUNDER",2001,NA,0.978100719583471,7,5
"WITCH FLOUNDER",2002,"GOM",1.00796246876683,191,33
"WITCH FLOUNDER",2002,"MAB",1.02936973611017,11,22
"WITCH FLOUNDER",2002,"SS",1.00002972968487,21,32
"WITCH FLOUNDER",2003,"GB",0.99043575890035,14,24
"WITCH FLOUNDER",2003,"GOM",1.00944812253261,132,33
"WITCH FLOUNDER",2003,"MAB",0.979373231689063,35,22
"WITCH FLOUNDER",2003,"SS",1.01732712218736,45,32
"WITCH FLOUNDER",2004,"GOM",1.02212260058307,98,33
"WITCH FLOUNDER",2004,"MAB",0.98185598221965,10,22
"WITCH FLOUNDER",2004,"SS",1.04793489036999,34,32
"WITCH FLOUNDER",2005,"GB",1.09522506714419,6,24
"WITCH FLOUNDER",2005,"GOM",1.01280015132962,87,33
"WITCH FLOUNDER",2005,"MAB",1.10748235256706,8,22
"WITCH FLOUNDER",2005,"SS",1.01534550159217,5,32
"WITCH FLOUNDER",2006,"GOM",1.01727975857906,114,33
"WITCH FLOUNDER",2006,"MAB",1.00174748815291,13,22
"WITCH FLOUNDER",2006,"SS",1.02220240957401,27,32
"WITCH FLOUNDER",2006,NA,0.896418861133079,8,5
"WITCH FLOUNDER",2007,"GB",1.03338501739115,4,24
"WITCH FLOUNDER",2007,"GOM",1.00692064395134,114,33
"WITCH FLOUNDER",2007,"MAB",0.928024502855341,20,22
"WITCH FLOUNDER",2007,"SS",0.999560360056036,6,32
"WITCH FLOUNDER",2008,"GB",1.05291115859079,6,24
"WITCH FLOUNDER",2008,"GOM",0.992139693900758,128,33
"WITCH FLOUNDER",2008,"MAB",0.952187444282565,3,22
"WITCH FLOUNDER",2008,"SS",1.02275504812536,22,32
"WITCH FLOUNDER",2009,"GB",1.17155507238743,3,24
"WITCH FLOUNDER",2009,"GOM",1.0281550844957,304,33
"WITCH FLOUNDER",2009,"MAB",0.985493058752503,41,22
"WITCH FLOUNDER",2009,"SS",1.06043431846651,40,32
"WITCH FLOUNDER",2010,"GB",1.06602344231396,45,24
"WITCH FLOUNDER",2010,"GOM",1.03391627053752,249,33
"WITCH FLOUNDER",2010,"MAB",1.04987729743091,67,22
"WITCH FLOUNDER",2010,"SS",1.05228243292613,44,32
"WITCH FLOUNDER",2010,NA,0.946424072657146,10,5
"WITCH FLOUNDER",2011,"GB",1.0662145433744,5,24
"WITCH FLOUNDER",2011,"GOM",1.01025452781656,360,33
"WITCH FLOUNDER",2011,"MAB",1.02525422902218,44,22
"WITCH FLOUNDER",2011,"SS",1.06087149745953,36,32
"WITCH FLOUNDER",2011,NA,0.818634406335225,5,5
"WITCH FLOUNDER",2012,"GB",0.988724838775435,10,24
"WITCH FLOUNDER",2012,"GOM",1.03285204257517,344,33
"WITCH FLOUNDER",2012,"MAB",0.997621028496491,14,22
"WITCH FLOUNDER",2012,"SS",1.05568986236906,111,32
"WITCH FLOUNDER",2012,NA,0.976526663159961,5,5
"WITCH FLOUNDER",2013,"GB",1.0012754884924,16,24
"WITCH FLOUNDER",2013,"GOM",1.05119783943506,260,33
"WITCH FLOUNDER",2013,"MAB",1.0376574778382,15,22
"WITCH FLOUNDER",2013,"SS",1.04944302968001,40,32
"WITCH FLOUNDER",2014,"GB",1.00977559582979,4,24
"WITCH FLOUNDER",2014,"GOM",1.06119082078165,401,33
"WITCH FLOUNDER",2014,"MAB",1.05303149130582,12,22
"WITCH FLOUNDER",2014,"SS",1.0761285395472,66,32
"WITCH FLOUNDER",2015,"GB",1.1021614376089,42,24
"WITCH FLOUNDER",2015,"GOM",1.05569973032776,460,33
"WITCH FLOUNDER",2015,"MAB",1.02688351724946,4,22
"WITCH FLOUNDER",2015,"SS",1.00835197423551,87,32
"WITCH FLOUNDER",2016,"GB",1.12869029402834,26,24
"WITCH FLOUNDER",2016,"GOM",1.0427507837227,412,33
"WITCH FLOUNDER",2016,"SS",1.03623395518817,63,32
"WITCH FLOUNDER",2017,"GB",0.958853277585561,7,24
"WITCH FLOUNDER",2017,"GOM",1.04230822031139,463,33
"WITCH FLOUNDER",2017,"SS",1.03054414556051,38,32
"WITCH FLOUNDER",2018,"GOM",1.06188155649264,324,33
"WITCH FLOUNDER",2019,"GB",1.0304065661809,4,24
"WITCH FLOUNDER",2019,"GOM",1.03518761245717,471,33
"WITCH FLOUNDER",2019,"MAB",0.980505084471394,3,22
"WITCH FLOUNDER",2019,"SS",1.02361311338472,22,32
"WITCH FLOUNDER",2021,"GB",1.09081980101633,19,24
"WITCH FLOUNDER",2021,"GOM",1.04548307156412,452,33
"WITCH FLOUNDER",2021,"SS",1.06474621502711,59,32
"WITCH FLOUNDER",2022,"GOM",1.04545153069826,257,33
"WITCH FLOUNDER",2022,"SS",1.05433279466763,67,32
"WITCH FLOUNDER",2023,"GB",0.917305243039732,3,24
"WITCH FLOUNDER",2023,"GOM",1.05983297292698,400,33
"WITCH FLOUNDER",2023,"SS",1.10335568862493,69,32
"WITCH FLOUNDER",2024,"GB",1.04703946422524,78,24
"WITCH FLOUNDER",2024,"GOM",1.0343944541858,524,33
"WITCH FLOUNDER",2024,"SS",1.07416423378328,132,32
"WITCH FLOUNDER",2025,"GB",1.04187399576881,9,24
"WITCH FLOUNDER",2025,"GOM",1.03724365214617,257,33
"WITCH FLOUNDER",2025,"SS",1.06437083701031,35,32
"YELLOWTAIL FLOUNDER",1992,"GB",0.973387436245293,92,33
"YELLOWTAIL FLOUNDER",1992,"GOM",1.06193771981327,74,33
"YELLOWTAIL FLOUNDER",1992,"MAB",0.963020746301419,22,28
"YELLOWTAIL FLOUNDER",1992,"SS",0.938213416941941,10,12
"YELLOWTAIL FLOUNDER",1993,"GB",1.02579286978734,71,33
"YELLOWTAIL FLOUNDER",1993,"GOM",1.01988266539132,76,33
"YELLOWTAIL FLOUNDER",1993,"MAB",1.01626855553709,19,28
"YELLOWTAIL FLOUNDER",1993,"SS",0.936662554668461,30,12
"YELLOWTAIL FLOUNDER",1994,"GB",1.04866247079217,152,33
"YELLOWTAIL FLOUNDER",1994,"GOM",1.00846812435303,87,33
"YELLOWTAIL FLOUNDER",1994,"MAB",1.08988048365404,46,28
"YELLOWTAIL FLOUNDER",1994,"SS",0.932002130332418,15,12
"YELLOWTAIL FLOUNDER",1995,"GB",1.01678027549533,68,33
"YELLOWTAIL FLOUNDER",1995,"GOM",0.952146013299258,32,33
"YELLOWTAIL FLOUNDER",1995,"MAB",0.925564716719113,25,28
"YELLOWTAIL FLOUNDER",1995,"SS",0.860016697529775,14,12
"YELLOWTAIL FLOUNDER",1996,"GB",1.0009209101268,83,33
"YELLOWTAIL FLOUNDER",1996,"GOM",0.965135241000644,92,33
"YELLOWTAIL FLOUNDER",1996,"MAB",1.0596568723481,28,28
"YELLOWTAIL FLOUNDER",1997,"GB",0.993510939869039,170,33
"YELLOWTAIL FLOUNDER",1997,"GOM",0.962398983177662,85,33
"YELLOWTAIL FLOUNDER",1997,"MAB",0.968179320357003,77,28
"YELLOWTAIL FLOUNDER",1997,"SS",0.851801306645369,5,12
"YELLOWTAIL FLOUNDER",1998,"GB",0.98316444548861,289,33
"YELLOWTAIL FLOUNDER",1998,"GOM",1.0313564808375,76,33
"YELLOWTAIL FLOUNDER",1998,"MAB",0.969419138689598,77,28
"YELLOWTAIL FLOUNDER",1998,"SS",1.00685624311468,12,12
"YELLOWTAIL FLOUNDER",1999,"GB",1.00810857003079,237,33
"YELLOWTAIL FLOUNDER",1999,"GOM",1.02244104114848,183,33
"YELLOWTAIL FLOUNDER",1999,"MAB",1.01036278439813,45,28
"YELLOWTAIL FLOUNDER",1999,"SS",0.90565136635347,17,12
"YELLOWTAIL FLOUNDER",2000,"GB",0.967506487427853,244,33
"YELLOWTAIL FLOUNDER",2000,"GOM",0.945336963094956,151,33
"YELLOWTAIL FLOUNDER",2000,"MAB",0.9467743244416,50,28
"YELLOWTAIL FLOUNDER",2000,"SS",0.86308751284427,16,12
"YELLOWTAIL FLOUNDER",2001,"GB",0.971037388987399,231,33
"YELLOWTAIL FLOUNDER",2001,"GOM",0.92039084535838,70,33
"YELLOWTAIL FLOUNDER",2001,"MAB",0.937345841254759,21,28
"YELLOWTAIL FLOUNDER",2001,"SS",0.840655969305711,8,12
"YELLOWTAIL FLOUNDER",2002,"GB",0.926642783711418,176,33
"YELLOWTAIL FLOUNDER",2002,"GOM",0.955540893127734,64,33
"YELLOWTAIL FLOUNDER",2002,"MAB",0.900802162055515,55,28
"YELLOWTAIL FLOUNDER",2003,"GB",0.94180394760175,179,33
"YELLOWTAIL FLOUNDER",2003,"GOM",0.991687030230724,88,33
"YELLOWTAIL FLOUNDER",2003,"MAB",0.960045812772015,31,28
"YELLOWTAIL FLOUNDER",2003,"SS",0.863486230136915,7,12
"YELLOWTAIL FLOUNDER",2004,"GB",0.912355407088697,176,33
"YELLOWTAIL FLOUNDER",2004,"GOM",0.931690904068773,36,33
"YELLOWTAIL FLOUNDER",2004,"MAB",0.976853959200642,8,28
"YELLOWTAIL FLOUNDER",2004,"SS",0.880481057312601,3,12
"YELLOWTAIL FLOUNDER",2005,"GB",0.931178533202624,121,33
"YELLOWTAIL FLOUNDER",2005,"GOM",0.920789636332707,47,33
"YELLOWTAIL FLOUNDER",2005,"MAB",1.01015379929798,67,28
"YELLOWTAIL FLOUNDER",2006,"GB",0.937673073111849,387,33
"YELLOWTAIL FLOUNDER",2006,"GOM",0.949754418378906,97,33
"YELLOWTAIL FLOUNDER",2006,"MAB",0.92929155488389,83,28
"YELLOWTAIL FLOUNDER",2007,"GB",0.94969792727197,383,33
"YELLOWTAIL FLOUNDER",2007,"GOM",0.933258286831342,82,33
"YELLOWTAIL FLOUNDER",2007,"MAB",0.932637225529196,31,28
"YELLOWTAIL FLOUNDER",2007,"SS",0.895755816899875,4,12
"YELLOWTAIL FLOUNDER",2008,"GB",0.961515823884242,871,33
"YELLOWTAIL FLOUNDER",2008,"GOM",0.898297631209792,225,33
"YELLOWTAIL FLOUNDER",2008,"MAB",0.959625309805366,105,28
"YELLOWTAIL FLOUNDER",2009,"GB",0.894959170653933,1506,33
"YELLOWTAIL FLOUNDER",2009,"GOM",0.959664981172258,1310,33
"YELLOWTAIL FLOUNDER",2009,"MAB",0.967985779097608,142,28
"YELLOWTAIL FLOUNDER",2010,"GB",0.817872676434909,265,33
"YELLOWTAIL FLOUNDER",2010,"GOM",0.915523504314119,113,33
"YELLOWTAIL FLOUNDER",2010,"MAB",0.967998211012653,317,28
"YELLOWTAIL FLOUNDER",2011,"GB",0.874676052847724,386,33
"YELLOWTAIL FLOUNDER",2011,"GOM",0.924570782807806,250,33
"YELLOWTAIL FLOUNDER",2011,"MAB",0.977602675706639,99,28
"YELLOWTAIL FLOUNDER",2012,"GB",0.892261993211514,336,33
"YELLOWTAIL FLOUNDER",2012,"GOM",0.975007300738851,250,33
"YELLOWTAIL FLOUNDER",2012,"MAB",0.929246202301238,170,28
"YELLOWTAIL FLOUNDER",2013,"GB",0.908786843013656,251,33
"YELLOWTAIL FLOUNDER",2013,"GOM",0.948118652423913,269,33
"YELLOWTAIL FLOUNDER",2013,"MAB",0.957541251940033,82,28
"YELLOWTAIL FLOUNDER",2014,"GB",0.921097693651369,275,33
"YELLOWTAIL FLOUNDER",2014,"GOM",0.947673910513334,279,33
"YELLOWTAIL FLOUNDER",2014,"MAB",0.992674868570004,24,28
"YELLOWTAIL FLOUNDER",2015,"GB",0.927932232519192,97,33
"YELLOWTAIL FLOUNDER",2015,"GOM",0.940998462383153,296,33
"YELLOWTAIL FLOUNDER",2015,"MAB",0.941970670325341,8,28
"YELLOWTAIL FLOUNDER",2016,"GB",0.94545946331981,198,33
"YELLOWTAIL FLOUNDER",2016,"GOM",0.915775880522737,325,33
"YELLOWTAIL FLOUNDER",2016,"MAB",1.044924281031,26,28
"YELLOWTAIL FLOUNDER",2017,"GB",0.936483468914371,95,33
"YELLOWTAIL FLOUNDER",2017,"GOM",0.931891664116539,217,33
"YELLOWTAIL FLOUNDER",2018,"GB",0.965472595021431,134,33
"YELLOWTAIL FLOUNDER",2018,"GOM",0.939698853501885,341,33
"YELLOWTAIL FLOUNDER",2018,"MAB",1.05496784831623,4,28
"YELLOWTAIL FLOUNDER",2019,"GB",0.975466872884293,174,33
"YELLOWTAIL FLOUNDER",2019,"GOM",0.945304318944456,261,33
"YELLOWTAIL FLOUNDER",2019,"MAB",0.952270946394741,4,28
"YELLOWTAIL FLOUNDER",2021,"GB",0.939403546888583,96,33
"YELLOWTAIL FLOUNDER",2021,"GOM",0.914755784449366,186,33
"YELLOWTAIL FLOUNDER",2022,"GB",0.976484126060648,53,33
"YELLOWTAIL FLOUNDER",2022,"GOM",0.946933429635579,220,33
"YELLOWTAIL FLOUNDER",2023,"GB",0.98641529057321,99,33
"YELLOWTAIL FLOUNDER",2023,"GOM",0.952041737963477,298,33
"YELLOWTAIL FLOUNDER",2024,"GB",0.895704426121659,103,33
"YELLOWTAIL FLOUNDER",2024,"GOM",0.906976180609684,541,33
"YELLOWTAIL FLOUNDER",2024,"MAB",1.03720419859324,3,28
"YELLOWTAIL FLOUNDER",2025,"GB",0.96444051631929,74,33
"YELLOWTAIL FLOUNDER",2025,"GOM",0.953579291117371,369,33
