"Time","Var","EPU","Value","Units"
1992,"ACADIAN REDFISH","GB",1.0185083203551,"MeanCond"
1992,"ACADIAN REDFISH","GOM",0.97822585648713,"MeanCond"
1992,"ACADIAN REDFISH","SS",0.999965295263087,"MeanCond"
1993,"ACADIAN REDFISH","GB",1.01649152809394,"MeanCond"
1993,"ACADIAN REDFISH","GOM",0.994486424293207,"MeanCond"
1993,"ACADIAN REDFISH","SS",1.01763280831941,"MeanCond"
1994,"ACADIAN REDFISH","GB",0.992627313228263,"MeanCond"
1994,"ACADIAN REDFISH","GOM",0.959641179699069,"MeanCond"
1994,"ACADIAN REDFISH","SS",1.01357967688924,"MeanCond"
1995,"ACADIAN REDFISH","GB",1.05075215295716,"MeanCond"
1995,"ACADIAN REDFISH","GOM",0.956172643048787,"MeanCond"
1995,"ACADIAN REDFISH","SS",0.983880628754645,"MeanCond"
1996,"ACADIAN REDFISH","GB",1.07060550728146,"MeanCond"
1996,"ACADIAN REDFISH","GOM",0.994906946770665,"MeanCond"
1996,"ACADIAN REDFISH","SS",1.05377914890149,"MeanCond"
1997,"ACADIAN REDFISH","GB",0.976439485961475,"MeanCond"
1997,"ACADIAN REDFISH","GOM",0.991749159029658,"MeanCond"
1997,"ACADIAN REDFISH","SS",1.03106668963452,"MeanCond"
1998,"ACADIAN REDFISH","GOM",1.03358128876535,"MeanCond"
1998,"ACADIAN REDFISH","SS",1.04929761316043,"MeanCond"
1999,"ACADIAN REDFISH","GB",0.981536610453145,"MeanCond"
1999,"ACADIAN REDFISH","GOM",0.987500784151335,"MeanCond"
1999,"ACADIAN REDFISH","SS",1.00811195564389,"MeanCond"
2000,"ACADIAN REDFISH","GOM",0.985050171699883,"MeanCond"
2000,"ACADIAN REDFISH","SS",0.967655706809697,"MeanCond"
2001,"ACADIAN REDFISH","GOM",0.933394130643237,"MeanCond"
2001,"ACADIAN REDFISH","SS",0.970873208365173,"MeanCond"
2002,"ACADIAN REDFISH","GB",0.940900665187282,"MeanCond"
2002,"ACADIAN REDFISH","GOM",0.933780047684875,"MeanCond"
2002,"ACADIAN REDFISH","SS",1.01975053190656,"MeanCond"
2003,"ACADIAN REDFISH","GB",1.06871729957955,"MeanCond"
2003,"ACADIAN REDFISH","GOM",0.940148968089728,"MeanCond"
2003,"ACADIAN REDFISH","SS",0.991019699989289,"MeanCond"
2004,"ACADIAN REDFISH","GB",0.978047049055898,"MeanCond"
2004,"ACADIAN REDFISH","GOM",0.956875709890782,"MeanCond"
2004,"ACADIAN REDFISH","SS",0.994814258630021,"MeanCond"
2005,"ACADIAN REDFISH","GB",1.06732804081037,"MeanCond"
2005,"ACADIAN REDFISH","GOM",0.929320848540358,"MeanCond"
2005,"ACADIAN REDFISH","SS",0.982598562150759,"MeanCond"
2006,"ACADIAN REDFISH","GOM",0.949573027358784,"MeanCond"
2006,"ACADIAN REDFISH","SS",0.960244564109133,"MeanCond"
2007,"ACADIAN REDFISH","GB",0.9293109106082,"MeanCond"
2007,"ACADIAN REDFISH","GOM",0.965071527391397,"MeanCond"
2007,"ACADIAN REDFISH","SS",1.00150478508889,"MeanCond"
2008,"ACADIAN REDFISH","GB",0.939462448274516,"MeanCond"
2008,"ACADIAN REDFISH","GOM",0.922679572399361,"MeanCond"
2008,"ACADIAN REDFISH","SS",0.965379678099339,"MeanCond"
2009,"ACADIAN REDFISH","GOM",0.952307241770502,"MeanCond"
2009,"ACADIAN REDFISH","SS",1.0086750526235,"MeanCond"
2010,"ACADIAN REDFISH","GB",0.958014164177872,"MeanCond"
2010,"ACADIAN REDFISH","GOM",0.951678727976814,"MeanCond"
2010,"ACADIAN REDFISH","SS",0.970318096733882,"MeanCond"
2011,"ACADIAN REDFISH","GB",1.02562267472202,"MeanCond"
2011,"ACADIAN REDFISH","GOM",0.952193317248559,"MeanCond"
2011,"ACADIAN REDFISH","SS",0.977935289019336,"MeanCond"
2012,"ACADIAN REDFISH","GB",0.953715647192907,"MeanCond"
2012,"ACADIAN REDFISH","GOM",0.958764428228944,"MeanCond"
2012,"ACADIAN REDFISH","SS",0.98712530685281,"MeanCond"
2013,"ACADIAN REDFISH","GB",0.95257844856533,"MeanCond"
2013,"ACADIAN REDFISH","GOM",0.953033795715048,"MeanCond"
2013,"ACADIAN REDFISH","SS",0.998382112338318,"MeanCond"
2014,"ACADIAN REDFISH","GB",0.997857740152731,"MeanCond"
2014,"ACADIAN REDFISH","GOM",0.957927490087371,"MeanCond"
2014,"ACADIAN REDFISH","SS",0.957487263072522,"MeanCond"
2015,"ACADIAN REDFISH","GB",1.08011771018604,"MeanCond"
2015,"ACADIAN REDFISH","GOM",0.964800647343171,"MeanCond"
2015,"ACADIAN REDFISH","SS",1.04045383285532,"MeanCond"
2016,"ACADIAN REDFISH","GB",0.987719743833001,"MeanCond"
2016,"ACADIAN REDFISH","GOM",0.953031069013928,"MeanCond"
2016,"ACADIAN REDFISH","SS",0.991880064862942,"MeanCond"
2017,"ACADIAN REDFISH","GB",0.904231521681994,"MeanCond"
2017,"ACADIAN REDFISH","GOM",0.938420604910884,"MeanCond"
2017,"ACADIAN REDFISH","SS",0.975269662601229,"MeanCond"
2018,"ACADIAN REDFISH","GB",0.970431065312544,"MeanCond"
2018,"ACADIAN REDFISH","GOM",0.956729205052543,"MeanCond"
2019,"ACADIAN REDFISH","GB",0.958144050448607,"MeanCond"
2019,"ACADIAN REDFISH","GOM",0.961207541151001,"MeanCond"
2019,"ACADIAN REDFISH","SS",0.964907587247108,"MeanCond"
2021,"ACADIAN REDFISH","GB",1.08869110320615,"MeanCond"
2021,"ACADIAN REDFISH","GOM",0.977827956667796,"MeanCond"
2021,"ACADIAN REDFISH","SS",1.02651767550223,"MeanCond"
2022,"ACADIAN REDFISH","GB",1.01074582544992,"MeanCond"
2022,"ACADIAN REDFISH","GOM",0.956190498621128,"MeanCond"
2022,"ACADIAN REDFISH","SS",1.00005825578496,"MeanCond"
2023,"ACADIAN REDFISH","GB",0.9463679593803,"MeanCond"
2023,"ACADIAN REDFISH","GOM",0.958850458106713,"MeanCond"
2023,"ACADIAN REDFISH","SS",0.966694106134036,"MeanCond"
2024,"ACADIAN REDFISH","GB",0.985786360162104,"MeanCond"
2024,"ACADIAN REDFISH","GOM",0.938095281680883,"MeanCond"
2024,"ACADIAN REDFISH","SS",0.953377158820626,"MeanCond"
2025,"ACADIAN REDFISH","GB",0.943093360942111,"MeanCond"
2025,"ACADIAN REDFISH","GOM",0.934191726684271,"MeanCond"
2025,"ACADIAN REDFISH","SS",0.999744950221755,"MeanCond"
1992,"AMERICAN PLAICE","GB",1.05468437293292,"MeanCond"
1992,"AMERICAN PLAICE","GOM",0.988264324964616,"MeanCond"
1992,"AMERICAN PLAICE","SS",0.963624608115916,"MeanCond"
1993,"AMERICAN PLAICE","GB",1.11806311103408,"MeanCond"
1993,"AMERICAN PLAICE","GOM",1.02328789467,"MeanCond"
1993,"AMERICAN PLAICE","SS",1.02218386352118,"MeanCond"
1994,"AMERICAN PLAICE","GB",1.11095307297075,"MeanCond"
1994,"AMERICAN PLAICE","GOM",0.994978506677124,"MeanCond"
1994,"AMERICAN PLAICE","SS",1.01353737038991,"MeanCond"
1995,"AMERICAN PLAICE","GB",1.01189999336421,"MeanCond"
1995,"AMERICAN PLAICE","GOM",0.964895549092593,"MeanCond"
1995,"AMERICAN PLAICE","SS",0.939902315435595,"MeanCond"
1996,"AMERICAN PLAICE","GB",1.046714855578,"MeanCond"
1996,"AMERICAN PLAICE","GOM",0.981715722159132,"MeanCond"
1996,"AMERICAN PLAICE","SS",1.03061166770032,"MeanCond"
1997,"AMERICAN PLAICE","GB",1.03721645263523,"MeanCond"
1997,"AMERICAN PLAICE","GOM",0.999064048042219,"MeanCond"
1997,"AMERICAN PLAICE","SS",0.982337814013852,"MeanCond"
1998,"AMERICAN PLAICE","GB",1.03055017517111,"MeanCond"
1998,"AMERICAN PLAICE","GOM",0.996621240610842,"MeanCond"
1998,"AMERICAN PLAICE","SS",0.973728078007801,"MeanCond"
1999,"AMERICAN PLAICE","GB",1.03478701016157,"MeanCond"
1999,"AMERICAN PLAICE","GOM",0.987507212606027,"MeanCond"
1999,"AMERICAN PLAICE","SS",1.00137371120082,"MeanCond"
2000,"AMERICAN PLAICE","GB",0.994408762044035,"MeanCond"
2000,"AMERICAN PLAICE","GOM",0.964244022201513,"MeanCond"
2000,"AMERICAN PLAICE","SS",0.913391052309105,"MeanCond"
2001,"AMERICAN PLAICE","GB",0.964311723182635,"MeanCond"
2001,"AMERICAN PLAICE","GOM",0.955903649029884,"MeanCond"
2001,"AMERICAN PLAICE","SS",0.922824664174847,"MeanCond"
2002,"AMERICAN PLAICE","GB",0.960782162008023,"MeanCond"
2002,"AMERICAN PLAICE","GOM",0.933686280134832,"MeanCond"
2002,"AMERICAN PLAICE","SS",0.937053942554444,"MeanCond"
2003,"AMERICAN PLAICE","GB",0.961413987573338,"MeanCond"
2003,"AMERICAN PLAICE","GOM",0.922310043287202,"MeanCond"
2003,"AMERICAN PLAICE","SS",0.941624930606311,"MeanCond"
2004,"AMERICAN PLAICE","GB",0.928403446670975,"MeanCond"
2004,"AMERICAN PLAICE","GOM",0.905737620023698,"MeanCond"
2004,"AMERICAN PLAICE","SS",0.985517650212006,"MeanCond"
2005,"AMERICAN PLAICE","GB",0.98884017073761,"MeanCond"
2005,"AMERICAN PLAICE","GOM",0.916792429317844,"MeanCond"
2005,"AMERICAN PLAICE","SS",0.915482553232542,"MeanCond"
2006,"AMERICAN PLAICE","GB",1.01006901777361,"MeanCond"
2006,"AMERICAN PLAICE","GOM",0.899426612484425,"MeanCond"
2006,"AMERICAN PLAICE","SS",0.955901210642623,"MeanCond"
2007,"AMERICAN PLAICE","GB",1.0009759069003,"MeanCond"
2007,"AMERICAN PLAICE","GOM",0.902802268571361,"MeanCond"
2007,"AMERICAN PLAICE","SS",1.01341457214792,"MeanCond"
2008,"AMERICAN PLAICE","GB",1.02788181174528,"MeanCond"
2008,"AMERICAN PLAICE","GOM",0.899798076564311,"MeanCond"
2008,"AMERICAN PLAICE","SS",0.977792854393375,"MeanCond"
2009,"AMERICAN PLAICE","GB",0.973265493375129,"MeanCond"
2009,"AMERICAN PLAICE","GOM",0.93182308484857,"MeanCond"
2009,"AMERICAN PLAICE","SS",0.979773658422398,"MeanCond"
2010,"AMERICAN PLAICE","GB",0.96494644800479,"MeanCond"
2010,"AMERICAN PLAICE","GOM",0.940762009975337,"MeanCond"
2010,"AMERICAN PLAICE","SS",0.975355813658488,"MeanCond"
2011,"AMERICAN PLAICE","GB",0.983736304680126,"MeanCond"
2011,"AMERICAN PLAICE","GOM",0.946095209546827,"MeanCond"
2011,"AMERICAN PLAICE","SS",0.943751519554912,"MeanCond"
2012,"AMERICAN PLAICE","GB",0.950991383187116,"MeanCond"
2012,"AMERICAN PLAICE","GOM",0.987116333913039,"MeanCond"
2012,"AMERICAN PLAICE","SS",0.96308193746408,"MeanCond"
2013,"AMERICAN PLAICE","GB",0.988592810415085,"MeanCond"
2013,"AMERICAN PLAICE","GOM",1.00793927947296,"MeanCond"
2013,"AMERICAN PLAICE","SS",1.03918994066674,"MeanCond"
2014,"AMERICAN PLAICE","GB",1.06665503834383,"MeanCond"
2014,"AMERICAN PLAICE","GOM",0.996061681860302,"MeanCond"
2014,"AMERICAN PLAICE","SS",0.985959001348969,"MeanCond"
2015,"AMERICAN PLAICE","GB",1.04107719170604,"MeanCond"
2015,"AMERICAN PLAICE","GOM",1.00798027910502,"MeanCond"
2015,"AMERICAN PLAICE","SS",0.967552462030438,"MeanCond"
2016,"AMERICAN PLAICE","GB",1.00033505690721,"MeanCond"
2016,"AMERICAN PLAICE","GOM",1.01553018113154,"MeanCond"
2016,"AMERICAN PLAICE","SS",0.939627007254046,"MeanCond"
2017,"AMERICAN PLAICE","GOM",0.979808641275257,"MeanCond"
2017,"AMERICAN PLAICE","SS",0.953566818490223,"MeanCond"
2018,"AMERICAN PLAICE","GOM",0.981617769368763,"MeanCond"
2019,"AMERICAN PLAICE","GB",1.02175842968783,"MeanCond"
2019,"AMERICAN PLAICE","GOM",0.944000982411804,"MeanCond"
2019,"AMERICAN PLAICE","SS",0.979122017109829,"MeanCond"
2021,"AMERICAN PLAICE","GB",1.05719548036797,"MeanCond"
2021,"AMERICAN PLAICE","GOM",1.00194971167831,"MeanCond"
2021,"AMERICAN PLAICE","SS",1.02155705606347,"MeanCond"
2022,"AMERICAN PLAICE","GOM",1.02784262676161,"MeanCond"
2023,"AMERICAN PLAICE","GOM",1.00472374288584,"MeanCond"
2023,"AMERICAN PLAICE","SS",0.959728680577838,"MeanCond"
2024,"AMERICAN PLAICE","GB",1.00843716186628,"MeanCond"
2024,"AMERICAN PLAICE","GOM",0.975249120387154,"MeanCond"
2024,"AMERICAN PLAICE","SS",1.04475896111602,"MeanCond"
2025,"AMERICAN PLAICE","GOM",0.995050436815124,"MeanCond"
2025,"AMERICAN PLAICE","SS",0.968992230399369,"MeanCond"
1998,"AMERICAN SHAD","GOM",1.00207493612071,"MeanCond"
2000,"AMERICAN SHAD","GOM",1.03458249335079,"MeanCond"
2001,"AMERICAN SHAD","GOM",1.22071347785513,"MeanCond"
2002,"AMERICAN SHAD","GOM",1.08549632373817,"MeanCond"
2003,"AMERICAN SHAD","GOM",0.937600775940815,"MeanCond"
2004,"AMERICAN SHAD","GOM",1.1246856370564,"MeanCond"
2005,"AMERICAN SHAD","GOM",1.00429918851392,"MeanCond"
2006,"AMERICAN SHAD","GOM",1.06932967991004,"MeanCond"
2007,"AMERICAN SHAD","GOM",1.11472104989209,"MeanCond"
2008,"AMERICAN SHAD","GOM",1.04232933727992,"MeanCond"
2009,"AMERICAN SHAD","GOM",1.09066831061354,"MeanCond"
2010,"AMERICAN SHAD","GOM",1.08294354677692,"MeanCond"
2011,"AMERICAN SHAD","GOM",1.11371318348378,"MeanCond"
2012,"AMERICAN SHAD","GOM",0.981349229997963,"MeanCond"
2013,"AMERICAN SHAD","GOM",1.00590742809066,"MeanCond"
2014,"AMERICAN SHAD","GOM",0.979588135268075,"MeanCond"
2015,"AMERICAN SHAD","GOM",1.01384223603508,"MeanCond"
2016,"AMERICAN SHAD","GOM",1.06575757866917,"MeanCond"
2018,"AMERICAN SHAD","GOM",0.992381862493349,"MeanCond"
2019,"AMERICAN SHAD","GOM",1.03236942452402,"MeanCond"
2021,"AMERICAN SHAD","GOM",0.979229127836611,"MeanCond"
2022,"AMERICAN SHAD","GOM",1.01437224141977,"MeanCond"
2023,"AMERICAN SHAD","GOM",1.02580387406783,"MeanCond"
2024,"AMERICAN SHAD","GOM",1.03044406483663,"MeanCond"
2025,"AMERICAN SHAD","GOM",1.00121603599071,"MeanCond"
1997,"ATLANTIC ANGEL SHARK","MAB",0.924995464389112,"MeanCond"
1998,"ATLANTIC ANGEL SHARK","MAB",1.03626581072825,"MeanCond"
2001,"ATLANTIC ANGEL SHARK","MAB",0.827148420189128,"MeanCond"
2004,"ATLANTIC ANGEL SHARK","MAB",0.815156085043074,"MeanCond"
2008,"ATLANTIC ANGEL SHARK","MAB",0.891367651800005,"MeanCond"
2009,"ATLANTIC ANGEL SHARK","MAB",0.935365259765458,"MeanCond"
2010,"ATLANTIC ANGEL SHARK","MAB",0.936927923048036,"MeanCond"
2011,"ATLANTIC ANGEL SHARK","MAB",0.994620005723404,"MeanCond"
2012,"ATLANTIC ANGEL SHARK","MAB",0.932167474924761,"MeanCond"
2013,"ATLANTIC ANGEL SHARK","MAB",0.973640589949668,"MeanCond"
2014,"ATLANTIC ANGEL SHARK","MAB",0.933371045361695,"MeanCond"
2015,"ATLANTIC ANGEL SHARK","MAB",0.887777811995015,"MeanCond"
2016,"ATLANTIC ANGEL SHARK","MAB",0.931216692440296,"MeanCond"
2018,"ATLANTIC ANGEL SHARK","MAB",0.927541836208626,"MeanCond"
2019,"ATLANTIC ANGEL SHARK","MAB",0.896310179526356,"MeanCond"
2021,"ATLANTIC ANGEL SHARK","MAB",0.880075772481527,"MeanCond"
2022,"ATLANTIC ANGEL SHARK","MAB",0.928354094189713,"MeanCond"
2023,"ATLANTIC ANGEL SHARK","MAB",1.01101123014528,"MeanCond"
2024,"ATLANTIC ANGEL SHARK","MAB",0.931685051320582,"MeanCond"
2025,"ATLANTIC ANGEL SHARK","MAB",0.900753842169842,"MeanCond"
1992,"ATLANTIC COD","GB",0.998361989798816,"MeanCond"
1992,"ATLANTIC COD","GOM",0.99705069655177,"MeanCond"
1992,"ATLANTIC COD","SS",0.973491359667763,"MeanCond"
1993,"ATLANTIC COD","GB",0.991616269990364,"MeanCond"
1993,"ATLANTIC COD","GOM",0.995823126677954,"MeanCond"
1993,"ATLANTIC COD","SS",0.987858216475141,"MeanCond"
1994,"ATLANTIC COD","GB",1.00226036767387,"MeanCond"
1994,"ATLANTIC COD","GOM",0.992429179668905,"MeanCond"
1994,"ATLANTIC COD","SS",0.964599418626725,"MeanCond"
1995,"ATLANTIC COD","GB",0.968494959510438,"MeanCond"
1995,"ATLANTIC COD","GOM",0.998168999607684,"MeanCond"
1995,"ATLANTIC COD","SS",0.945594865495688,"MeanCond"
1996,"ATLANTIC COD","GB",0.993499527446806,"MeanCond"
1996,"ATLANTIC COD","GOM",1.01095309888317,"MeanCond"
1996,"ATLANTIC COD","SS",0.960237561405263,"MeanCond"
1997,"ATLANTIC COD","GB",0.994622847927569,"MeanCond"
1997,"ATLANTIC COD","GOM",1.01682056580793,"MeanCond"
1997,"ATLANTIC COD","SS",0.964707937310434,"MeanCond"
1998,"ATLANTIC COD","GB",0.99752282212443,"MeanCond"
1998,"ATLANTIC COD","GOM",1.00201934466524,"MeanCond"
1998,"ATLANTIC COD","SS",0.959969119246551,"MeanCond"
1999,"ATLANTIC COD","GB",1.0221521070472,"MeanCond"
1999,"ATLANTIC COD","GOM",1.02114000263232,"MeanCond"
1999,"ATLANTIC COD","SS",1.00522577146564,"MeanCond"
2000,"ATLANTIC COD","GB",0.979468807771949,"MeanCond"
2000,"ATLANTIC COD","GOM",0.988665419005519,"MeanCond"
2000,"ATLANTIC COD","SS",0.987529847108768,"MeanCond"
2001,"ATLANTIC COD","GB",0.996270046523994,"MeanCond"
2001,"ATLANTIC COD","GOM",1.00637808705107,"MeanCond"
2001,"ATLANTIC COD","SS",0.945339840127762,"MeanCond"
2002,"ATLANTIC COD","GB",0.99472809885788,"MeanCond"
2002,"ATLANTIC COD","GOM",1.01437479962348,"MeanCond"
2002,"ATLANTIC COD","SS",0.963415745802887,"MeanCond"
2003,"ATLANTIC COD","GB",1.01276104906312,"MeanCond"
2003,"ATLANTIC COD","GOM",0.986694193194004,"MeanCond"
2003,"ATLANTIC COD","SS",0.954426916857607,"MeanCond"
2004,"ATLANTIC COD","GB",0.939869708981643,"MeanCond"
2004,"ATLANTIC COD","GOM",0.980906906555029,"MeanCond"
2004,"ATLANTIC COD","SS",1.01123453675012,"MeanCond"
2005,"ATLANTIC COD","GB",0.978549005709757,"MeanCond"
2005,"ATLANTIC COD","GOM",0.966579000002027,"MeanCond"
2005,"ATLANTIC COD","SS",0.967552745144443,"MeanCond"
2006,"ATLANTIC COD","GB",0.978724279432496,"MeanCond"
2006,"ATLANTIC COD","GOM",0.967486638803577,"MeanCond"
2006,"ATLANTIC COD","SS",0.977083235729376,"MeanCond"
2007,"ATLANTIC COD","GB",0.995535608001716,"MeanCond"
2007,"ATLANTIC COD","GOM",0.985394057250555,"MeanCond"
2007,"ATLANTIC COD","SS",0.970541708953641,"MeanCond"
2008,"ATLANTIC COD","GB",1.02888901038656,"MeanCond"
2008,"ATLANTIC COD","GOM",0.98610688629917,"MeanCond"
2008,"ATLANTIC COD","SS",0.961985406490258,"MeanCond"
2009,"ATLANTIC COD","GB",0.9812515431446,"MeanCond"
2009,"ATLANTIC COD","GOM",1.01177208513142,"MeanCond"
2009,"ATLANTIC COD","SS",0.981797732282701,"MeanCond"
2010,"ATLANTIC COD","GB",0.967128689264845,"MeanCond"
2010,"ATLANTIC COD","GOM",0.980151261433161,"MeanCond"
2010,"ATLANTIC COD","SS",1.00404918135558,"MeanCond"
2011,"ATLANTIC COD","GB",1.00016340457174,"MeanCond"
2011,"ATLANTIC COD","GOM",0.977015807660858,"MeanCond"
2011,"ATLANTIC COD","SS",0.954239886692787,"MeanCond"
2012,"ATLANTIC COD","GB",0.978344801141099,"MeanCond"
2012,"ATLANTIC COD","GOM",1.03424712173162,"MeanCond"
2012,"ATLANTIC COD","SS",0.983924059636339,"MeanCond"
2013,"ATLANTIC COD","GB",0.99207267897288,"MeanCond"
2013,"ATLANTIC COD","GOM",1.00959724456179,"MeanCond"
2013,"ATLANTIC COD","SS",0.986886607675547,"MeanCond"
2014,"ATLANTIC COD","GB",0.989861232662908,"MeanCond"
2014,"ATLANTIC COD","GOM",1.03310869203423,"MeanCond"
2014,"ATLANTIC COD","SS",0.943981567428922,"MeanCond"
2015,"ATLANTIC COD","GB",1.02686908451026,"MeanCond"
2015,"ATLANTIC COD","GOM",1.03088878781819,"MeanCond"
2015,"ATLANTIC COD","SS",0.984534282107136,"MeanCond"
2016,"ATLANTIC COD","GB",0.978391988064838,"MeanCond"
2016,"ATLANTIC COD","GOM",0.99833237849049,"MeanCond"
2016,"ATLANTIC COD","SS",1.02656251811462,"MeanCond"
2017,"ATLANTIC COD","GB",0.984568244981812,"MeanCond"
2017,"ATLANTIC COD","GOM",1.00675219313532,"MeanCond"
2018,"ATLANTIC COD","GB",0.994119680434194,"MeanCond"
2018,"ATLANTIC COD","GOM",1.02732908893106,"MeanCond"
2019,"ATLANTIC COD","GB",1.00540670191734,"MeanCond"
2019,"ATLANTIC COD","GOM",1.01017235278396,"MeanCond"
2019,"ATLANTIC COD","SS",1.06050823338852,"MeanCond"
2021,"ATLANTIC COD","GB",1.03307823095718,"MeanCond"
2021,"ATLANTIC COD","GOM",1.01891761031642,"MeanCond"
2021,"ATLANTIC COD","SS",1.02863042459812,"MeanCond"
2022,"ATLANTIC COD","GB",1.01843263566667,"MeanCond"
2022,"ATLANTIC COD","GOM",1.03047456854724,"MeanCond"
2023,"ATLANTIC COD","GB",1.0459432378499,"MeanCond"
2023,"ATLANTIC COD","GOM",1.05239494812763,"MeanCond"
2023,"ATLANTIC COD","SS",1.01155019297044,"MeanCond"
2024,"ATLANTIC COD","GB",1.00390837825479,"MeanCond"
2024,"ATLANTIC COD","GOM",1.05278670088286,"MeanCond"
2025,"ATLANTIC COD","GB",1.11296504841594,"MeanCond"
2025,"ATLANTIC COD","GOM",1.00574886032854,"MeanCond"
1992,"ATLANTIC CROAKER","MAB",1.02307880070415,"MeanCond"
1996,"ATLANTIC CROAKER","MAB",1.02122466190653,"MeanCond"
1996,"ATLANTIC CROAKER",NA,0.951808299235252,"MeanCond"
1997,"ATLANTIC CROAKER","MAB",1.00385129459179,"MeanCond"
1998,"ATLANTIC CROAKER","MAB",0.977849429157814,"MeanCond"
1999,"ATLANTIC CROAKER","MAB",1.02801796675358,"MeanCond"
1999,"ATLANTIC CROAKER",NA,0.985234848768464,"MeanCond"
2000,"ATLANTIC CROAKER","MAB",1.03264757985655,"MeanCond"
2000,"ATLANTIC CROAKER",NA,0.941524160201736,"MeanCond"
2001,"ATLANTIC CROAKER","MAB",0.998086739344713,"MeanCond"
2001,"ATLANTIC CROAKER",NA,0.948428731969064,"MeanCond"
2002,"ATLANTIC CROAKER","MAB",0.990494001894917,"MeanCond"
2002,"ATLANTIC CROAKER",NA,0.890159905724566,"MeanCond"
2003,"ATLANTIC CROAKER","MAB",1.02958127947135,"MeanCond"
2003,"ATLANTIC CROAKER",NA,0.986351641064907,"MeanCond"
2004,"ATLANTIC CROAKER","MAB",0.987123820642041,"MeanCond"
2004,"ATLANTIC CROAKER",NA,0.901692638896867,"MeanCond"
2005,"ATLANTIC CROAKER","MAB",0.983781039614102,"MeanCond"
2005,"ATLANTIC CROAKER",NA,0.932519212167988,"MeanCond"
2006,"ATLANTIC CROAKER","MAB",0.975896948238954,"MeanCond"
2006,"ATLANTIC CROAKER",NA,0.891102078110642,"MeanCond"
2007,"ATLANTIC CROAKER","MAB",1.00300484108762,"MeanCond"
2007,"ATLANTIC CROAKER",NA,0.916252142541826,"MeanCond"
2008,"ATLANTIC CROAKER","MAB",0.959442287425059,"MeanCond"
2008,"ATLANTIC CROAKER",NA,0.891781282671103,"MeanCond"
2009,"ATLANTIC CROAKER","MAB",0.995870765605748,"MeanCond"
2009,"ATLANTIC CROAKER",NA,0.941844950813818,"MeanCond"
2010,"ATLANTIC CROAKER","MAB",1.01947973762733,"MeanCond"
2010,"ATLANTIC CROAKER",NA,0.961430331730677,"MeanCond"
2011,"ATLANTIC CROAKER","MAB",1.03732460188216,"MeanCond"
2011,"ATLANTIC CROAKER",NA,0.997811168601352,"MeanCond"
2012,"ATLANTIC CROAKER","MAB",0.956936143849639,"MeanCond"
2012,"ATLANTIC CROAKER",NA,0.990149937649797,"MeanCond"
2013,"ATLANTIC CROAKER","MAB",0.989816551039822,"MeanCond"
2013,"ATLANTIC CROAKER",NA,0.941206472373213,"MeanCond"
2014,"ATLANTIC CROAKER","MAB",0.974092138496917,"MeanCond"
2014,"ATLANTIC CROAKER",NA,0.900528030603307,"MeanCond"
2015,"ATLANTIC CROAKER","MAB",0.989189659468948,"MeanCond"
2015,"ATLANTIC CROAKER",NA,0.899091815827155,"MeanCond"
2016,"ATLANTIC CROAKER","MAB",1.00063326052009,"MeanCond"
2016,"ATLANTIC CROAKER",NA,0.943159400143756,"MeanCond"
2018,"ATLANTIC CROAKER","MAB",0.996324136243657,"MeanCond"
2018,"ATLANTIC CROAKER",NA,0.899386149764503,"MeanCond"
2019,"ATLANTIC CROAKER","MAB",0.990203546774651,"MeanCond"
2019,"ATLANTIC CROAKER",NA,0.979699939025699,"MeanCond"
2021,"ATLANTIC CROAKER","MAB",0.95708375869606,"MeanCond"
2021,"ATLANTIC CROAKER",NA,0.936585966994631,"MeanCond"
2022,"ATLANTIC CROAKER","MAB",1.00236561265665,"MeanCond"
2022,"ATLANTIC CROAKER",NA,1.07077258398759,"MeanCond"
2023,"ATLANTIC CROAKER","MAB",0.966336587292247,"MeanCond"
2024,"ATLANTIC CROAKER","MAB",0.992285485806752,"MeanCond"
2024,"ATLANTIC CROAKER",NA,0.91563215644552,"MeanCond"
2025,"ATLANTIC CROAKER","MAB",1.00016988708782,"MeanCond"
2025,"ATLANTIC CROAKER",NA,0.871267116087667,"MeanCond"
1992,"ATLANTIC HERRING","GB",0.799962096069122,"MeanCond"
1992,"ATLANTIC HERRING","GOM",0.935848709659114,"MeanCond"
1992,"ATLANTIC HERRING","SS",1.0275602616771,"MeanCond"
1993,"ATLANTIC HERRING","GB",1.03080270788493,"MeanCond"
1993,"ATLANTIC HERRING","GOM",1.05959116739584,"MeanCond"
1993,"ATLANTIC HERRING","SS",1.05110782082873,"MeanCond"
1994,"ATLANTIC HERRING","GB",1.10035984586024,"MeanCond"
1994,"ATLANTIC HERRING","GOM",1.01063693373138,"MeanCond"
1994,"ATLANTIC HERRING","SS",1.02459011350841,"MeanCond"
1995,"ATLANTIC HERRING","GB",1.04667547845453,"MeanCond"
1995,"ATLANTIC HERRING","GOM",1.03800204420904,"MeanCond"
1995,"ATLANTIC HERRING","SS",1.02797059841507,"MeanCond"
1996,"ATLANTIC HERRING","GB",1.05397402229661,"MeanCond"
1996,"ATLANTIC HERRING","GOM",0.989086561549654,"MeanCond"
1996,"ATLANTIC HERRING","SS",1.00246057282059,"MeanCond"
1997,"ATLANTIC HERRING","GB",1.03076988038785,"MeanCond"
1997,"ATLANTIC HERRING","GOM",0.97751191309069,"MeanCond"
1997,"ATLANTIC HERRING","SS",1.08668006217861,"MeanCond"
1998,"ATLANTIC HERRING","GB",1.05124096535624,"MeanCond"
1998,"ATLANTIC HERRING","GOM",0.982104127807027,"MeanCond"
1998,"ATLANTIC HERRING","SS",0.98750628781432,"MeanCond"
1999,"ATLANTIC HERRING","GB",1.08384896128703,"MeanCond"
1999,"ATLANTIC HERRING","GOM",0.995965121650442,"MeanCond"
1999,"ATLANTIC HERRING","SS",1.03374514792399,"MeanCond"
2000,"ATLANTIC HERRING","GB",1.17652963217345,"MeanCond"
2000,"ATLANTIC HERRING","GOM",1.0114986199213,"MeanCond"
2000,"ATLANTIC HERRING","SS",0.879534521062622,"MeanCond"
2001,"ATLANTIC HERRING","GB",1.03891156857478,"MeanCond"
2001,"ATLANTIC HERRING","GOM",0.971182698031167,"MeanCond"
2001,"ATLANTIC HERRING","SS",0.961301008301058,"MeanCond"
2002,"ATLANTIC HERRING","GB",0.982664126578022,"MeanCond"
2002,"ATLANTIC HERRING","GOM",0.965430056316525,"MeanCond"
2002,"ATLANTIC HERRING","SS",0.961086893392796,"MeanCond"
2003,"ATLANTIC HERRING","GB",1.08635698907767,"MeanCond"
2003,"ATLANTIC HERRING","GOM",0.994948269213009,"MeanCond"
2003,"ATLANTIC HERRING","SS",1.00818264140843,"MeanCond"
2004,"ATLANTIC HERRING","GB",0.995639181207038,"MeanCond"
2004,"ATLANTIC HERRING","GOM",0.969476540276925,"MeanCond"
2004,"ATLANTIC HERRING","SS",0.986441235475099,"MeanCond"
2005,"ATLANTIC HERRING","GB",1.00440036136986,"MeanCond"
2005,"ATLANTIC HERRING","GOM",0.957794762955674,"MeanCond"
2005,"ATLANTIC HERRING","SS",0.968221380206063,"MeanCond"
2006,"ATLANTIC HERRING","GB",1.07230963853045,"MeanCond"
2006,"ATLANTIC HERRING","GOM",0.994489014417817,"MeanCond"
2006,"ATLANTIC HERRING","SS",0.987007816032032,"MeanCond"
2007,"ATLANTIC HERRING","GB",1.13006728748769,"MeanCond"
2007,"ATLANTIC HERRING","GOM",1.04041310812884,"MeanCond"
2007,"ATLANTIC HERRING","SS",1.00034834675614,"MeanCond"
2008,"ATLANTIC HERRING","GB",1.09216725157882,"MeanCond"
2008,"ATLANTIC HERRING","GOM",0.99272190667682,"MeanCond"
2008,"ATLANTIC HERRING","SS",1.05082218019571,"MeanCond"
2009,"ATLANTIC HERRING","GB",0.970993697014769,"MeanCond"
2009,"ATLANTIC HERRING","GOM",0.997556101554493,"MeanCond"
2009,"ATLANTIC HERRING","SS",0.960165480109799,"MeanCond"
2010,"ATLANTIC HERRING","GB",0.965623622657324,"MeanCond"
2010,"ATLANTIC HERRING","GOM",0.940040013266172,"MeanCond"
2010,"ATLANTIC HERRING","SS",0.982147748387939,"MeanCond"
2011,"ATLANTIC HERRING","GB",0.96615472964631,"MeanCond"
2011,"ATLANTIC HERRING","GOM",0.964999778487422,"MeanCond"
2011,"ATLANTIC HERRING","SS",0.965820299431732,"MeanCond"
2012,"ATLANTIC HERRING","GB",1.03785944280187,"MeanCond"
2012,"ATLANTIC HERRING","GOM",0.962214491496476,"MeanCond"
2012,"ATLANTIC HERRING","SS",0.95172120468794,"MeanCond"
2013,"ATLANTIC HERRING","GB",1.00682381085187,"MeanCond"
2013,"ATLANTIC HERRING","GOM",0.965714292870778,"MeanCond"
2013,"ATLANTIC HERRING","SS",1.00994491975044,"MeanCond"
2014,"ATLANTIC HERRING","GB",1.0623859147195,"MeanCond"
2014,"ATLANTIC HERRING","GOM",0.971369716941868,"MeanCond"
2014,"ATLANTIC HERRING","SS",0.999282965610754,"MeanCond"
2015,"ATLANTIC HERRING","GB",1.09514308667982,"MeanCond"
2015,"ATLANTIC HERRING","GOM",0.971355838375148,"MeanCond"
2015,"ATLANTIC HERRING","SS",0.974557143355359,"MeanCond"
2016,"ATLANTIC HERRING","GB",1.03129195071805,"MeanCond"
2016,"ATLANTIC HERRING","GOM",0.996463686194106,"MeanCond"
2016,"ATLANTIC HERRING","SS",0.953311198669934,"MeanCond"
2017,"ATLANTIC HERRING","GB",0.969331114633016,"MeanCond"
2017,"ATLANTIC HERRING","GOM",0.951114374550744,"MeanCond"
2017,"ATLANTIC HERRING","SS",0.91471876403012,"MeanCond"
2018,"ATLANTIC HERRING","GB",1.05167282187509,"MeanCond"
2018,"ATLANTIC HERRING","GOM",0.985004347216103,"MeanCond"
2019,"ATLANTIC HERRING","GB",1.04430289973868,"MeanCond"
2019,"ATLANTIC HERRING","GOM",0.956576177320477,"MeanCond"
2019,"ATLANTIC HERRING","SS",0.983295163640058,"MeanCond"
2021,"ATLANTIC HERRING","GB",1.00442467205697,"MeanCond"
2021,"ATLANTIC HERRING","GOM",0.990091198437293,"MeanCond"
2021,"ATLANTIC HERRING","SS",0.990194415016492,"MeanCond"
2022,"ATLANTIC HERRING","GB",0.981974898402084,"MeanCond"
2022,"ATLANTIC HERRING","GOM",0.974363423127198,"MeanCond"
2022,"ATLANTIC HERRING","SS",0.957726205822227,"MeanCond"
2023,"ATLANTIC HERRING","GB",1.10023929719732,"MeanCond"
2023,"ATLANTIC HERRING","GOM",1.03044980344238,"MeanCond"
2023,"ATLANTIC HERRING","SS",1.02191915591665,"MeanCond"
2024,"ATLANTIC HERRING","GB",1.11172794971534,"MeanCond"
2024,"ATLANTIC HERRING","GOM",1.02005931522669,"MeanCond"
2024,"ATLANTIC HERRING","SS",0.987852018583935,"MeanCond"
2025,"ATLANTIC HERRING","GB",1.01826917934297,"MeanCond"
2025,"ATLANTIC HERRING","GOM",1.01090462471261,"MeanCond"
2025,"ATLANTIC HERRING","SS",0.968019382476823,"MeanCond"
1992,"ATLANTIC MACKEREL","GB",1.05002349789338,"MeanCond"
1992,"ATLANTIC MACKEREL","GOM",1.01865088549751,"MeanCond"
1992,"ATLANTIC MACKEREL","MAB",1.05430366185272,"MeanCond"
1992,"ATLANTIC MACKEREL","SS",0.99957578509745,"MeanCond"
1993,"ATLANTIC MACKEREL","GB",1.00334351344067,"MeanCond"
1993,"ATLANTIC MACKEREL","GOM",1.01418764720749,"MeanCond"
1993,"ATLANTIC MACKEREL","MAB",0.899372226138088,"MeanCond"
1994,"ATLANTIC MACKEREL","GB",1.01789468145911,"MeanCond"
1994,"ATLANTIC MACKEREL","GOM",1.04274751348424,"MeanCond"
1994,"ATLANTIC MACKEREL","MAB",1.04094506496837,"MeanCond"
1994,"ATLANTIC MACKEREL","SS",1.01664090196068,"MeanCond"
1995,"ATLANTIC MACKEREL","GB",0.995173963898941,"MeanCond"
1995,"ATLANTIC MACKEREL","GOM",0.965576660481241,"MeanCond"
1995,"ATLANTIC MACKEREL","MAB",0.96221165915703,"MeanCond"
1995,"ATLANTIC MACKEREL","SS",1.06205623640597,"MeanCond"
1996,"ATLANTIC MACKEREL","GB",1.02667373871742,"MeanCond"
1996,"ATLANTIC MACKEREL","GOM",0.960592925431222,"MeanCond"
1996,"ATLANTIC MACKEREL","MAB",1.00225456995387,"MeanCond"
1997,"ATLANTIC MACKEREL","GB",1.02916804978451,"MeanCond"
1997,"ATLANTIC MACKEREL","GOM",1.00438509005934,"MeanCond"
1997,"ATLANTIC MACKEREL","MAB",0.964194988666762,"MeanCond"
1997,"ATLANTIC MACKEREL","SS",0.960110513488782,"MeanCond"
1998,"ATLANTIC MACKEREL","GB",0.937210857045503,"MeanCond"
1998,"ATLANTIC MACKEREL","GOM",1.0109189122328,"MeanCond"
1998,"ATLANTIC MACKEREL","MAB",1.02190709099083,"MeanCond"
1998,"ATLANTIC MACKEREL","SS",1.02845387161677,"MeanCond"
1999,"ATLANTIC MACKEREL","GB",1.05025788276644,"MeanCond"
1999,"ATLANTIC MACKEREL","GOM",1.08341517689351,"MeanCond"
1999,"ATLANTIC MACKEREL","MAB",0.958800193339251,"MeanCond"
1999,"ATLANTIC MACKEREL","SS",1.04372782388768,"MeanCond"
2000,"ATLANTIC MACKEREL","GB",0.953260814498697,"MeanCond"
2000,"ATLANTIC MACKEREL","GOM",1.00000912862227,"MeanCond"
2000,"ATLANTIC MACKEREL","MAB",1.02562147645557,"MeanCond"
2001,"ATLANTIC MACKEREL","GB",0.989418766440168,"MeanCond"
2001,"ATLANTIC MACKEREL","GOM",0.971167159656246,"MeanCond"
2001,"ATLANTIC MACKEREL","MAB",0.977130640377759,"MeanCond"
2001,"ATLANTIC MACKEREL","SS",0.918855948093002,"MeanCond"
2002,"ATLANTIC MACKEREL","GB",0.942331861286542,"MeanCond"
2002,"ATLANTIC MACKEREL","GOM",1.02171221166295,"MeanCond"
2002,"ATLANTIC MACKEREL","SS",0.945717685364072,"MeanCond"
2003,"ATLANTIC MACKEREL","GB",1.03579673992904,"MeanCond"
2003,"ATLANTIC MACKEREL","GOM",0.979359008828715,"MeanCond"
2003,"ATLANTIC MACKEREL","MAB",0.94799096063962,"MeanCond"
2003,"ATLANTIC MACKEREL","SS",0.972834677869114,"MeanCond"
2004,"ATLANTIC MACKEREL","GB",0.964932806478125,"MeanCond"
2004,"ATLANTIC MACKEREL","GOM",0.942392348064272,"MeanCond"
2004,"ATLANTIC MACKEREL","SS",0.98973808921179,"MeanCond"
2005,"ATLANTIC MACKEREL","GB",0.88191541842495,"MeanCond"
2005,"ATLANTIC MACKEREL","GOM",0.892295807148184,"MeanCond"
2005,"ATLANTIC MACKEREL","MAB",1.0449709523314,"MeanCond"
2005,"ATLANTIC MACKEREL","SS",0.946202402338027,"MeanCond"
2006,"ATLANTIC MACKEREL","GB",0.956618140752964,"MeanCond"
2006,"ATLANTIC MACKEREL","GOM",0.964982451300774,"MeanCond"
2006,"ATLANTIC MACKEREL","SS",1.08084142058592,"MeanCond"
2007,"ATLANTIC MACKEREL","GB",0.990785317715797,"MeanCond"
2007,"ATLANTIC MACKEREL","GOM",0.949234406704614,"MeanCond"
2007,"ATLANTIC MACKEREL","MAB",1.0218777056858,"MeanCond"
2008,"ATLANTIC MACKEREL","GB",1.03473687437867,"MeanCond"
2008,"ATLANTIC MACKEREL","GOM",0.93950552834921,"MeanCond"
2008,"ATLANTIC MACKEREL","MAB",1.01684104902525,"MeanCond"
2008,"ATLANTIC MACKEREL","SS",0.944449002948524,"MeanCond"
2009,"ATLANTIC MACKEREL","GB",1.00217423924974,"MeanCond"
2009,"ATLANTIC MACKEREL","GOM",0.957986215096193,"MeanCond"
2009,"ATLANTIC MACKEREL","MAB",1.06836333519631,"MeanCond"
2009,"ATLANTIC MACKEREL","SS",0.966244557675665,"MeanCond"
2010,"ATLANTIC MACKEREL","GB",1.05703535249432,"MeanCond"
2010,"ATLANTIC MACKEREL","GOM",0.924921281056725,"MeanCond"
2010,"ATLANTIC MACKEREL","MAB",1.07181936182198,"MeanCond"
2010,"ATLANTIC MACKEREL","SS",0.923632581876261,"MeanCond"
2011,"ATLANTIC MACKEREL","GB",1.01979032247377,"MeanCond"
2011,"ATLANTIC MACKEREL","GOM",0.978419090001131,"MeanCond"
2011,"ATLANTIC MACKEREL","MAB",1.06654789857795,"MeanCond"
2011,"ATLANTIC MACKEREL","SS",0.929203381833985,"MeanCond"
2012,"ATLANTIC MACKEREL","GB",1.02166812390405,"MeanCond"
2012,"ATLANTIC MACKEREL","GOM",1.00655703048616,"MeanCond"
2012,"ATLANTIC MACKEREL","MAB",1.16020115299491,"MeanCond"
2012,"ATLANTIC MACKEREL","SS",1.00521495459024,"MeanCond"
2013,"ATLANTIC MACKEREL","GB",1.03865688637152,"MeanCond"
2013,"ATLANTIC MACKEREL","GOM",0.986239891636649,"MeanCond"
2013,"ATLANTIC MACKEREL","SS",0.964982813082146,"MeanCond"
2014,"ATLANTIC MACKEREL","GB",1.0536389915452,"MeanCond"
2014,"ATLANTIC MACKEREL","GOM",1.01695244199121,"MeanCond"
2014,"ATLANTIC MACKEREL","SS",0.995666768436815,"MeanCond"
2015,"ATLANTIC MACKEREL","GB",1.08372736354321,"MeanCond"
2015,"ATLANTIC MACKEREL","GOM",0.992479286812899,"MeanCond"
2015,"ATLANTIC MACKEREL","MAB",1.077041094435,"MeanCond"
2015,"ATLANTIC MACKEREL","SS",1.08672899856512,"MeanCond"
2016,"ATLANTIC MACKEREL","GB",1.04109542499536,"MeanCond"
2016,"ATLANTIC MACKEREL","GOM",1.00832078884,"MeanCond"
2016,"ATLANTIC MACKEREL","SS",0.92195509467825,"MeanCond"
2018,"ATLANTIC MACKEREL","GB",1.07926194001668,"MeanCond"
2018,"ATLANTIC MACKEREL","GOM",0.960211339685767,"MeanCond"
2018,"ATLANTIC MACKEREL","MAB",1.07583827380579,"MeanCond"
2019,"ATLANTIC MACKEREL","GB",1.01259129703263,"MeanCond"
2019,"ATLANTIC MACKEREL","GOM",0.926904431890071,"MeanCond"
2019,"ATLANTIC MACKEREL","MAB",1.05512425334754,"MeanCond"
2019,"ATLANTIC MACKEREL","SS",0.932028849900523,"MeanCond"
2021,"ATLANTIC MACKEREL","GB",1.03341510535816,"MeanCond"
2021,"ATLANTIC MACKEREL","GOM",0.955439139192044,"MeanCond"
2021,"ATLANTIC MACKEREL","MAB",1.0691852210356,"MeanCond"
2021,"ATLANTIC MACKEREL","SS",0.940542068246294,"MeanCond"
2022,"ATLANTIC MACKEREL","GB",1.01671166974243,"MeanCond"
2022,"ATLANTIC MACKEREL","GOM",0.96955278091095,"MeanCond"
2022,"ATLANTIC MACKEREL","MAB",1.04277843108037,"MeanCond"
2022,"ATLANTIC MACKEREL","SS",0.910086924286142,"MeanCond"
2023,"ATLANTIC MACKEREL","GB",1.0067691184604,"MeanCond"
2023,"ATLANTIC MACKEREL","GOM",0.947282205907483,"MeanCond"
2023,"ATLANTIC MACKEREL","MAB",1.05673572482923,"MeanCond"
2023,"ATLANTIC MACKEREL","SS",0.892902103487898,"MeanCond"
2024,"ATLANTIC MACKEREL","GB",1.01733318010829,"MeanCond"
2024,"ATLANTIC MACKEREL","GOM",0.95327561560872,"MeanCond"
2024,"ATLANTIC MACKEREL","MAB",1.04441698133337,"MeanCond"
2024,"ATLANTIC MACKEREL","SS",0.943040038726422,"MeanCond"
2025,"ATLANTIC MACKEREL","GB",0.973953236317317,"MeanCond"
2025,"ATLANTIC MACKEREL","GOM",0.973825865861197,"MeanCond"
2025,"ATLANTIC MACKEREL","MAB",1.0336737910634,"MeanCond"
2025,"ATLANTIC MACKEREL","SS",0.926811199021871,"MeanCond"
1992,"ATLANTIC WOLFFISH","GOM",1.03417795627881,"MeanCond"
1993,"ATLANTIC WOLFFISH","GOM",1.03520614046282,"MeanCond"
1994,"ATLANTIC WOLFFISH","GOM",0.902834236033063,"MeanCond"
1995,"ATLANTIC WOLFFISH","GOM",1.0841946765229,"MeanCond"
1996,"ATLANTIC WOLFFISH","GOM",0.890870227886779,"MeanCond"
1997,"ATLANTIC WOLFFISH","GOM",0.983289184848718,"MeanCond"
1998,"ATLANTIC WOLFFISH","GOM",0.986714633204144,"MeanCond"
1999,"ATLANTIC WOLFFISH","GOM",0.982344877843305,"MeanCond"
2001,"ATLANTIC WOLFFISH","GOM",1.02269194238367,"MeanCond"
2003,"ATLANTIC WOLFFISH","GOM",1.03813391036653,"MeanCond"
2005,"ATLANTIC WOLFFISH","GOM",0.901904178649603,"MeanCond"
2006,"ATLANTIC WOLFFISH","GOM",1.10337021134135,"MeanCond"
2008,"ATLANTIC WOLFFISH","GOM",0.943829932199759,"MeanCond"
2009,"ATLANTIC WOLFFISH","GOM",1.03520457480644,"MeanCond"
2010,"ATLANTIC WOLFFISH","GOM",1.01539756807406,"MeanCond"
2011,"ATLANTIC WOLFFISH","GOM",0.982330731149878,"MeanCond"
2013,"ATLANTIC WOLFFISH","GOM",0.978751865050753,"MeanCond"
2014,"ATLANTIC WOLFFISH","GOM",1.05278455906234,"MeanCond"
2015,"ATLANTIC WOLFFISH","GOM",0.991386784847018,"MeanCond"
2018,"ATLANTIC WOLFFISH","GOM",1.12241188830922,"MeanCond"
2022,"ATLANTIC WOLFFISH","GOM",1.00238894998028,"MeanCond"
1995,"BARNDOOR SKATE","GB",1.0016792939054,"MeanCond"
1999,"BARNDOOR SKATE","GB",1.00281301372193,"MeanCond"
1999,"BARNDOOR SKATE","MAB",0.874936237332494,"MeanCond"
2000,"BARNDOOR SKATE","GB",0.922069618908703,"MeanCond"
2001,"BARNDOOR SKATE","GB",0.921824309083418,"MeanCond"
2002,"BARNDOOR SKATE","GB",0.943338355290567,"MeanCond"
2002,"BARNDOOR SKATE","MAB",0.975933625819407,"MeanCond"
2003,"BARNDOOR SKATE","GB",0.952573231750069,"MeanCond"
2003,"BARNDOOR SKATE","GOM",0.886043948192614,"MeanCond"
2003,"BARNDOOR SKATE","MAB",0.957414233231736,"MeanCond"
2004,"BARNDOOR SKATE","GB",0.930681718798448,"MeanCond"
2005,"BARNDOOR SKATE","GB",0.919888542780667,"MeanCond"
2005,"BARNDOOR SKATE","GOM",0.968125650184597,"MeanCond"
2005,"BARNDOOR SKATE","MAB",0.884918688644635,"MeanCond"
2006,"BARNDOOR SKATE","GB",0.946149336478719,"MeanCond"
2006,"BARNDOOR SKATE","GOM",0.952383841875341,"MeanCond"
2006,"BARNDOOR SKATE","MAB",0.863131169158326,"MeanCond"
2007,"BARNDOOR SKATE","GB",1.01467803436772,"MeanCond"
2007,"BARNDOOR SKATE","GOM",0.901798014322166,"MeanCond"
2007,"BARNDOOR SKATE","MAB",0.878249043241423,"MeanCond"
2008,"BARNDOOR SKATE","GB",1.00977442780912,"MeanCond"
2008,"BARNDOOR SKATE","GOM",1.02682457301509,"MeanCond"
2008,"BARNDOOR SKATE","MAB",0.950923065960007,"MeanCond"
2009,"BARNDOOR SKATE","GB",0.91289335964143,"MeanCond"
2009,"BARNDOOR SKATE","GOM",0.957540677373748,"MeanCond"
2009,"BARNDOOR SKATE","MAB",0.944827408471495,"MeanCond"
2010,"BARNDOOR SKATE","GB",0.922540339254353,"MeanCond"
2010,"BARNDOOR SKATE","GOM",0.934230505297496,"MeanCond"
2010,"BARNDOOR SKATE","MAB",0.923310038090725,"MeanCond"
2011,"BARNDOOR SKATE","GB",0.918336240516036,"MeanCond"
2011,"BARNDOOR SKATE","GOM",0.977364658581218,"MeanCond"
2011,"BARNDOOR SKATE","MAB",0.966926281379092,"MeanCond"
2012,"BARNDOOR SKATE","GB",0.89803129292073,"MeanCond"
2012,"BARNDOOR SKATE","GOM",0.983684225288076,"MeanCond"
2012,"BARNDOOR SKATE","MAB",0.836877300463289,"MeanCond"
2013,"BARNDOOR SKATE","GB",0.949965478509054,"MeanCond"
2013,"BARNDOOR SKATE","GOM",1.0030568488345,"MeanCond"
2013,"BARNDOOR SKATE","MAB",0.942206838633327,"MeanCond"
2014,"BARNDOOR SKATE","GB",0.919999542620086,"MeanCond"
2014,"BARNDOOR SKATE","GOM",1.00710392071951,"MeanCond"
2014,"BARNDOOR SKATE","MAB",0.949324668224496,"MeanCond"
2015,"BARNDOOR SKATE","GB",0.950019835621202,"MeanCond"
2015,"BARNDOOR SKATE","GOM",0.979559739263158,"MeanCond"
2015,"BARNDOOR SKATE","MAB",0.942846288859586,"MeanCond"
2016,"BARNDOOR SKATE","GB",0.933079408064685,"MeanCond"
2016,"BARNDOOR SKATE","GOM",0.998317627396458,"MeanCond"
2016,"BARNDOOR SKATE","MAB",0.945089561517273,"MeanCond"
2017,"BARNDOOR SKATE","GB",0.931860596769089,"MeanCond"
2017,"BARNDOOR SKATE","GOM",0.978563411256282,"MeanCond"
2018,"BARNDOOR SKATE","GB",0.935830203576951,"MeanCond"
2018,"BARNDOOR SKATE","GOM",0.978485790237228,"MeanCond"
2018,"BARNDOOR SKATE","MAB",0.90637538274392,"MeanCond"
2019,"BARNDOOR SKATE","GB",0.952671379686397,"MeanCond"
2019,"BARNDOOR SKATE","GOM",0.99577926518929,"MeanCond"
2019,"BARNDOOR SKATE","MAB",0.922475879375782,"MeanCond"
2021,"BARNDOOR SKATE","GB",0.999662086191307,"MeanCond"
2021,"BARNDOOR SKATE","GOM",0.985261085163193,"MeanCond"
2021,"BARNDOOR SKATE","MAB",0.950367431479605,"MeanCond"
2022,"BARNDOOR SKATE","GB",0.963230303258669,"MeanCond"
2022,"BARNDOOR SKATE","GOM",0.984638096638022,"MeanCond"
2022,"BARNDOOR SKATE","MAB",0.996864004203525,"MeanCond"
2023,"BARNDOOR SKATE","GB",0.98425216214855,"MeanCond"
2023,"BARNDOOR SKATE","GOM",0.963638423687501,"MeanCond"
2023,"BARNDOOR SKATE","MAB",1.01168622275803,"MeanCond"
2024,"BARNDOOR SKATE","GB",0.922670850917656,"MeanCond"
2024,"BARNDOOR SKATE","GOM",0.971899408152853,"MeanCond"
2024,"BARNDOOR SKATE","MAB",0.923405232614424,"MeanCond"
2025,"BARNDOOR SKATE","GB",0.953626618735905,"MeanCond"
2025,"BARNDOOR SKATE","GOM",0.975531672642503,"MeanCond"
2025,"BARNDOOR SKATE","MAB",0.928514979848619,"MeanCond"
1992,"BLACK SEA BASS","MAB",0.988091701648058,"MeanCond"
1993,"BLACK SEA BASS","MAB",1.00367793351691,"MeanCond"
1994,"BLACK SEA BASS","GB",0.983499504445267,"MeanCond"
1994,"BLACK SEA BASS","MAB",1.0217574925965,"MeanCond"
1995,"BLACK SEA BASS","MAB",0.99787017688529,"MeanCond"
1996,"BLACK SEA BASS","MAB",0.981001400532714,"MeanCond"
1997,"BLACK SEA BASS","MAB",0.989058209328919,"MeanCond"
1998,"BLACK SEA BASS","GOM",0.948393688055327,"MeanCond"
1998,"BLACK SEA BASS","MAB",0.971424013091812,"MeanCond"
1999,"BLACK SEA BASS","GB",0.959555321410565,"MeanCond"
1999,"BLACK SEA BASS","MAB",1.02160147745333,"MeanCond"
2000,"BLACK SEA BASS","GB",0.981691965566335,"MeanCond"
2000,"BLACK SEA BASS","GOM",1.05115005034225,"MeanCond"
2000,"BLACK SEA BASS","MAB",1.01991764747557,"MeanCond"
2001,"BLACK SEA BASS","GOM",0.864417898095042,"MeanCond"
2001,"BLACK SEA BASS","MAB",0.985019684553545,"MeanCond"
2002,"BLACK SEA BASS","GOM",0.973840467615133,"MeanCond"
2002,"BLACK SEA BASS","MAB",0.958600661035536,"MeanCond"
2003,"BLACK SEA BASS","GB",0.964750652333011,"MeanCond"
2003,"BLACK SEA BASS","MAB",0.961671858669225,"MeanCond"
2004,"BLACK SEA BASS","GOM",0.906627360183605,"MeanCond"
2004,"BLACK SEA BASS","MAB",0.953703332015664,"MeanCond"
2005,"BLACK SEA BASS","GB",0.962037525976091,"MeanCond"
2005,"BLACK SEA BASS","GOM",0.793221988265122,"MeanCond"
2005,"BLACK SEA BASS","MAB",0.979731800247494,"MeanCond"
2006,"BLACK SEA BASS","GOM",0.996098011557187,"MeanCond"
2006,"BLACK SEA BASS","MAB",0.964236980944253,"MeanCond"
2007,"BLACK SEA BASS","GB",0.962443005252158,"MeanCond"
2007,"BLACK SEA BASS","MAB",0.948445385172399,"MeanCond"
2008,"BLACK SEA BASS","GB",1.05229635935942,"MeanCond"
2008,"BLACK SEA BASS","GOM",0.939056753125264,"MeanCond"
2008,"BLACK SEA BASS","MAB",0.953846018616524,"MeanCond"
2009,"BLACK SEA BASS","GB",0.954148801208511,"MeanCond"
2009,"BLACK SEA BASS","GOM",0.98400360420472,"MeanCond"
2009,"BLACK SEA BASS","MAB",0.963870948247221,"MeanCond"
2010,"BLACK SEA BASS","GB",0.998458915544093,"MeanCond"
2010,"BLACK SEA BASS","GOM",0.882368939971214,"MeanCond"
2010,"BLACK SEA BASS","MAB",0.953243093778456,"MeanCond"
2011,"BLACK SEA BASS","GB",1.01353726261957,"MeanCond"
2011,"BLACK SEA BASS","GOM",0.941212132710908,"MeanCond"
2011,"BLACK SEA BASS","MAB",0.988434190174752,"MeanCond"
2012,"BLACK SEA BASS","GOM",0.934842625781368,"MeanCond"
2012,"BLACK SEA BASS","MAB",0.952035986695805,"MeanCond"
2013,"BLACK SEA BASS","GB",1.02430387392488,"MeanCond"
2013,"BLACK SEA BASS","GOM",0.975586712890923,"MeanCond"
2013,"BLACK SEA BASS","MAB",1.00747838318774,"MeanCond"
2014,"BLACK SEA BASS","GB",1.03427727182046,"MeanCond"
2014,"BLACK SEA BASS","GOM",0.930573645333134,"MeanCond"
2014,"BLACK SEA BASS","MAB",0.965594217340818,"MeanCond"
2015,"BLACK SEA BASS","GB",1.03560547724128,"MeanCond"
2015,"BLACK SEA BASS","GOM",0.951678808978807,"MeanCond"
2015,"BLACK SEA BASS","MAB",0.959037708982475,"MeanCond"
2016,"BLACK SEA BASS","GB",0.962667637751526,"MeanCond"
2016,"BLACK SEA BASS","GOM",0.981345501190922,"MeanCond"
2016,"BLACK SEA BASS","MAB",0.965808040615144,"MeanCond"
2018,"BLACK SEA BASS","GB",1.00945078199234,"MeanCond"
2018,"BLACK SEA BASS","GOM",0.927726901834767,"MeanCond"
2018,"BLACK SEA BASS","MAB",0.89872155854129,"MeanCond"
2019,"BLACK SEA BASS","GB",1.00595867015523,"MeanCond"
2019,"BLACK SEA BASS","GOM",0.909097747811449,"MeanCond"
2019,"BLACK SEA BASS","MAB",0.92035251704689,"MeanCond"
2021,"BLACK SEA BASS","GB",0.977381377408121,"MeanCond"
2021,"BLACK SEA BASS","GOM",0.955248050675012,"MeanCond"
2021,"BLACK SEA BASS","MAB",0.929433633161884,"MeanCond"
2022,"BLACK SEA BASS","GB",0.973649787387798,"MeanCond"
2022,"BLACK SEA BASS","GOM",1.01206730848005,"MeanCond"
2022,"BLACK SEA BASS","MAB",0.950817251445885,"MeanCond"
2023,"BLACK SEA BASS","GB",1.00676757051768,"MeanCond"
2023,"BLACK SEA BASS","GOM",1.01661705537548,"MeanCond"
2023,"BLACK SEA BASS","MAB",0.963051261670622,"MeanCond"
2024,"BLACK SEA BASS","GB",0.928738914324439,"MeanCond"
2024,"BLACK SEA BASS","GOM",1.03230059623989,"MeanCond"
2024,"BLACK SEA BASS","MAB",0.931302972510825,"MeanCond"
2025,"BLACK SEA BASS","GB",1.00354960749753,"MeanCond"
2025,"BLACK SEA BASS","GOM",0.914831441719733,"MeanCond"
2025,"BLACK SEA BASS","MAB",0.940637958377581,"MeanCond"
1998,"BLACKBELLY ROSEFISH","MAB",0.905613072900542,"MeanCond"
1999,"BLACKBELLY ROSEFISH","GOM",1.07936709471811,"MeanCond"
2000,"BLACKBELLY ROSEFISH","GOM",0.981116335005188,"MeanCond"
2000,"BLACKBELLY ROSEFISH","MAB",0.970451384645785,"MeanCond"
2001,"BLACKBELLY ROSEFISH","GB",0.871271939760782,"MeanCond"
2001,"BLACKBELLY ROSEFISH","GOM",0.980808840031666,"MeanCond"
2001,"BLACKBELLY ROSEFISH","MAB",0.937455839084404,"MeanCond"
2002,"BLACKBELLY ROSEFISH","GOM",1.00137081870062,"MeanCond"
2002,"BLACKBELLY ROSEFISH","MAB",0.924686301030607,"MeanCond"
2003,"BLACKBELLY ROSEFISH","GB",0.928514685723107,"MeanCond"
2003,"BLACKBELLY ROSEFISH","GOM",0.975729486448296,"MeanCond"
2003,"BLACKBELLY ROSEFISH","MAB",0.951058652160714,"MeanCond"
2004,"BLACKBELLY ROSEFISH","GB",0.904794542622974,"MeanCond"
2004,"BLACKBELLY ROSEFISH","GOM",0.975338670267337,"MeanCond"
2004,"BLACKBELLY ROSEFISH","MAB",0.924064155776655,"MeanCond"
2005,"BLACKBELLY ROSEFISH","GB",0.907630174356991,"MeanCond"
2005,"BLACKBELLY ROSEFISH","GOM",0.927293887789687,"MeanCond"
2005,"BLACKBELLY ROSEFISH","MAB",0.93968095091856,"MeanCond"
2006,"BLACKBELLY ROSEFISH","GB",0.937563519876167,"MeanCond"
2006,"BLACKBELLY ROSEFISH","GOM",0.927896727593909,"MeanCond"
2006,"BLACKBELLY ROSEFISH","MAB",0.855459383990141,"MeanCond"
2007,"BLACKBELLY ROSEFISH","GB",0.95899855788735,"MeanCond"
2007,"BLACKBELLY ROSEFISH","GOM",0.995605019701108,"MeanCond"
2007,"BLACKBELLY ROSEFISH","MAB",1.00578220175453,"MeanCond"
2008,"BLACKBELLY ROSEFISH","GB",1.03884326324327,"MeanCond"
2008,"BLACKBELLY ROSEFISH","GOM",0.931658762488118,"MeanCond"
2008,"BLACKBELLY ROSEFISH","MAB",1.00489324482334,"MeanCond"
2009,"BLACKBELLY ROSEFISH","GB",0.983960394005463,"MeanCond"
2009,"BLACKBELLY ROSEFISH","GOM",0.973924440804495,"MeanCond"
2009,"BLACKBELLY ROSEFISH","MAB",0.939257604753075,"MeanCond"
2010,"BLACKBELLY ROSEFISH","GB",0.970205978406789,"MeanCond"
2010,"BLACKBELLY ROSEFISH","GOM",0.96807050363704,"MeanCond"
2010,"BLACKBELLY ROSEFISH","MAB",0.953867321244334,"MeanCond"
2011,"BLACKBELLY ROSEFISH","GB",0.954831015816831,"MeanCond"
2011,"BLACKBELLY ROSEFISH","GOM",1.00241199818519,"MeanCond"
2011,"BLACKBELLY ROSEFISH","MAB",0.908302073736166,"MeanCond"
2012,"BLACKBELLY ROSEFISH","GB",0.984941375771294,"MeanCond"
2012,"BLACKBELLY ROSEFISH","GOM",1.02519124759495,"MeanCond"
2012,"BLACKBELLY ROSEFISH","MAB",0.888935118457899,"MeanCond"
2013,"BLACKBELLY ROSEFISH","GB",1.01776386356097,"MeanCond"
2013,"BLACKBELLY ROSEFISH","GOM",1.03194130832286,"MeanCond"
2013,"BLACKBELLY ROSEFISH","MAB",0.966114834046723,"MeanCond"
2014,"BLACKBELLY ROSEFISH","GB",1.07718718044861,"MeanCond"
2014,"BLACKBELLY ROSEFISH","GOM",1.00913038520801,"MeanCond"
2014,"BLACKBELLY ROSEFISH","MAB",0.989247782312231,"MeanCond"
2015,"BLACKBELLY ROSEFISH","GB",1.01096438575579,"MeanCond"
2015,"BLACKBELLY ROSEFISH","GOM",1.04069489965371,"MeanCond"
2015,"BLACKBELLY ROSEFISH","MAB",0.914277637279743,"MeanCond"
2016,"BLACKBELLY ROSEFISH","GB",1.02001135617773,"MeanCond"
2016,"BLACKBELLY ROSEFISH","GOM",1.00449117790524,"MeanCond"
2016,"BLACKBELLY ROSEFISH","MAB",0.893705932589733,"MeanCond"
2018,"BLACKBELLY ROSEFISH","GB",0.975746083040147,"MeanCond"
2018,"BLACKBELLY ROSEFISH","GOM",1.05796678083125,"MeanCond"
2018,"BLACKBELLY ROSEFISH","MAB",0.947822734964822,"MeanCond"
2019,"BLACKBELLY ROSEFISH","GB",1.0116906806267,"MeanCond"
2019,"BLACKBELLY ROSEFISH","GOM",1.01849951728959,"MeanCond"
2019,"BLACKBELLY ROSEFISH","MAB",0.866161990032693,"MeanCond"
2021,"BLACKBELLY ROSEFISH","GB",1.01695957734076,"MeanCond"
2021,"BLACKBELLY ROSEFISH","GOM",1.07325388273862,"MeanCond"
2021,"BLACKBELLY ROSEFISH","MAB",1.03616123022901,"MeanCond"
2022,"BLACKBELLY ROSEFISH","GB",0.995445296049502,"MeanCond"
2022,"BLACKBELLY ROSEFISH","GOM",1.03686599518192,"MeanCond"
2022,"BLACKBELLY ROSEFISH","MAB",0.970029488050285,"MeanCond"
2023,"BLACKBELLY ROSEFISH","GB",1.01447916159864,"MeanCond"
2023,"BLACKBELLY ROSEFISH","GOM",1.03784995214163,"MeanCond"
2023,"BLACKBELLY ROSEFISH","MAB",0.994881509207293,"MeanCond"
2024,"BLACKBELLY ROSEFISH","GB",0.971643616591513,"MeanCond"
2024,"BLACKBELLY ROSEFISH","GOM",0.986733968663018,"MeanCond"
2024,"BLACKBELLY ROSEFISH","MAB",0.950907724081802,"MeanCond"
2025,"BLACKBELLY ROSEFISH","GB",0.945663765457729,"MeanCond"
2025,"BLACKBELLY ROSEFISH","GOM",1.01320259065809,"MeanCond"
2025,"BLACKBELLY ROSEFISH","MAB",0.940079841930699,"MeanCond"
1992,"BLUEFISH","GB",0.97838955777494,"MeanCond"
1992,"BLUEFISH","MAB",1.01669375008952,"MeanCond"
1993,"BLUEFISH","GB",0.958652383208787,"MeanCond"
1993,"BLUEFISH","MAB",1.0228953195852,"MeanCond"
1994,"BLUEFISH","GB",1.00920550646341,"MeanCond"
1994,"BLUEFISH","MAB",1.00936299709738,"MeanCond"
1995,"BLUEFISH","GB",0.974407451445175,"MeanCond"
1995,"BLUEFISH","MAB",0.997116023903428,"MeanCond"
1996,"BLUEFISH","GB",1.0171300151551,"MeanCond"
1996,"BLUEFISH","MAB",1.00335607614725,"MeanCond"
1997,"BLUEFISH","GB",1.01357507462898,"MeanCond"
1997,"BLUEFISH","MAB",0.9487954279926,"MeanCond"
1998,"BLUEFISH","GB",0.96032802649648,"MeanCond"
1998,"BLUEFISH","MAB",0.987004346027355,"MeanCond"
1999,"BLUEFISH","GB",1.03211300026501,"MeanCond"
1999,"BLUEFISH","MAB",1.00856586996492,"MeanCond"
2000,"BLUEFISH","GB",0.989832907374678,"MeanCond"
2000,"BLUEFISH","MAB",1.00574706028224,"MeanCond"
2001,"BLUEFISH","GB",0.897531794680321,"MeanCond"
2001,"BLUEFISH","MAB",0.937425541531964,"MeanCond"
2002,"BLUEFISH","GB",0.889776801283693,"MeanCond"
2002,"BLUEFISH","MAB",0.939969883930747,"MeanCond"
2003,"BLUEFISH","GB",0.989628610091172,"MeanCond"
2003,"BLUEFISH","MAB",0.979439000308772,"MeanCond"
2004,"BLUEFISH","GB",0.883656906262848,"MeanCond"
2004,"BLUEFISH","MAB",0.961160460229262,"MeanCond"
2005,"BLUEFISH","GB",0.93487608006024,"MeanCond"
2005,"BLUEFISH","MAB",0.973471389863809,"MeanCond"
2006,"BLUEFISH","GB",0.936684419615483,"MeanCond"
2006,"BLUEFISH","MAB",0.932396482786344,"MeanCond"
2007,"BLUEFISH","GB",0.950270392847381,"MeanCond"
2007,"BLUEFISH","MAB",0.948620957053578,"MeanCond"
2008,"BLUEFISH","GB",0.941312048769255,"MeanCond"
2008,"BLUEFISH","MAB",0.946551131683364,"MeanCond"
2009,"BLUEFISH","GB",0.979122429438564,"MeanCond"
2009,"BLUEFISH","MAB",0.994576594250007,"MeanCond"
2010,"BLUEFISH","GB",0.995815681802001,"MeanCond"
2010,"BLUEFISH","MAB",0.984090762282315,"MeanCond"
2011,"BLUEFISH","GB",0.972750626347333,"MeanCond"
2011,"BLUEFISH","MAB",0.972566194785672,"MeanCond"
2012,"BLUEFISH","GB",0.955081840087629,"MeanCond"
2012,"BLUEFISH","MAB",0.970943875167986,"MeanCond"
2013,"BLUEFISH","GB",1.0367820330079,"MeanCond"
2013,"BLUEFISH","MAB",1.00196396615651,"MeanCond"
2014,"BLUEFISH","GB",0.988266906772501,"MeanCond"
2014,"BLUEFISH","MAB",0.96326827990163,"MeanCond"
2015,"BLUEFISH","GB",0.991182163759019,"MeanCond"
2015,"BLUEFISH","MAB",1.00304806047441,"MeanCond"
2016,"BLUEFISH","GB",0.982041887845004,"MeanCond"
2016,"BLUEFISH","MAB",1.00359578084029,"MeanCond"
2018,"BLUEFISH","GB",1.03113340185013,"MeanCond"
2018,"BLUEFISH","MAB",1.0184074179563,"MeanCond"
2019,"BLUEFISH","GB",1.04802768965365,"MeanCond"
2019,"BLUEFISH","MAB",1.03085063184791,"MeanCond"
2021,"BLUEFISH","MAB",0.985787515607565,"MeanCond"
2022,"BLUEFISH","MAB",1.05256568051115,"MeanCond"
2023,"BLUEFISH","MAB",1.02235538289354,"MeanCond"
2024,"BLUEFISH","GB",0.955718148519427,"MeanCond"
2024,"BLUEFISH","MAB",1.04317647254547,"MeanCond"
2025,"BLUEFISH","MAB",1.02903358310125,"MeanCond"
1996,"BLUNTNOSE STINGRAY","MAB",1.03156297922912,"MeanCond"
1997,"BLUNTNOSE STINGRAY","MAB",1.02082617590074,"MeanCond"
1998,"BLUNTNOSE STINGRAY","MAB",0.995402345100906,"MeanCond"
1999,"BLUNTNOSE STINGRAY","MAB",0.930624561622001,"MeanCond"
2000,"BLUNTNOSE STINGRAY","MAB",1.00654358970252,"MeanCond"
2001,"BLUNTNOSE STINGRAY","MAB",0.939429842834399,"MeanCond"
2002,"BLUNTNOSE STINGRAY","MAB",0.887105849945514,"MeanCond"
2003,"BLUNTNOSE STINGRAY","MAB",0.971121317690973,"MeanCond"
2004,"BLUNTNOSE STINGRAY","MAB",0.950350968254283,"MeanCond"
2005,"BLUNTNOSE STINGRAY","MAB",0.96102382489668,"MeanCond"
2006,"BLUNTNOSE STINGRAY","MAB",0.971444399200301,"MeanCond"
2007,"BLUNTNOSE STINGRAY","MAB",0.898679401568699,"MeanCond"
2008,"BLUNTNOSE STINGRAY","MAB",0.952379868506529,"MeanCond"
2009,"BLUNTNOSE STINGRAY","MAB",0.994374835860899,"MeanCond"
2010,"BLUNTNOSE STINGRAY","MAB",0.982192624307311,"MeanCond"
2011,"BLUNTNOSE STINGRAY","MAB",1.00158708857172,"MeanCond"
2012,"BLUNTNOSE STINGRAY","MAB",0.971458259660252,"MeanCond"
2013,"BLUNTNOSE STINGRAY","MAB",0.880356463556089,"MeanCond"
2014,"BLUNTNOSE STINGRAY","MAB",0.995113164809287,"MeanCond"
2015,"BLUNTNOSE STINGRAY","MAB",0.873089657316015,"MeanCond"
2016,"BLUNTNOSE STINGRAY","MAB",0.965471757236285,"MeanCond"
2018,"BLUNTNOSE STINGRAY","MAB",1.0360994934026,"MeanCond"
2019,"BLUNTNOSE STINGRAY","MAB",1.02197989896388,"MeanCond"
2021,"BLUNTNOSE STINGRAY","MAB",0.980246022548766,"MeanCond"
2022,"BLUNTNOSE STINGRAY","MAB",1.00281854356695,"MeanCond"
2023,"BLUNTNOSE STINGRAY","MAB",0.986207397124522,"MeanCond"
2024,"BLUNTNOSE STINGRAY","MAB",0.990998096270206,"MeanCond"
2025,"BLUNTNOSE STINGRAY","MAB",0.952998325000977,"MeanCond"
1994,"BUCKLER DORY","MAB",0.998932988852534,"MeanCond"
2005,"BUCKLER DORY","MAB",0.953486442847379,"MeanCond"
2006,"BUCKLER DORY","MAB",1.02661075105874,"MeanCond"
2007,"BUCKLER DORY","MAB",0.961756502314301,"MeanCond"
2008,"BUCKLER DORY","MAB",0.899346349738775,"MeanCond"
2009,"BUCKLER DORY","MAB",1.04604317537922,"MeanCond"
2010,"BUCKLER DORY","MAB",1.12850603678335,"MeanCond"
2011,"BUCKLER DORY","MAB",1.04511453075067,"MeanCond"
2012,"BUCKLER DORY","MAB",0.987897202865055,"MeanCond"
2013,"BUCKLER DORY","MAB",1.02760054983966,"MeanCond"
2014,"BUCKLER DORY","MAB",0.963414218099491,"MeanCond"
2015,"BUCKLER DORY","MAB",0.954855122642301,"MeanCond"
2016,"BUCKLER DORY","MAB",0.992560650116384,"MeanCond"
2018,"BUCKLER DORY","MAB",0.972889197485796,"MeanCond"
2019,"BUCKLER DORY","MAB",1.01167670268285,"MeanCond"
2021,"BUCKLER DORY","MAB",1.03912401962997,"MeanCond"
2022,"BUCKLER DORY","MAB",1.07003246804871,"MeanCond"
2023,"BUCKLER DORY","MAB",1.12531201737815,"MeanCond"
2024,"BUCKLER DORY","MAB",1.12912211106428,"MeanCond"
2025,"BUCKLER DORY","MAB",0.971800977731621,"MeanCond"
1996,"BULLNOSE RAY","MAB",0.995670495012301,"MeanCond"
1997,"BULLNOSE RAY","MAB",1.02090679258882,"MeanCond"
1998,"BULLNOSE RAY","MAB",0.997305342198978,"MeanCond"
1999,"BULLNOSE RAY","MAB",0.977087684493191,"MeanCond"
2000,"BULLNOSE RAY","MAB",1.01547216928553,"MeanCond"
2001,"BULLNOSE RAY","MAB",0.943110907865626,"MeanCond"
2002,"BULLNOSE RAY","MAB",0.971995476756589,"MeanCond"
2003,"BULLNOSE RAY","MAB",0.982410107143695,"MeanCond"
2004,"BULLNOSE RAY","MAB",0.980608650253759,"MeanCond"
2005,"BULLNOSE RAY","MAB",0.947675811330981,"MeanCond"
2006,"BULLNOSE RAY","MAB",0.968266748194791,"MeanCond"
2007,"BULLNOSE RAY","MAB",0.957985404250107,"MeanCond"
2008,"BULLNOSE RAY","MAB",0.947103007141434,"MeanCond"
2009,"BULLNOSE RAY","MAB",0.995431841522498,"MeanCond"
2010,"BULLNOSE RAY","MAB",0.98683916421972,"MeanCond"
2011,"BULLNOSE RAY","MAB",1.00393460927925,"MeanCond"
2012,"BULLNOSE RAY","MAB",0.998603069090951,"MeanCond"
2013,"BULLNOSE RAY","MAB",0.960404641662105,"MeanCond"
2014,"BULLNOSE RAY","MAB",0.993545581777758,"MeanCond"
2015,"BULLNOSE RAY","MAB",0.954688916444483,"MeanCond"
2016,"BULLNOSE RAY","MAB",1.00218989641316,"MeanCond"
2018,"BULLNOSE RAY","MAB",1.01107829890007,"MeanCond"
2019,"BULLNOSE RAY","MAB",0.970739704491973,"MeanCond"
2021,"BULLNOSE RAY","MAB",0.986458482507447,"MeanCond"
2022,"BULLNOSE RAY","MAB",0.920253031688125,"MeanCond"
2023,"BULLNOSE RAY","MAB",1.00186515961281,"MeanCond"
2024,"BULLNOSE RAY","MAB",1.0209556048587,"MeanCond"
2025,"BULLNOSE RAY","MAB",1.03215996560297,"MeanCond"
1992,"BUTTERFISH","GB",1.0269113965841,"MeanCond"
1992,"BUTTERFISH","GOM",1.00098732803721,"MeanCond"
1992,"BUTTERFISH","MAB",0.977112677867047,"MeanCond"
1992,"BUTTERFISH","SS",1.009316061318,"MeanCond"
1992,"BUTTERFISH",NA,0.775090987538811,"MeanCond"
1993,"BUTTERFISH","GB",1.03454373663852,"MeanCond"
1993,"BUTTERFISH","GOM",1.06388308647228,"MeanCond"
1993,"BUTTERFISH","MAB",1.02955527380465,"MeanCond"
1993,"BUTTERFISH","SS",1.1261913793793,"MeanCond"
1993,"BUTTERFISH",NA,1.12912655779499,"MeanCond"
1994,"BUTTERFISH","GB",1.03937992565405,"MeanCond"
1994,"BUTTERFISH","GOM",0.98730530812522,"MeanCond"
1994,"BUTTERFISH","MAB",0.984637096572692,"MeanCond"
1994,"BUTTERFISH","SS",0.961574693401887,"MeanCond"
1994,"BUTTERFISH",NA,1.02541845521775,"MeanCond"
1995,"BUTTERFISH","GB",1.01306590909965,"MeanCond"
1995,"BUTTERFISH","GOM",0.992513009561886,"MeanCond"
1995,"BUTTERFISH","MAB",1.04696418452952,"MeanCond"
1995,"BUTTERFISH","SS",1.0813782311161,"MeanCond"
1995,"BUTTERFISH",NA,1.031834636993,"MeanCond"
1996,"BUTTERFISH","GB",0.999589580834473,"MeanCond"
1996,"BUTTERFISH","GOM",1.0539766959981,"MeanCond"
1996,"BUTTERFISH","MAB",1.03248218278324,"MeanCond"
1996,"BUTTERFISH",NA,1.14091738377959,"MeanCond"
1997,"BUTTERFISH","GB",1.00888800075564,"MeanCond"
1997,"BUTTERFISH","GOM",0.924658107635089,"MeanCond"
1997,"BUTTERFISH","MAB",0.989850319299696,"MeanCond"
1997,"BUTTERFISH","SS",0.824215048160208,"MeanCond"
1998,"BUTTERFISH","GB",0.967177756872989,"MeanCond"
1998,"BUTTERFISH","GOM",0.988998094925384,"MeanCond"
1998,"BUTTERFISH","MAB",1.01037143132672,"MeanCond"
1998,"BUTTERFISH","SS",0.937719856710152,"MeanCond"
1999,"BUTTERFISH","GB",0.981299228869048,"MeanCond"
1999,"BUTTERFISH","GOM",0.963103884213011,"MeanCond"
1999,"BUTTERFISH","MAB",1.06272625112117,"MeanCond"
1999,"BUTTERFISH","SS",0.911607090414511,"MeanCond"
1999,"BUTTERFISH",NA,1.13889421656169,"MeanCond"
2000,"BUTTERFISH","GB",1.08929954095276,"MeanCond"
2000,"BUTTERFISH","GOM",1.05793136636801,"MeanCond"
2000,"BUTTERFISH","MAB",1.02691077897992,"MeanCond"
2000,"BUTTERFISH",NA,1.05264617223427,"MeanCond"
2001,"BUTTERFISH","GB",0.954841834372778,"MeanCond"
2001,"BUTTERFISH","GOM",0.925018640021478,"MeanCond"
2001,"BUTTERFISH","MAB",0.944172584407296,"MeanCond"
2001,"BUTTERFISH","SS",0.838480413959461,"MeanCond"
2001,"BUTTERFISH",NA,0.995620782310929,"MeanCond"
2002,"BUTTERFISH","GB",0.975379691741441,"MeanCond"
2002,"BUTTERFISH","GOM",0.900923546634893,"MeanCond"
2002,"BUTTERFISH","MAB",0.939735349177398,"MeanCond"
2002,"BUTTERFISH","SS",0.916678207140912,"MeanCond"
2002,"BUTTERFISH",NA,1.0154579913476,"MeanCond"
2003,"BUTTERFISH","GB",0.930560470346929,"MeanCond"
2003,"BUTTERFISH","GOM",0.906000087074732,"MeanCond"
2003,"BUTTERFISH","MAB",1.01131712929489,"MeanCond"
2003,"BUTTERFISH","SS",0.811240660555458,"MeanCond"
2004,"BUTTERFISH","GB",0.858415860434659,"MeanCond"
2004,"BUTTERFISH","GOM",0.742311728512607,"MeanCond"
2004,"BUTTERFISH","MAB",0.946956025637331,"MeanCond"
2005,"BUTTERFISH","GB",0.852910073751388,"MeanCond"
2005,"BUTTERFISH","GOM",0.77444899529956,"MeanCond"
2005,"BUTTERFISH","MAB",0.918103802175518,"MeanCond"
2005,"BUTTERFISH",NA,0.993246080594084,"MeanCond"
2006,"BUTTERFISH","GB",0.913860053937933,"MeanCond"
2006,"BUTTERFISH","GOM",0.908930641496353,"MeanCond"
2006,"BUTTERFISH","MAB",0.976055511870401,"MeanCond"
2006,"BUTTERFISH","SS",0.948491570134861,"MeanCond"
2006,"BUTTERFISH",NA,1.02556368490213,"MeanCond"
2007,"BUTTERFISH","GB",0.98661357351257,"MeanCond"
2007,"BUTTERFISH","GOM",0.974119094622965,"MeanCond"
2007,"BUTTERFISH","MAB",0.992907502836198,"MeanCond"
2008,"BUTTERFISH","GB",0.897852071292567,"MeanCond"
2008,"BUTTERFISH","GOM",0.855077866867764,"MeanCond"
2008,"BUTTERFISH","MAB",0.910344119603093,"MeanCond"
2008,"BUTTERFISH","SS",0.971873566855928,"MeanCond"
2008,"BUTTERFISH",NA,1.09427308570776,"MeanCond"
2009,"BUTTERFISH","GB",0.927837687374812,"MeanCond"
2009,"BUTTERFISH","GOM",0.952541343697273,"MeanCond"
2009,"BUTTERFISH","MAB",0.997830780312038,"MeanCond"
2009,"BUTTERFISH","SS",0.856940344169378,"MeanCond"
2009,"BUTTERFISH",NA,1.0725306335883,"MeanCond"
2010,"BUTTERFISH","GB",0.915639921100271,"MeanCond"
2010,"BUTTERFISH","GOM",0.973766394907854,"MeanCond"
2010,"BUTTERFISH","MAB",1.01226970832027,"MeanCond"
2010,"BUTTERFISH","SS",0.958905138009833,"MeanCond"
2010,"BUTTERFISH",NA,1.05089208792978,"MeanCond"
2011,"BUTTERFISH","GB",0.935317081517755,"MeanCond"
2011,"BUTTERFISH","GOM",0.959792819571414,"MeanCond"
2011,"BUTTERFISH","MAB",1.03285319669319,"MeanCond"
2011,"BUTTERFISH","SS",0.92744319283782,"MeanCond"
2011,"BUTTERFISH",NA,1.13569377650297,"MeanCond"
2012,"BUTTERFISH","GB",0.968402764009732,"MeanCond"
2012,"BUTTERFISH","GOM",1.03929873154503,"MeanCond"
2012,"BUTTERFISH","MAB",1.01920054906377,"MeanCond"
2012,"BUTTERFISH","SS",1.13481964493726,"MeanCond"
2012,"BUTTERFISH",NA,1.03282243630387,"MeanCond"
2013,"BUTTERFISH","GB",1.00227710165144,"MeanCond"
2013,"BUTTERFISH","GOM",0.995423508733795,"MeanCond"
2013,"BUTTERFISH","MAB",1.04910977009947,"MeanCond"
2013,"BUTTERFISH","SS",0.908012207987442,"MeanCond"
2013,"BUTTERFISH",NA,1.0486087835762,"MeanCond"
2014,"BUTTERFISH","GB",0.997631220357652,"MeanCond"
2014,"BUTTERFISH","GOM",1.01702595354462,"MeanCond"
2014,"BUTTERFISH","MAB",1.00384796433975,"MeanCond"
2014,"BUTTERFISH","SS",1.08433701194888,"MeanCond"
2014,"BUTTERFISH",NA,1.04688849949934,"MeanCond"
2015,"BUTTERFISH","GB",1.0279791541326,"MeanCond"
2015,"BUTTERFISH","GOM",0.988590789521048,"MeanCond"
2015,"BUTTERFISH","MAB",1.01858123840354,"MeanCond"
2015,"BUTTERFISH","SS",0.893315308206624,"MeanCond"
2015,"BUTTERFISH",NA,0.98332918007349,"MeanCond"
2016,"BUTTERFISH","GB",1.04020753639043,"MeanCond"
2016,"BUTTERFISH","GOM",0.998975171635274,"MeanCond"
2016,"BUTTERFISH","MAB",1.07382925765742,"MeanCond"
2016,"BUTTERFISH","SS",0.948731540511459,"MeanCond"
2016,"BUTTERFISH",NA,1.0844160260257,"MeanCond"
2018,"BUTTERFISH","GB",1.03033337695052,"MeanCond"
2018,"BUTTERFISH","GOM",0.989360212523244,"MeanCond"
2018,"BUTTERFISH","MAB",1.02417645718612,"MeanCond"
2019,"BUTTERFISH","GB",0.995511484554528,"MeanCond"
2019,"BUTTERFISH","GOM",0.962082401980504,"MeanCond"
2019,"BUTTERFISH","MAB",1.04536097332151,"MeanCond"
2019,"BUTTERFISH",NA,0.931795675316689,"MeanCond"
2021,"BUTTERFISH","GB",0.988262225688845,"MeanCond"
2021,"BUTTERFISH","GOM",0.970383013227671,"MeanCond"
2021,"BUTTERFISH","MAB",0.996444941641114,"MeanCond"
2021,"BUTTERFISH","SS",0.782866172775758,"MeanCond"
2021,"BUTTERFISH",NA,0.977128804272474,"MeanCond"
2022,"BUTTERFISH","GB",0.979698360906247,"MeanCond"
2022,"BUTTERFISH","GOM",0.925597586182806,"MeanCond"
2022,"BUTTERFISH","MAB",0.990331632491509,"MeanCond"
2022,"BUTTERFISH","SS",0.978548603555114,"MeanCond"
2022,"BUTTERFISH",NA,1.1267461803255,"MeanCond"
2023,"BUTTERFISH","GB",0.900786245757601,"MeanCond"
2023,"BUTTERFISH","GOM",0.972624223979554,"MeanCond"
2023,"BUTTERFISH","MAB",1.0245457958899,"MeanCond"
2023,"BUTTERFISH",NA,0.94838824101396,"MeanCond"
2024,"BUTTERFISH","GB",0.98297147792663,"MeanCond"
2024,"BUTTERFISH","GOM",0.960022762673399,"MeanCond"
2024,"BUTTERFISH","MAB",1.02668793891832,"MeanCond"
2024,"BUTTERFISH","SS",0.834880171718486,"MeanCond"
2024,"BUTTERFISH",NA,1.07484514375696,"MeanCond"
2025,"BUTTERFISH","GB",1.10500396277855,"MeanCond"
2025,"BUTTERFISH","GOM",1.02428405338167,"MeanCond"
2025,"BUTTERFISH","MAB",1.058270665098,"MeanCond"
2025,"BUTTERFISH",NA,1.00024501999316,"MeanCond"
1994,"CLEARNOSE SKATE","MAB",1.01283059316805,"MeanCond"
1995,"CLEARNOSE SKATE","MAB",1.02454734355933,"MeanCond"
1996,"CLEARNOSE SKATE","MAB",1.00017328215824,"MeanCond"
1999,"CLEARNOSE SKATE","MAB",1.03491889766751,"MeanCond"
2000,"CLEARNOSE SKATE","MAB",0.990892415756352,"MeanCond"
2001,"CLEARNOSE SKATE","MAB",0.987468254515257,"MeanCond"
2002,"CLEARNOSE SKATE","MAB",1.02801925976739,"MeanCond"
2003,"CLEARNOSE SKATE","MAB",0.993381193381048,"MeanCond"
2004,"CLEARNOSE SKATE","MAB",0.951687483424667,"MeanCond"
2005,"CLEARNOSE SKATE","MAB",0.92768046700458,"MeanCond"
2006,"CLEARNOSE SKATE","MAB",0.986180567294984,"MeanCond"
2007,"CLEARNOSE SKATE","MAB",0.97168512334866,"MeanCond"
2008,"CLEARNOSE SKATE","MAB",0.976549075626094,"MeanCond"
2009,"CLEARNOSE SKATE","MAB",1.01718359500475,"MeanCond"
2010,"CLEARNOSE SKATE","MAB",1.00696733863595,"MeanCond"
2011,"CLEARNOSE SKATE","MAB",1.0317078667496,"MeanCond"
2012,"CLEARNOSE SKATE","MAB",0.979087876723837,"MeanCond"
2013,"CLEARNOSE SKATE","MAB",0.992107672267545,"MeanCond"
2014,"CLEARNOSE SKATE","MAB",0.986380847615071,"MeanCond"
2015,"CLEARNOSE SKATE","MAB",0.97452056839088,"MeanCond"
2016,"CLEARNOSE SKATE","MAB",0.999375993445469,"MeanCond"
2018,"CLEARNOSE SKATE","MAB",1.03272646479027,"MeanCond"
2019,"CLEARNOSE SKATE","MAB",1.01001636194302,"MeanCond"
2021,"CLEARNOSE SKATE","MAB",1.01730698363257,"MeanCond"
2022,"CLEARNOSE SKATE","MAB",1.00858679268284,"MeanCond"
2023,"CLEARNOSE SKATE","MAB",1.03008066236636,"MeanCond"
2024,"CLEARNOSE SKATE","MAB",0.998759366780819,"MeanCond"
2025,"CLEARNOSE SKATE","MAB",0.984329832462488,"MeanCond"
1996,"COWNOSE RAY","MAB",0.952214321334434,"MeanCond"
1998,"COWNOSE RAY","MAB",1.01424393191145,"MeanCond"
1999,"COWNOSE RAY","MAB",0.973101752989958,"MeanCond"
2000,"COWNOSE RAY","MAB",0.980100501502994,"MeanCond"
2002,"COWNOSE RAY","MAB",0.921069728937894,"MeanCond"
2003,"COWNOSE RAY","MAB",0.91374761123682,"MeanCond"
2004,"COWNOSE RAY","MAB",0.821340727071614,"MeanCond"
2005,"COWNOSE RAY","MAB",0.98567278191239,"MeanCond"
2006,"COWNOSE RAY","MAB",0.95879696126499,"MeanCond"
2007,"COWNOSE RAY","MAB",0.936186751962254,"MeanCond"
2008,"COWNOSE RAY","MAB",0.93590817282818,"MeanCond"
2009,"COWNOSE RAY","MAB",0.899071355819717,"MeanCond"
2011,"COWNOSE RAY","MAB",0.982308370013867,"MeanCond"
2012,"COWNOSE RAY","MAB",0.900754920327836,"MeanCond"
2016,"COWNOSE RAY","MAB",0.95881473603235,"MeanCond"
2018,"COWNOSE RAY","MAB",0.969919481604313,"MeanCond"
2019,"COWNOSE RAY","MAB",0.854540206263841,"MeanCond"
2021,"COWNOSE RAY","MAB",0.832419522484523,"MeanCond"
2023,"COWNOSE RAY","MAB",0.967314960098288,"MeanCond"
2024,"COWNOSE RAY","MAB",0.943447484172055,"MeanCond"
2025,"COWNOSE RAY","MAB",0.903006312004228,"MeanCond"
1992,"CUSK","GOM",0.971804498239798,"MeanCond"
1993,"CUSK","GOM",0.968983950455904,"MeanCond"
1995,"CUSK","GOM",0.986511715427284,"MeanCond"
1996,"CUSK","GOM",0.969973117634602,"MeanCond"
1997,"CUSK","GOM",0.992379243498044,"MeanCond"
1998,"CUSK","GOM",1.01033935937044,"MeanCond"
1999,"CUSK","GOM",0.979325664991977,"MeanCond"
2000,"CUSK","GOM",1.07123082007349,"MeanCond"
2001,"CUSK","GOM",0.927537397909111,"MeanCond"
2002,"CUSK","GOM",0.993360154175476,"MeanCond"
2003,"CUSK","GOM",0.971692462252631,"MeanCond"
2004,"CUSK","GOM",0.939212411145886,"MeanCond"
2005,"CUSK","GOM",0.972931972233656,"MeanCond"
2006,"CUSK","GOM",0.989069220092595,"MeanCond"
2008,"CUSK","GOM",0.9942748072992,"MeanCond"
2010,"CUSK","GOM",0.951725960781172,"MeanCond"
2011,"CUSK","GOM",0.872890150670847,"MeanCond"
2012,"CUSK","GOM",0.945691655034584,"MeanCond"
2014,"CUSK","GOM",0.992904155613013,"MeanCond"
2015,"CUSK","GOM",1.00929193221161,"MeanCond"
2016,"CUSK","GOM",1.01603262902462,"MeanCond"
2017,"CUSK","GOM",0.932325130884508,"MeanCond"
2018,"CUSK","GOM",1.00946904853916,"MeanCond"
2019,"CUSK","GOM",0.963454822561917,"MeanCond"
2021,"CUSK","GOM",0.996323018427356,"MeanCond"
2022,"CUSK","GOM",0.978476807400248,"MeanCond"
2023,"CUSK","GOM",0.966567854420542,"MeanCond"
2024,"CUSK","GOM",0.996936422176994,"MeanCond"
2025,"CUSK","GOM",1.05330536797261,"MeanCond"
1992,"FOURSPOT FLOUNDER","GB",0.999212183486291,"MeanCond"
1992,"FOURSPOT FLOUNDER","GOM",1.0861817611536,"MeanCond"
1992,"FOURSPOT FLOUNDER","MAB",1.01488732192623,"MeanCond"
1993,"FOURSPOT FLOUNDER","GB",0.952338376054298,"MeanCond"
1993,"FOURSPOT FLOUNDER","GOM",1.06666400432602,"MeanCond"
1993,"FOURSPOT FLOUNDER","MAB",1.01074168738691,"MeanCond"
1994,"FOURSPOT FLOUNDER","GB",1.01792411951809,"MeanCond"
1994,"FOURSPOT FLOUNDER","GOM",1.09069242324235,"MeanCond"
1994,"FOURSPOT FLOUNDER","MAB",1.02610131551549,"MeanCond"
1995,"FOURSPOT FLOUNDER","GB",0.961946273542442,"MeanCond"
1995,"FOURSPOT FLOUNDER","GOM",1.01925436108844,"MeanCond"
1995,"FOURSPOT FLOUNDER","MAB",0.981310306093997,"MeanCond"
1996,"FOURSPOT FLOUNDER","GB",0.921107092007862,"MeanCond"
1996,"FOURSPOT FLOUNDER","GOM",1.02943807348711,"MeanCond"
1996,"FOURSPOT FLOUNDER","MAB",0.972494065487372,"MeanCond"
1997,"FOURSPOT FLOUNDER","GB",1.05514306851809,"MeanCond"
1997,"FOURSPOT FLOUNDER","GOM",1.08167577272675,"MeanCond"
1997,"FOURSPOT FLOUNDER","MAB",0.990241363063929,"MeanCond"
1998,"FOURSPOT FLOUNDER","GB",1.04504555963387,"MeanCond"
1998,"FOURSPOT FLOUNDER","GOM",1.02207331569063,"MeanCond"
1998,"FOURSPOT FLOUNDER","MAB",1.00991319217899,"MeanCond"
1999,"FOURSPOT FLOUNDER","GB",1.02482448290919,"MeanCond"
1999,"FOURSPOT FLOUNDER","GOM",1.1044242257756,"MeanCond"
1999,"FOURSPOT FLOUNDER","MAB",0.999866173021164,"MeanCond"
2000,"FOURSPOT FLOUNDER","GB",0.994832803407463,"MeanCond"
2000,"FOURSPOT FLOUNDER","GOM",0.998003570841268,"MeanCond"
2000,"FOURSPOT FLOUNDER","MAB",1.01352505695416,"MeanCond"
2001,"FOURSPOT FLOUNDER","GB",0.980974157425111,"MeanCond"
2001,"FOURSPOT FLOUNDER","GOM",1.02936766234426,"MeanCond"
2001,"FOURSPOT FLOUNDER","MAB",0.955740201115836,"MeanCond"
2002,"FOURSPOT FLOUNDER","GB",1.04024842849533,"MeanCond"
2002,"FOURSPOT FLOUNDER","GOM",1.0559500326833,"MeanCond"
2002,"FOURSPOT FLOUNDER","MAB",0.961040141882118,"MeanCond"
2003,"FOURSPOT FLOUNDER","GB",1.02325816802827,"MeanCond"
2003,"FOURSPOT FLOUNDER","GOM",1.05301283596486,"MeanCond"
2003,"FOURSPOT FLOUNDER","MAB",0.976678065380613,"MeanCond"
2004,"FOURSPOT FLOUNDER","GB",0.955348848296621,"MeanCond"
2004,"FOURSPOT FLOUNDER","GOM",1.0380844623748,"MeanCond"
2004,"FOURSPOT FLOUNDER","MAB",0.990037443338581,"MeanCond"
2005,"FOURSPOT FLOUNDER","GB",0.986530619251076,"MeanCond"
2005,"FOURSPOT FLOUNDER","GOM",1.04126134867575,"MeanCond"
2005,"FOURSPOT FLOUNDER","MAB",0.999136165938212,"MeanCond"
2006,"FOURSPOT FLOUNDER","GB",1.00517163884869,"MeanCond"
2006,"FOURSPOT FLOUNDER","GOM",1.06323552610581,"MeanCond"
2006,"FOURSPOT FLOUNDER","MAB",0.992500258702399,"MeanCond"
2007,"FOURSPOT FLOUNDER","GB",1.00672078833509,"MeanCond"
2007,"FOURSPOT FLOUNDER","GOM",1.06095095796559,"MeanCond"
2007,"FOURSPOT FLOUNDER","MAB",0.943282794060384,"MeanCond"
2008,"FOURSPOT FLOUNDER","GB",1.02575053091364,"MeanCond"
2008,"FOURSPOT FLOUNDER","GOM",1.04591857870095,"MeanCond"
2008,"FOURSPOT FLOUNDER","MAB",0.96961197681576,"MeanCond"
2009,"FOURSPOT FLOUNDER","GB",0.985804625203841,"MeanCond"
2009,"FOURSPOT FLOUNDER","GOM",1.06193297414651,"MeanCond"
2009,"FOURSPOT FLOUNDER","MAB",1.00036935397133,"MeanCond"
2010,"FOURSPOT FLOUNDER","GB",1.03080480612376,"MeanCond"
2010,"FOURSPOT FLOUNDER","GOM",1.00305388371612,"MeanCond"
2010,"FOURSPOT FLOUNDER","MAB",1.02947668985809,"MeanCond"
2011,"FOURSPOT FLOUNDER","GB",1.01085439105777,"MeanCond"
2011,"FOURSPOT FLOUNDER","GOM",1.06965032349254,"MeanCond"
2011,"FOURSPOT FLOUNDER","MAB",1.00822735461492,"MeanCond"
2012,"FOURSPOT FLOUNDER","GB",1.03994561081182,"MeanCond"
2012,"FOURSPOT FLOUNDER","GOM",1.01804708400295,"MeanCond"
2012,"FOURSPOT FLOUNDER","MAB",0.97128272287494,"MeanCond"
2013,"FOURSPOT FLOUNDER","GB",1.10143985912873,"MeanCond"
2013,"FOURSPOT FLOUNDER","GOM",1.05158583180326,"MeanCond"
2013,"FOURSPOT FLOUNDER","MAB",1.01807522124076,"MeanCond"
2014,"FOURSPOT FLOUNDER","GB",0.989820521338221,"MeanCond"
2014,"FOURSPOT FLOUNDER","GOM",1.04544998896599,"MeanCond"
2014,"FOURSPOT FLOUNDER","MAB",1.01368561974586,"MeanCond"
2015,"FOURSPOT FLOUNDER","GB",1.05510234991957,"MeanCond"
2015,"FOURSPOT FLOUNDER","GOM",1.05847727414319,"MeanCond"
2015,"FOURSPOT FLOUNDER","MAB",1.0044202925733,"MeanCond"
2016,"FOURSPOT FLOUNDER","GB",1.05054855589385,"MeanCond"
2016,"FOURSPOT FLOUNDER","GOM",1.05728176542081,"MeanCond"
2016,"FOURSPOT FLOUNDER","MAB",1.02142110604096,"MeanCond"
2017,"FOURSPOT FLOUNDER","GB",1.08717130404374,"MeanCond"
2017,"FOURSPOT FLOUNDER","GOM",1.08635389776058,"MeanCond"
2018,"FOURSPOT FLOUNDER","GB",1.03651272277037,"MeanCond"
2018,"FOURSPOT FLOUNDER","GOM",1.08242766145982,"MeanCond"
2018,"FOURSPOT FLOUNDER","MAB",0.994759358492431,"MeanCond"
2019,"FOURSPOT FLOUNDER","GB",1.06524931604766,"MeanCond"
2019,"FOURSPOT FLOUNDER","GOM",1.09977358878206,"MeanCond"
2019,"FOURSPOT FLOUNDER","MAB",1.03101599564511,"MeanCond"
2021,"FOURSPOT FLOUNDER","GB",1.04182854247576,"MeanCond"
2021,"FOURSPOT FLOUNDER","GOM",1.0361149837889,"MeanCond"
2021,"FOURSPOT FLOUNDER","MAB",1.01628252103216,"MeanCond"
2022,"FOURSPOT FLOUNDER","GB",1.05282119633941,"MeanCond"
2022,"FOURSPOT FLOUNDER","GOM",1.04815738747951,"MeanCond"
2022,"FOURSPOT FLOUNDER","MAB",0.998691211683509,"MeanCond"
2023,"FOURSPOT FLOUNDER","GB",1.08856072175433,"MeanCond"
2023,"FOURSPOT FLOUNDER","GOM",1.03583791668829,"MeanCond"
2023,"FOURSPOT FLOUNDER","MAB",1.02249914166724,"MeanCond"
2024,"FOURSPOT FLOUNDER","GB",1.00883905052858,"MeanCond"
2024,"FOURSPOT FLOUNDER","GOM",1.04399349213644,"MeanCond"
2024,"FOURSPOT FLOUNDER","MAB",1.00750710148657,"MeanCond"
2025,"FOURSPOT FLOUNDER","GB",1.09708953225242,"MeanCond"
2025,"FOURSPOT FLOUNDER","GOM",1.04842679341119,"MeanCond"
2025,"FOURSPOT FLOUNDER","MAB",1.02630970294935,"MeanCond"
1992,"GOOSEFISH","GB",1.08590908683687,"MeanCond"
1992,"GOOSEFISH","GOM",0.963846856803794,"MeanCond"
1992,"GOOSEFISH","MAB",0.943882968695285,"MeanCond"
1993,"GOOSEFISH","GB",1.11062553230931,"MeanCond"
1993,"GOOSEFISH","GOM",0.94973200986305,"MeanCond"
1993,"GOOSEFISH","MAB",0.998993103127855,"MeanCond"
1993,"GOOSEFISH","SS",0.930380129903357,"MeanCond"
1994,"GOOSEFISH","GB",0.995521028300176,"MeanCond"
1994,"GOOSEFISH","GOM",0.98264557628794,"MeanCond"
1994,"GOOSEFISH","MAB",1.00220648058448,"MeanCond"
1994,"GOOSEFISH","SS",0.823091550283498,"MeanCond"
1995,"GOOSEFISH","GB",0.947297817928967,"MeanCond"
1995,"GOOSEFISH","GOM",0.977516205056458,"MeanCond"
1995,"GOOSEFISH","MAB",1.01583591812286,"MeanCond"
1995,"GOOSEFISH","SS",0.792359965842859,"MeanCond"
1996,"GOOSEFISH","GB",1.04152563654553,"MeanCond"
1996,"GOOSEFISH","GOM",0.97198117809343,"MeanCond"
1996,"GOOSEFISH","MAB",1.00372883492198,"MeanCond"
1996,"GOOSEFISH","SS",0.969665797522445,"MeanCond"
1997,"GOOSEFISH","GB",0.948752724728763,"MeanCond"
1997,"GOOSEFISH","GOM",0.95937224429055,"MeanCond"
1997,"GOOSEFISH","MAB",0.912120724162689,"MeanCond"
1997,"GOOSEFISH","SS",0.966826082315011,"MeanCond"
1998,"GOOSEFISH","GB",0.985098969194682,"MeanCond"
1998,"GOOSEFISH","GOM",1.03051518136984,"MeanCond"
1998,"GOOSEFISH","MAB",0.92597334992844,"MeanCond"
1998,"GOOSEFISH","SS",0.944589012665815,"MeanCond"
1999,"GOOSEFISH","GB",1.11209292797079,"MeanCond"
1999,"GOOSEFISH","GOM",0.987459211178723,"MeanCond"
1999,"GOOSEFISH","MAB",0.99494347815896,"MeanCond"
2000,"GOOSEFISH","GB",1.00028504784804,"MeanCond"
2000,"GOOSEFISH","GOM",0.988447848091792,"MeanCond"
2000,"GOOSEFISH","MAB",1.01060872729839,"MeanCond"
2000,"GOOSEFISH","SS",0.894898574732024,"MeanCond"
2001,"GOOSEFISH","GB",0.989004953846962,"MeanCond"
2001,"GOOSEFISH","GOM",0.951454974755264,"MeanCond"
2001,"GOOSEFISH","MAB",0.945583361469324,"MeanCond"
2001,"GOOSEFISH","SS",0.907475849971032,"MeanCond"
2002,"GOOSEFISH","GB",1.03565273779738,"MeanCond"
2002,"GOOSEFISH","GOM",0.974557917747423,"MeanCond"
2002,"GOOSEFISH","MAB",0.997509900274107,"MeanCond"
2002,"GOOSEFISH","SS",0.97147820550571,"MeanCond"
2003,"GOOSEFISH","GB",0.988732858035025,"MeanCond"
2003,"GOOSEFISH","GOM",0.954233411707566,"MeanCond"
2003,"GOOSEFISH","MAB",0.973474971115314,"MeanCond"
2003,"GOOSEFISH","SS",0.883634073276553,"MeanCond"
2004,"GOOSEFISH","GB",0.960702220016296,"MeanCond"
2004,"GOOSEFISH","GOM",0.958980274890154,"MeanCond"
2004,"GOOSEFISH","MAB",0.950453711801836,"MeanCond"
2005,"GOOSEFISH","GB",0.972560563535233,"MeanCond"
2005,"GOOSEFISH","GOM",0.904093464351,"MeanCond"
2005,"GOOSEFISH","MAB",1.0031208757597,"MeanCond"
2005,"GOOSEFISH","SS",1.01727753074266,"MeanCond"
2006,"GOOSEFISH","GB",0.982701453693943,"MeanCond"
2006,"GOOSEFISH","GOM",0.912442435114462,"MeanCond"
2006,"GOOSEFISH","MAB",0.967598676056965,"MeanCond"
2007,"GOOSEFISH","GB",1.01433207612293,"MeanCond"
2007,"GOOSEFISH","GOM",1.00550144682783,"MeanCond"
2007,"GOOSEFISH","MAB",0.950525090567498,"MeanCond"
2008,"GOOSEFISH","GB",1.05021768152899,"MeanCond"
2008,"GOOSEFISH","GOM",0.972447824157769,"MeanCond"
2008,"GOOSEFISH","MAB",1.03522030748377,"MeanCond"
2009,"GOOSEFISH","GB",0.963694607835576,"MeanCond"
2009,"GOOSEFISH","GOM",0.952746332064209,"MeanCond"
2009,"GOOSEFISH","MAB",0.965673937128123,"MeanCond"
2009,"GOOSEFISH","SS",1.02606616783094,"MeanCond"
2010,"GOOSEFISH","GB",0.952901656542276,"MeanCond"
2010,"GOOSEFISH","GOM",0.915711353459164,"MeanCond"
2010,"GOOSEFISH","MAB",0.966547405813007,"MeanCond"
2010,"GOOSEFISH","SS",0.972447567810355,"MeanCond"
2011,"GOOSEFISH","GB",0.985281228542049,"MeanCond"
2011,"GOOSEFISH","GOM",0.927883300657771,"MeanCond"
2011,"GOOSEFISH","MAB",0.988459295730224,"MeanCond"
2011,"GOOSEFISH","SS",0.858098375410548,"MeanCond"
2012,"GOOSEFISH","GB",0.978293959150793,"MeanCond"
2012,"GOOSEFISH","GOM",0.926620761725429,"MeanCond"
2012,"GOOSEFISH","MAB",0.976438613564214,"MeanCond"
2012,"GOOSEFISH","SS",0.918469240679274,"MeanCond"
2013,"GOOSEFISH","GB",0.969266611430824,"MeanCond"
2013,"GOOSEFISH","GOM",0.935689907041502,"MeanCond"
2013,"GOOSEFISH","MAB",0.970990094584222,"MeanCond"
2013,"GOOSEFISH","SS",0.959127626114807,"MeanCond"
2014,"GOOSEFISH","GB",0.96687663306269,"MeanCond"
2014,"GOOSEFISH","GOM",0.944389803447874,"MeanCond"
2014,"GOOSEFISH","MAB",0.974000547879023,"MeanCond"
2014,"GOOSEFISH","SS",0.892171608225725,"MeanCond"
2015,"GOOSEFISH","GB",0.9625013512903,"MeanCond"
2015,"GOOSEFISH","GOM",0.935366204922047,"MeanCond"
2015,"GOOSEFISH","MAB",0.96210895963729,"MeanCond"
2015,"GOOSEFISH","SS",0.909611336887777,"MeanCond"
2016,"GOOSEFISH","GB",0.957037433278469,"MeanCond"
2016,"GOOSEFISH","GOM",0.928040558406205,"MeanCond"
2016,"GOOSEFISH","MAB",0.967734519266918,"MeanCond"
2016,"GOOSEFISH","SS",0.916587514028621,"MeanCond"
2017,"GOOSEFISH","GB",0.929916464287066,"MeanCond"
2017,"GOOSEFISH","GOM",0.925357611839488,"MeanCond"
2017,"GOOSEFISH","SS",0.929852493545911,"MeanCond"
2018,"GOOSEFISH","GB",0.930923870360882,"MeanCond"
2018,"GOOSEFISH","GOM",0.93084738139648,"MeanCond"
2018,"GOOSEFISH","MAB",0.945939089205046,"MeanCond"
2019,"GOOSEFISH","GB",0.919836709700219,"MeanCond"
2019,"GOOSEFISH","GOM",0.923188148174223,"MeanCond"
2019,"GOOSEFISH","MAB",0.971902526978115,"MeanCond"
2019,"GOOSEFISH","SS",0.948977525610381,"MeanCond"
2021,"GOOSEFISH","GB",0.9365934190727,"MeanCond"
2021,"GOOSEFISH","GOM",0.938404974242997,"MeanCond"
2021,"GOOSEFISH","MAB",0.958872181682022,"MeanCond"
2021,"GOOSEFISH","SS",0.943559108571642,"MeanCond"
2022,"GOOSEFISH","GB",0.956199084578053,"MeanCond"
2022,"GOOSEFISH","GOM",0.900879244715866,"MeanCond"
2022,"GOOSEFISH","MAB",0.964543691674198,"MeanCond"
2022,"GOOSEFISH","SS",0.902522233715836,"MeanCond"
2023,"GOOSEFISH","GB",0.986615875822004,"MeanCond"
2023,"GOOSEFISH","GOM",0.905059979955725,"MeanCond"
2023,"GOOSEFISH","MAB",0.979964487502868,"MeanCond"
2023,"GOOSEFISH","SS",0.956775242288902,"MeanCond"
2024,"GOOSEFISH","GB",0.95571337133338,"MeanCond"
2024,"GOOSEFISH","GOM",0.929355908009786,"MeanCond"
2024,"GOOSEFISH","MAB",0.952538487182057,"MeanCond"
2024,"GOOSEFISH","SS",0.96153262999598,"MeanCond"
2025,"GOOSEFISH","GB",0.929145530749302,"MeanCond"
2025,"GOOSEFISH","GOM",0.905206323108723,"MeanCond"
2025,"GOOSEFISH","MAB",0.975025173318745,"MeanCond"
2025,"GOOSEFISH","SS",0.971184630420901,"MeanCond"
1992,"HADDOCK","GB",0.993522331246046,"MeanCond"
1992,"HADDOCK","GOM",1.02224736929893,"MeanCond"
1992,"HADDOCK","MAB",0.840438609063467,"MeanCond"
1992,"HADDOCK","SS",1.01173214381486,"MeanCond"
1993,"HADDOCK","GB",1.01491992751234,"MeanCond"
1993,"HADDOCK","GOM",1.00566906030068,"MeanCond"
1993,"HADDOCK","MAB",0.963205514057947,"MeanCond"
1993,"HADDOCK","SS",1.02212693977446,"MeanCond"
1994,"HADDOCK","GB",0.987573758771201,"MeanCond"
1994,"HADDOCK","GOM",0.949641021430332,"MeanCond"
1994,"HADDOCK","SS",1.00259002796532,"MeanCond"
1995,"HADDOCK","GB",0.977168965053797,"MeanCond"
1995,"HADDOCK","GOM",1.00453855029605,"MeanCond"
1995,"HADDOCK","SS",0.950333116676217,"MeanCond"
1996,"HADDOCK","GB",1.01145467936895,"MeanCond"
1996,"HADDOCK","GOM",1.02048337274019,"MeanCond"
1996,"HADDOCK","MAB",0.96512314895719,"MeanCond"
1996,"HADDOCK","SS",0.982911363501312,"MeanCond"
1997,"HADDOCK","GB",1.00771315220261,"MeanCond"
1997,"HADDOCK","GOM",1.02084746840389,"MeanCond"
1997,"HADDOCK","MAB",0.946878179090831,"MeanCond"
1997,"HADDOCK","SS",0.999088598387327,"MeanCond"
1998,"HADDOCK","GB",0.996182225884354,"MeanCond"
1998,"HADDOCK","GOM",0.993833143057346,"MeanCond"
1998,"HADDOCK","MAB",0.928559618214822,"MeanCond"
1998,"HADDOCK","SS",1.00613689039008,"MeanCond"
1999,"HADDOCK","GB",1.02495560681166,"MeanCond"
1999,"HADDOCK","GOM",1.00292232581784,"MeanCond"
1999,"HADDOCK","SS",1.02862580142317,"MeanCond"
2000,"HADDOCK","GB",0.998510859956084,"MeanCond"
2000,"HADDOCK","GOM",1.01769749638145,"MeanCond"
2000,"HADDOCK","MAB",0.962414832680583,"MeanCond"
2000,"HADDOCK","SS",0.958783495653883,"MeanCond"
2001,"HADDOCK","GB",0.961710783083152,"MeanCond"
2001,"HADDOCK","GOM",0.962538004452082,"MeanCond"
2001,"HADDOCK","MAB",0.933598031464405,"MeanCond"
2001,"HADDOCK","SS",0.975327823677263,"MeanCond"
2002,"HADDOCK","GB",0.965745385584982,"MeanCond"
2002,"HADDOCK","GOM",0.946131524667425,"MeanCond"
2002,"HADDOCK","SS",0.956497786182639,"MeanCond"
2003,"HADDOCK","GB",0.978814364641977,"MeanCond"
2003,"HADDOCK","GOM",0.961590663921931,"MeanCond"
2003,"HADDOCK","MAB",0.966131133184737,"MeanCond"
2003,"HADDOCK","SS",0.952557523967163,"MeanCond"
2004,"HADDOCK","GB",0.926462042929943,"MeanCond"
2004,"HADDOCK","GOM",0.944116001705409,"MeanCond"
2004,"HADDOCK","MAB",0.972792486842283,"MeanCond"
2004,"HADDOCK","SS",0.948455324236156,"MeanCond"
2005,"HADDOCK","GB",0.93985724280703,"MeanCond"
2005,"HADDOCK","GOM",0.943387837886424,"MeanCond"
2005,"HADDOCK","MAB",0.956083929306999,"MeanCond"
2005,"HADDOCK","SS",0.953130421832173,"MeanCond"
2006,"HADDOCK","GB",0.951042312380806,"MeanCond"
2006,"HADDOCK","GOM",0.958911861456773,"MeanCond"
2006,"HADDOCK","SS",0.96024289913031,"MeanCond"
2007,"HADDOCK","GB",0.974027530884861,"MeanCond"
2007,"HADDOCK","GOM",0.967635371700161,"MeanCond"
2007,"HADDOCK","MAB",0.923300717344134,"MeanCond"
2007,"HADDOCK","SS",0.976000187550065,"MeanCond"
2008,"HADDOCK","GB",1.00298284329604,"MeanCond"
2008,"HADDOCK","GOM",1.00610072048705,"MeanCond"
2008,"HADDOCK","SS",1.01410658157483,"MeanCond"
2009,"HADDOCK","GB",0.976180052822152,"MeanCond"
2009,"HADDOCK","GOM",0.991822418682028,"MeanCond"
2009,"HADDOCK","MAB",0.965791911759254,"MeanCond"
2009,"HADDOCK","SS",1.01150746766799,"MeanCond"
2010,"HADDOCK","GB",0.944765931088692,"MeanCond"
2010,"HADDOCK","GOM",0.966474391474855,"MeanCond"
2010,"HADDOCK","MAB",0.921589653252168,"MeanCond"
2010,"HADDOCK","SS",0.994929758793625,"MeanCond"
2011,"HADDOCK","GB",0.965342614771181,"MeanCond"
2011,"HADDOCK","GOM",0.973163834467311,"MeanCond"
2011,"HADDOCK","MAB",0.981116693264895,"MeanCond"
2011,"HADDOCK","SS",0.980557951848686,"MeanCond"
2012,"HADDOCK","GB",0.975197666696821,"MeanCond"
2012,"HADDOCK","GOM",0.985988193682088,"MeanCond"
2012,"HADDOCK","SS",1.00839296845263,"MeanCond"
2013,"HADDOCK","GB",0.992055131764242,"MeanCond"
2013,"HADDOCK","GOM",1.0063400106893,"MeanCond"
2013,"HADDOCK","MAB",0.961377461737978,"MeanCond"
2013,"HADDOCK","SS",1.03383085742369,"MeanCond"
2014,"HADDOCK","GB",0.97955841873325,"MeanCond"
2014,"HADDOCK","GOM",1.0133643851841,"MeanCond"
2014,"HADDOCK","MAB",1.00085919464771,"MeanCond"
2014,"HADDOCK","SS",0.982934882639457,"MeanCond"
2015,"HADDOCK","GB",1.00905331574449,"MeanCond"
2015,"HADDOCK","GOM",1.00114494035523,"MeanCond"
2015,"HADDOCK","MAB",1.00872789525452,"MeanCond"
2015,"HADDOCK","SS",1.00318051929423,"MeanCond"
2016,"HADDOCK","GB",0.966564875721285,"MeanCond"
2016,"HADDOCK","GOM",1.00423836795729,"MeanCond"
2016,"HADDOCK","MAB",0.973321955416775,"MeanCond"
2016,"HADDOCK","SS",0.996741057416089,"MeanCond"
2017,"HADDOCK","GB",0.966474572672817,"MeanCond"
2017,"HADDOCK","GOM",0.994350921849427,"MeanCond"
2017,"HADDOCK","SS",0.985271196484347,"MeanCond"
2018,"HADDOCK","GB",0.989043414965407,"MeanCond"
2018,"HADDOCK","GOM",1.01930943641517,"MeanCond"
2018,"HADDOCK","MAB",1.00961227647316,"MeanCond"
2019,"HADDOCK","GB",0.976617125412255,"MeanCond"
2019,"HADDOCK","GOM",0.991056838280094,"MeanCond"
2019,"HADDOCK","MAB",1.05407627028331,"MeanCond"
2019,"HADDOCK","SS",1.010537197994,"MeanCond"
2021,"HADDOCK","GB",1.03008060301723,"MeanCond"
2021,"HADDOCK","GOM",1.03020536978784,"MeanCond"
2021,"HADDOCK","SS",1.02087869136577,"MeanCond"
2022,"HADDOCK","GB",0.99557127032199,"MeanCond"
2022,"HADDOCK","GOM",1.02405587018913,"MeanCond"
2022,"HADDOCK","SS",1.03856896995451,"MeanCond"
2023,"HADDOCK","GB",1.03323073000507,"MeanCond"
2023,"HADDOCK","GOM",1.02781092721343,"MeanCond"
2023,"HADDOCK","SS",1.00847316808705,"MeanCond"
2024,"HADDOCK","GB",0.961414181154077,"MeanCond"
2024,"HADDOCK","GOM",0.956041180245415,"MeanCond"
2024,"HADDOCK","MAB",0.923461320552909,"MeanCond"
2024,"HADDOCK","SS",0.977018659863677,"MeanCond"
2025,"HADDOCK","GB",0.989309185835894,"MeanCond"
2025,"HADDOCK","GOM",0.969459078661325,"MeanCond"
2025,"HADDOCK","SS",1.01481475505779,"MeanCond"
1992,"LITTLE SKATE","GB",1.01965626711983,"MeanCond"
1992,"LITTLE SKATE","GOM",1.00954287642387,"MeanCond"
1992,"LITTLE SKATE","MAB",0.98748415411665,"MeanCond"
1993,"LITTLE SKATE","GB",0.995933910364837,"MeanCond"
1993,"LITTLE SKATE","GOM",0.984169997478123,"MeanCond"
1993,"LITTLE SKATE","MAB",1.02855542789517,"MeanCond"
1994,"LITTLE SKATE","GB",1.03061161480335,"MeanCond"
1994,"LITTLE SKATE","GOM",1.01156033428523,"MeanCond"
1994,"LITTLE SKATE","MAB",1.01349163381249,"MeanCond"
1995,"LITTLE SKATE","GB",1.00156830241316,"MeanCond"
1995,"LITTLE SKATE","GOM",0.981929169482824,"MeanCond"
1995,"LITTLE SKATE","MAB",0.997993474470737,"MeanCond"
1996,"LITTLE SKATE","GB",1.02833782529206,"MeanCond"
1996,"LITTLE SKATE","GOM",1.0204089730554,"MeanCond"
1996,"LITTLE SKATE","MAB",0.981830462778237,"MeanCond"
1997,"LITTLE SKATE","GB",1.01305128818043,"MeanCond"
1997,"LITTLE SKATE","GOM",1.01490176619689,"MeanCond"
1997,"LITTLE SKATE","MAB",0.96698851648259,"MeanCond"
1998,"LITTLE SKATE","GB",0.985793216288308,"MeanCond"
1998,"LITTLE SKATE","GOM",1.03220136124912,"MeanCond"
1998,"LITTLE SKATE","MAB",1.0017805798356,"MeanCond"
1999,"LITTLE SKATE","GB",1.00350487336255,"MeanCond"
1999,"LITTLE SKATE","GOM",1.00133694781886,"MeanCond"
1999,"LITTLE SKATE","MAB",1.02578469855225,"MeanCond"
2000,"LITTLE SKATE","GB",0.982976866881593,"MeanCond"
2000,"LITTLE SKATE","GOM",0.90307291039709,"MeanCond"
2000,"LITTLE SKATE","MAB",0.992597485159021,"MeanCond"
2001,"LITTLE SKATE","GB",0.963079972830957,"MeanCond"
2001,"LITTLE SKATE","GOM",0.948410653184736,"MeanCond"
2001,"LITTLE SKATE","MAB",0.952674226058916,"MeanCond"
2002,"LITTLE SKATE","GB",0.972473636880454,"MeanCond"
2002,"LITTLE SKATE","GOM",0.937446563495384,"MeanCond"
2002,"LITTLE SKATE","MAB",0.967359425791941,"MeanCond"
2003,"LITTLE SKATE","GB",0.997222647814373,"MeanCond"
2003,"LITTLE SKATE","GOM",0.928188712009735,"MeanCond"
2003,"LITTLE SKATE","MAB",1.00442653711695,"MeanCond"
2004,"LITTLE SKATE","GB",0.962616896284943,"MeanCond"
2004,"LITTLE SKATE","GOM",0.982815338220438,"MeanCond"
2004,"LITTLE SKATE","MAB",0.981600380829693,"MeanCond"
2005,"LITTLE SKATE","GB",0.991523552290793,"MeanCond"
2005,"LITTLE SKATE","GOM",1.0018291798738,"MeanCond"
2005,"LITTLE SKATE","MAB",0.978491577538029,"MeanCond"
2006,"LITTLE SKATE","GB",0.993210235364286,"MeanCond"
2006,"LITTLE SKATE","GOM",1.1082315463626,"MeanCond"
2006,"LITTLE SKATE","MAB",1.00505684738143,"MeanCond"
2007,"LITTLE SKATE","GB",0.995199706381806,"MeanCond"
2007,"LITTLE SKATE","GOM",1.00007780172803,"MeanCond"
2007,"LITTLE SKATE","MAB",0.961527953817935,"MeanCond"
2008,"LITTLE SKATE","GB",1.03631921177104,"MeanCond"
2008,"LITTLE SKATE","GOM",1.00505072214282,"MeanCond"
2008,"LITTLE SKATE","MAB",0.974772031406712,"MeanCond"
2009,"LITTLE SKATE","GB",0.983779275875121,"MeanCond"
2009,"LITTLE SKATE","GOM",1.02334442591518,"MeanCond"
2009,"LITTLE SKATE","MAB",1.00575110386612,"MeanCond"
2010,"LITTLE SKATE","GB",0.94880329921654,"MeanCond"
2010,"LITTLE SKATE","GOM",1.01891657658738,"MeanCond"
2010,"LITTLE SKATE","MAB",1.00633797927762,"MeanCond"
2011,"LITTLE SKATE","GB",0.960092210946732,"MeanCond"
2011,"LITTLE SKATE","GOM",0.970120576695804,"MeanCond"
2011,"LITTLE SKATE","MAB",1.01127351616788,"MeanCond"
2012,"LITTLE SKATE","GB",0.98930621703089,"MeanCond"
2012,"LITTLE SKATE","GOM",0.97222151489056,"MeanCond"
2012,"LITTLE SKATE","MAB",0.965113153508695,"MeanCond"
2013,"LITTLE SKATE","GB",1.0114241019092,"MeanCond"
2013,"LITTLE SKATE","GOM",1.00005437009147,"MeanCond"
2013,"LITTLE SKATE","MAB",0.994007482125959,"MeanCond"
2014,"LITTLE SKATE","GB",1.01814311358405,"MeanCond"
2014,"LITTLE SKATE","GOM",0.987892330034766,"MeanCond"
2014,"LITTLE SKATE","MAB",0.999752458995531,"MeanCond"
2015,"LITTLE SKATE","GB",1.03130999668179,"MeanCond"
2015,"LITTLE SKATE","GOM",1.01760561711078,"MeanCond"
2015,"LITTLE SKATE","MAB",1.02610130576072,"MeanCond"
2016,"LITTLE SKATE","GB",0.999752454024486,"MeanCond"
2016,"LITTLE SKATE","GOM",0.997181397098602,"MeanCond"
2016,"LITTLE SKATE","MAB",1.03434569063596,"MeanCond"
2017,"LITTLE SKATE","GB",0.995159280261529,"MeanCond"
2017,"LITTLE SKATE","GOM",0.969883163123343,"MeanCond"
2018,"LITTLE SKATE","GB",0.981463200564073,"MeanCond"
2018,"LITTLE SKATE","GOM",1.0012585882099,"MeanCond"
2018,"LITTLE SKATE","MAB",1.01019277992938,"MeanCond"
2019,"LITTLE SKATE","GB",0.9936938891736,"MeanCond"
2019,"LITTLE SKATE","GOM",1.01592456396644,"MeanCond"
2019,"LITTLE SKATE","MAB",1.03468574716745,"MeanCond"
2021,"LITTLE SKATE","GB",1.0218016414881,"MeanCond"
2021,"LITTLE SKATE","GOM",1.02456208753765,"MeanCond"
2021,"LITTLE SKATE","MAB",0.995354110223558,"MeanCond"
2022,"LITTLE SKATE","GB",1.01152036048426,"MeanCond"
2022,"LITTLE SKATE","GOM",0.988326150436582,"MeanCond"
2022,"LITTLE SKATE","MAB",1.00200143259896,"MeanCond"
2023,"LITTLE SKATE","GB",1.02721338157295,"MeanCond"
2023,"LITTLE SKATE","GOM",1.0095724680563,"MeanCond"
2023,"LITTLE SKATE","MAB",1.02906479696685,"MeanCond"
2024,"LITTLE SKATE","GB",0.952710070252166,"MeanCond"
2024,"LITTLE SKATE","GOM",0.988444853310516,"MeanCond"
2024,"LITTLE SKATE","MAB",1.01649735809101,"MeanCond"
2025,"LITTLE SKATE","GB",0.99875859887162,"MeanCond"
2025,"LITTLE SKATE","GOM",0.95921959845525,"MeanCond"
2025,"LITTLE SKATE","MAB",0.999809228853436,"MeanCond"
1992,"LONGHORN SCULPIN","GB",0.990616468459388,"MeanCond"
1992,"LONGHORN SCULPIN","GOM",1.003335524699,"MeanCond"
1992,"LONGHORN SCULPIN","MAB",0.954183562435688,"MeanCond"
1992,"LONGHORN SCULPIN","SS",1.00207805524361,"MeanCond"
1993,"LONGHORN SCULPIN","GB",0.996543496908553,"MeanCond"
1993,"LONGHORN SCULPIN","GOM",0.990057545514247,"MeanCond"
1993,"LONGHORN SCULPIN","MAB",0.976792324327308,"MeanCond"
1993,"LONGHORN SCULPIN","SS",0.930413954836638,"MeanCond"
1994,"LONGHORN SCULPIN","GB",1.02796326489733,"MeanCond"
1994,"LONGHORN SCULPIN","GOM",0.990809855934758,"MeanCond"
1994,"LONGHORN SCULPIN","MAB",1.08345788547426,"MeanCond"
1994,"LONGHORN SCULPIN","SS",1.04201437127996,"MeanCond"
1995,"LONGHORN SCULPIN","GB",1.01272789425393,"MeanCond"
1995,"LONGHORN SCULPIN","GOM",0.930952122996735,"MeanCond"
1995,"LONGHORN SCULPIN","MAB",0.998080889920491,"MeanCond"
1995,"LONGHORN SCULPIN","SS",0.94756823290031,"MeanCond"
1996,"LONGHORN SCULPIN","GB",1.02945966071341,"MeanCond"
1996,"LONGHORN SCULPIN","GOM",0.976961024989317,"MeanCond"
1996,"LONGHORN SCULPIN","MAB",1.05815450809511,"MeanCond"
1996,"LONGHORN SCULPIN","SS",0.977337980992852,"MeanCond"
1997,"LONGHORN SCULPIN","GB",1.03077650193791,"MeanCond"
1997,"LONGHORN SCULPIN","GOM",1.00190509843805,"MeanCond"
1997,"LONGHORN SCULPIN","SS",0.979430889748204,"MeanCond"
1999,"LONGHORN SCULPIN","GB",1.06622087381888,"MeanCond"
1999,"LONGHORN SCULPIN","GOM",0.998882705510588,"MeanCond"
1999,"LONGHORN SCULPIN","MAB",0.972250364511059,"MeanCond"
2000,"LONGHORN SCULPIN","GB",0.98566453142182,"MeanCond"
2000,"LONGHORN SCULPIN","GOM",0.950413286520952,"MeanCond"
2000,"LONGHORN SCULPIN","MAB",0.942283455592549,"MeanCond"
2000,"LONGHORN SCULPIN","SS",0.920308256912823,"MeanCond"
2001,"LONGHORN SCULPIN","GB",0.988474883292666,"MeanCond"
2001,"LONGHORN SCULPIN","GOM",0.909906945321315,"MeanCond"
2001,"LONGHORN SCULPIN","MAB",1.01951304010744,"MeanCond"
2001,"LONGHORN SCULPIN","SS",0.918957394674398,"MeanCond"
2002,"LONGHORN SCULPIN","GB",1.00489604969554,"MeanCond"
2002,"LONGHORN SCULPIN","GOM",0.947876536150975,"MeanCond"
2002,"LONGHORN SCULPIN","MAB",0.926966751546518,"MeanCond"
2002,"LONGHORN SCULPIN","SS",0.881423394888262,"MeanCond"
2003,"LONGHORN SCULPIN","GB",1.01189961515489,"MeanCond"
2003,"LONGHORN SCULPIN","GOM",0.909259844540262,"MeanCond"
2003,"LONGHORN SCULPIN","SS",0.959636157712734,"MeanCond"
2004,"LONGHORN SCULPIN","GB",0.95269037359031,"MeanCond"
2004,"LONGHORN SCULPIN","GOM",0.991338191100698,"MeanCond"
2004,"LONGHORN SCULPIN","MAB",1.01511713961563,"MeanCond"
2004,"LONGHORN SCULPIN","SS",0.947920591594526,"MeanCond"
2005,"LONGHORN SCULPIN","GB",0.964966977544071,"MeanCond"
2005,"LONGHORN SCULPIN","GOM",0.973811482149203,"MeanCond"
2005,"LONGHORN SCULPIN","MAB",0.955110528419343,"MeanCond"
2005,"LONGHORN SCULPIN","SS",0.958070248155152,"MeanCond"
2006,"LONGHORN SCULPIN","GB",1.00375762370027,"MeanCond"
2006,"LONGHORN SCULPIN","GOM",0.922409314187972,"MeanCond"
2006,"LONGHORN SCULPIN","MAB",0.977313587790895,"MeanCond"
2006,"LONGHORN SCULPIN","SS",0.970160713029832,"MeanCond"
2007,"LONGHORN SCULPIN","GB",1.01577206490681,"MeanCond"
2007,"LONGHORN SCULPIN","GOM",0.952771452954722,"MeanCond"
2007,"LONGHORN SCULPIN","MAB",1.04794277093997,"MeanCond"
2007,"LONGHORN SCULPIN","SS",0.948066311346615,"MeanCond"
2008,"LONGHORN SCULPIN","GB",1.03016809883472,"MeanCond"
2008,"LONGHORN SCULPIN","GOM",0.956260205773861,"MeanCond"
2008,"LONGHORN SCULPIN","MAB",0.932388284587933,"MeanCond"
2008,"LONGHORN SCULPIN","SS",1.0274497094626,"MeanCond"
2009,"LONGHORN SCULPIN","GB",0.976600392253833,"MeanCond"
2009,"LONGHORN SCULPIN","GOM",1.01786071735762,"MeanCond"
2009,"LONGHORN SCULPIN","MAB",0.968860873324459,"MeanCond"
2009,"LONGHORN SCULPIN","SS",1.0364242092631,"MeanCond"
2010,"LONGHORN SCULPIN","GB",0.966370127141872,"MeanCond"
2010,"LONGHORN SCULPIN","GOM",1.05743873902601,"MeanCond"
2010,"LONGHORN SCULPIN","MAB",0.978211790761868,"MeanCond"
2010,"LONGHORN SCULPIN","SS",1.01547366811162,"MeanCond"
2011,"LONGHORN SCULPIN","GB",0.985569579572988,"MeanCond"
2011,"LONGHORN SCULPIN","GOM",0.976539164590745,"MeanCond"
2011,"LONGHORN SCULPIN","MAB",0.933445821112761,"MeanCond"
2011,"LONGHORN SCULPIN","SS",0.958954983512371,"MeanCond"
2012,"LONGHORN SCULPIN","GB",0.9893819951842,"MeanCond"
2012,"LONGHORN SCULPIN","GOM",1.01009777479317,"MeanCond"
2012,"LONGHORN SCULPIN","MAB",0.948213925536468,"MeanCond"
2012,"LONGHORN SCULPIN","SS",0.912683622368434,"MeanCond"
2013,"LONGHORN SCULPIN","GB",1.00933093177946,"MeanCond"
2013,"LONGHORN SCULPIN","GOM",0.996060659975629,"MeanCond"
2013,"LONGHORN SCULPIN","MAB",0.98746345550073,"MeanCond"
2013,"LONGHORN SCULPIN","SS",1.05543176373494,"MeanCond"
2014,"LONGHORN SCULPIN","GB",1.00240956609981,"MeanCond"
2014,"LONGHORN SCULPIN","GOM",1.01376836690743,"MeanCond"
2014,"LONGHORN SCULPIN","MAB",1.03939712304415,"MeanCond"
2014,"LONGHORN SCULPIN","SS",1.00116526189633,"MeanCond"
2015,"LONGHORN SCULPIN","GB",1.0478205215596,"MeanCond"
2015,"LONGHORN SCULPIN","GOM",1.01474438687168,"MeanCond"
2015,"LONGHORN SCULPIN","SS",1.01036527946989,"MeanCond"
2016,"LONGHORN SCULPIN","GB",1.01957746076484,"MeanCond"
2016,"LONGHORN SCULPIN","GOM",1.02310187604602,"MeanCond"
2016,"LONGHORN SCULPIN","MAB",1.05553269351296,"MeanCond"
2016,"LONGHORN SCULPIN","SS",0.934042285060918,"MeanCond"
2018,"LONGHORN SCULPIN","GB",1.01037307103028,"MeanCond"
2018,"LONGHORN SCULPIN","GOM",1.00743910010434,"MeanCond"
2018,"LONGHORN SCULPIN","MAB",0.942295056498158,"MeanCond"
2019,"LONGHORN SCULPIN","GB",1.00411381030897,"MeanCond"
2019,"LONGHORN SCULPIN","GOM",0.991659008627297,"MeanCond"
2019,"LONGHORN SCULPIN","MAB",0.945826437658507,"MeanCond"
2019,"LONGHORN SCULPIN","SS",1.00495579848692,"MeanCond"
2021,"LONGHORN SCULPIN","GB",1.0146524647258,"MeanCond"
2021,"LONGHORN SCULPIN","GOM",1.01773286097328,"MeanCond"
2021,"LONGHORN SCULPIN","SS",1.04769951736991,"MeanCond"
2022,"LONGHORN SCULPIN","GB",1.01629914042603,"MeanCond"
2022,"LONGHORN SCULPIN","GOM",1.06463803621827,"MeanCond"
2022,"LONGHORN SCULPIN","MAB",0.99257747313314,"MeanCond"
2023,"LONGHORN SCULPIN","GB",1.00517423107392,"MeanCond"
2023,"LONGHORN SCULPIN","GOM",0.98322664409002,"MeanCond"
2023,"LONGHORN SCULPIN","SS",0.937700034812123,"MeanCond"
2024,"LONGHORN SCULPIN","GB",0.950443180210237,"MeanCond"
2024,"LONGHORN SCULPIN","GOM",0.977967821412109,"MeanCond"
2024,"LONGHORN SCULPIN","SS",0.945844079958791,"MeanCond"
2025,"LONGHORN SCULPIN","GB",1.02816223226611,"MeanCond"
2025,"LONGHORN SCULPIN","GOM",0.983309230161398,"MeanCond"
2025,"LONGHORN SCULPIN","SS",1.03865364146617,"MeanCond"
1992,"NORTHERN KINGFISH","MAB",1.00211894594955,"MeanCond"
2005,"NORTHERN KINGFISH","MAB",1.08982582642259,"MeanCond"
2006,"NORTHERN KINGFISH","MAB",1.11909607423067,"MeanCond"
2007,"NORTHERN KINGFISH","MAB",1.12929765512812,"MeanCond"
2008,"NORTHERN KINGFISH","MAB",1.13600121122346,"MeanCond"
2009,"NORTHERN KINGFISH","MAB",1.13000767389352,"MeanCond"
2010,"NORTHERN KINGFISH","MAB",1.22969867677327,"MeanCond"
2011,"NORTHERN KINGFISH","MAB",1.1640672399506,"MeanCond"
2012,"NORTHERN KINGFISH","MAB",1.09865655484916,"MeanCond"
2013,"NORTHERN KINGFISH","MAB",1.14184435512488,"MeanCond"
2014,"NORTHERN KINGFISH","MAB",1.14114605334908,"MeanCond"
2015,"NORTHERN KINGFISH","MAB",1.1645357869822,"MeanCond"
2016,"NORTHERN KINGFISH","MAB",1.14889523407029,"MeanCond"
2018,"NORTHERN KINGFISH","MAB",1.13556925215664,"MeanCond"
2019,"NORTHERN KINGFISH","MAB",1.175769952617,"MeanCond"
2021,"NORTHERN KINGFISH","MAB",1.08387001564639,"MeanCond"
2022,"NORTHERN KINGFISH","MAB",1.13141688712451,"MeanCond"
2023,"NORTHERN KINGFISH","MAB",1.17077549899209,"MeanCond"
2024,"NORTHERN KINGFISH","MAB",1.11706009524589,"MeanCond"
2025,"NORTHERN KINGFISH","MAB",1.11443154795646,"MeanCond"
1992,"OCEAN POUT","GB",0.978215649863383,"MeanCond"
1992,"OCEAN POUT","GOM",1.02847508701971,"MeanCond"
1992,"OCEAN POUT","MAB",1.11917306696143,"MeanCond"
1992,"OCEAN POUT","SS",1.09847350329324,"MeanCond"
1993,"OCEAN POUT","GB",0.952258960435898,"MeanCond"
1993,"OCEAN POUT","GOM",1.00538404189192,"MeanCond"
1993,"OCEAN POUT","MAB",0.982862143886086,"MeanCond"
1993,"OCEAN POUT","SS",1.14215000826422,"MeanCond"
1994,"OCEAN POUT","GB",0.969889482103144,"MeanCond"
1994,"OCEAN POUT","GOM",0.98149951310609,"MeanCond"
1994,"OCEAN POUT","MAB",1.0650701143128,"MeanCond"
1994,"OCEAN POUT","SS",1.01247590810892,"MeanCond"
1995,"OCEAN POUT","GB",1.00161758713051,"MeanCond"
1995,"OCEAN POUT","GOM",0.958343087569461,"MeanCond"
1995,"OCEAN POUT","MAB",0.940390107648475,"MeanCond"
1995,"OCEAN POUT","SS",0.973934579719556,"MeanCond"
1996,"OCEAN POUT","GB",0.968125675421578,"MeanCond"
1996,"OCEAN POUT","GOM",0.995204258773184,"MeanCond"
1996,"OCEAN POUT","MAB",1.00405228010092,"MeanCond"
1996,"OCEAN POUT","SS",1.10557471153475,"MeanCond"
1997,"OCEAN POUT","GB",0.982503882975115,"MeanCond"
1997,"OCEAN POUT","GOM",0.961547462162351,"MeanCond"
1997,"OCEAN POUT","MAB",0.998282414634931,"MeanCond"
1997,"OCEAN POUT","SS",0.946162208102088,"MeanCond"
1998,"OCEAN POUT","GB",0.959429666364666,"MeanCond"
1998,"OCEAN POUT","GOM",1.00332925572868,"MeanCond"
1998,"OCEAN POUT","MAB",0.939032496076018,"MeanCond"
1999,"OCEAN POUT","GB",0.950112937616523,"MeanCond"
1999,"OCEAN POUT","GOM",1.01376369486167,"MeanCond"
1999,"OCEAN POUT","MAB",0.995453474033307,"MeanCond"
1999,"OCEAN POUT","SS",1.15282350722381,"MeanCond"
2000,"OCEAN POUT","GB",0.926164153930573,"MeanCond"
2000,"OCEAN POUT","GOM",1.06881749752193,"MeanCond"
2000,"OCEAN POUT","SS",1.04739832657087,"MeanCond"
2001,"OCEAN POUT","GB",0.954036729435276,"MeanCond"
2001,"OCEAN POUT","GOM",0.98105540817726,"MeanCond"
2001,"OCEAN POUT","SS",1.05595349293173,"MeanCond"
2002,"OCEAN POUT","GB",0.932310415627964,"MeanCond"
2002,"OCEAN POUT","GOM",0.936833353227346,"MeanCond"
2002,"OCEAN POUT","MAB",0.941905135496904,"MeanCond"
2003,"OCEAN POUT","GB",0.991400149076599,"MeanCond"
2003,"OCEAN POUT","GOM",1.03386655573334,"MeanCond"
2003,"OCEAN POUT","MAB",1.04236946615996,"MeanCond"
2003,"OCEAN POUT","SS",1.062212154035,"MeanCond"
2004,"OCEAN POUT","GB",1.01294509885307,"MeanCond"
2004,"OCEAN POUT","GOM",1.0263674230027,"MeanCond"
2004,"OCEAN POUT","MAB",1.14434565466168,"MeanCond"
2004,"OCEAN POUT","SS",1.09606733007574,"MeanCond"
2005,"OCEAN POUT","GB",0.990438587366936,"MeanCond"
2005,"OCEAN POUT","GOM",1.10785127278512,"MeanCond"
2005,"OCEAN POUT","MAB",1.04738493932124,"MeanCond"
2005,"OCEAN POUT","SS",1.02218203462019,"MeanCond"
2006,"OCEAN POUT","GB",1.00048060494197,"MeanCond"
2006,"OCEAN POUT","GOM",1.01109468012719,"MeanCond"
2006,"OCEAN POUT","MAB",0.947386870408078,"MeanCond"
2006,"OCEAN POUT","SS",1.076337444018,"MeanCond"
2007,"OCEAN POUT","GB",0.992647431666337,"MeanCond"
2007,"OCEAN POUT","GOM",1.00904860127652,"MeanCond"
2008,"OCEAN POUT","GB",0.965987467680824,"MeanCond"
2008,"OCEAN POUT","GOM",1.03791582033418,"MeanCond"
2008,"OCEAN POUT","MAB",1.10095372045449,"MeanCond"
2008,"OCEAN POUT","SS",1.07411306170549,"MeanCond"
2009,"OCEAN POUT","GB",0.956857082043334,"MeanCond"
2009,"OCEAN POUT","GOM",1.09494733226782,"MeanCond"
2009,"OCEAN POUT","MAB",1.00580056318418,"MeanCond"
2009,"OCEAN POUT","SS",1.11824728091843,"MeanCond"
2010,"OCEAN POUT","GB",0.96357288313411,"MeanCond"
2010,"OCEAN POUT","GOM",1.1245652887975,"MeanCond"
2010,"OCEAN POUT","MAB",1.08389946108885,"MeanCond"
2010,"OCEAN POUT","SS",1.03679888462346,"MeanCond"
2011,"OCEAN POUT","GB",0.968269947060293,"MeanCond"
2011,"OCEAN POUT","GOM",1.07408071251148,"MeanCond"
2011,"OCEAN POUT","MAB",1.04050630993395,"MeanCond"
2011,"OCEAN POUT","SS",1.07920734122511,"MeanCond"
2012,"OCEAN POUT","GB",0.988110818183047,"MeanCond"
2012,"OCEAN POUT","GOM",1.04476666872976,"MeanCond"
2012,"OCEAN POUT","MAB",1.07204148336997,"MeanCond"
2012,"OCEAN POUT","SS",1.08662771748083,"MeanCond"
2013,"OCEAN POUT","GB",1.01414707678179,"MeanCond"
2013,"OCEAN POUT","GOM",1.04638967241621,"MeanCond"
2013,"OCEAN POUT","MAB",1.07339513161642,"MeanCond"
2013,"OCEAN POUT","SS",1.09070924994177,"MeanCond"
2014,"OCEAN POUT","GB",1.02289653156879,"MeanCond"
2014,"OCEAN POUT","GOM",1.06890600645993,"MeanCond"
2014,"OCEAN POUT","MAB",1.13528210845969,"MeanCond"
2014,"OCEAN POUT","SS",1.05106672551984,"MeanCond"
2015,"OCEAN POUT","GB",1.0270774007029,"MeanCond"
2015,"OCEAN POUT","GOM",1.01584097322881,"MeanCond"
2015,"OCEAN POUT","MAB",1.06288196665977,"MeanCond"
2015,"OCEAN POUT","SS",1.12128671291158,"MeanCond"
2016,"OCEAN POUT","GB",0.999691742331137,"MeanCond"
2016,"OCEAN POUT","GOM",1.01541960437253,"MeanCond"
2016,"OCEAN POUT","MAB",1.14769637964841,"MeanCond"
2016,"OCEAN POUT","SS",1.08737433285195,"MeanCond"
2018,"OCEAN POUT","GB",1.05260387865481,"MeanCond"
2018,"OCEAN POUT","GOM",1.04599927360409,"MeanCond"
2018,"OCEAN POUT","MAB",1.20976292290623,"MeanCond"
2019,"OCEAN POUT","GB",1.02039804719716,"MeanCond"
2019,"OCEAN POUT","GOM",1.0046575246606,"MeanCond"
2019,"OCEAN POUT","MAB",1.09355552312225,"MeanCond"
2019,"OCEAN POUT","SS",1.02658124138734,"MeanCond"
2021,"OCEAN POUT","GB",0.993152660268993,"MeanCond"
2021,"OCEAN POUT","GOM",1.03067960857146,"MeanCond"
2021,"OCEAN POUT","MAB",1.12310377644351,"MeanCond"
2021,"OCEAN POUT","SS",1.18950711273314,"MeanCond"
2022,"OCEAN POUT","GB",0.970346431412477,"MeanCond"
2022,"OCEAN POUT","GOM",1.00173575508462,"MeanCond"
2022,"OCEAN POUT","MAB",1.02462427183996,"MeanCond"
2023,"OCEAN POUT","GB",1.020432277729,"MeanCond"
2023,"OCEAN POUT","GOM",1.02061291100757,"MeanCond"
2023,"OCEAN POUT","SS",1.09748915118886,"MeanCond"
2024,"OCEAN POUT","GB",0.966911492360116,"MeanCond"
2024,"OCEAN POUT","GOM",0.968671196649858,"MeanCond"
2024,"OCEAN POUT","MAB",1.00947430519439,"MeanCond"
2024,"OCEAN POUT","SS",1.0851667237689,"MeanCond"
2025,"OCEAN POUT","GB",0.968566811256909,"MeanCond"
2025,"OCEAN POUT","GOM",0.981904712218385,"MeanCond"
2025,"OCEAN POUT","SS",1.14741560360779,"MeanCond"
1996,"OFFSHORE HAKE","MAB",1.02183980673498,"MeanCond"
1997,"OFFSHORE HAKE","MAB",0.994433809266947,"MeanCond"
1998,"OFFSHORE HAKE","MAB",0.984856794240668,"MeanCond"
1999,"OFFSHORE HAKE","MAB",0.9805880677002,"MeanCond"
2000,"OFFSHORE HAKE","MAB",1.03736313898812,"MeanCond"
2001,"OFFSHORE HAKE","MAB",1.06346822234056,"MeanCond"
2002,"OFFSHORE HAKE","MAB",1.02068889760586,"MeanCond"
2003,"OFFSHORE HAKE","MAB",1.07541686935315,"MeanCond"
2004,"OFFSHORE HAKE","MAB",1.13141588193705,"MeanCond"
2005,"OFFSHORE HAKE","MAB",1.00231188130404,"MeanCond"
2006,"OFFSHORE HAKE","MAB",0.967821687341001,"MeanCond"
2007,"OFFSHORE HAKE","MAB",1.06326341820715,"MeanCond"
2008,"OFFSHORE HAKE","MAB",1.01673833938256,"MeanCond"
2009,"OFFSHORE HAKE","MAB",1.05988315625089,"MeanCond"
2010,"OFFSHORE HAKE","MAB",1.03745408841845,"MeanCond"
2011,"OFFSHORE HAKE","MAB",1.06401844605664,"MeanCond"
2012,"OFFSHORE HAKE","MAB",1.04080782037808,"MeanCond"
2013,"OFFSHORE HAKE","MAB",1.04891449580069,"MeanCond"
2014,"OFFSHORE HAKE","MAB",1.04025012678021,"MeanCond"
2015,"OFFSHORE HAKE","MAB",1.1014316200525,"MeanCond"
2016,"OFFSHORE HAKE","MAB",1.05464879328988,"MeanCond"
2018,"OFFSHORE HAKE","MAB",0.989428980183885,"MeanCond"
2019,"OFFSHORE HAKE","MAB",0.978531188953484,"MeanCond"
2021,"OFFSHORE HAKE","MAB",1.0113389845876,"MeanCond"
2022,"OFFSHORE HAKE","MAB",1.06913631691874,"MeanCond"
2023,"OFFSHORE HAKE","MAB",1.0693163237554,"MeanCond"
2024,"OFFSHORE HAKE","MAB",1.05166309299407,"MeanCond"
2025,"OFFSHORE HAKE","MAB",1.06689177382249,"MeanCond"
1992,"POLLOCK","GB",0.956249410156544,"MeanCond"
1992,"POLLOCK","GOM",1.01530996005834,"MeanCond"
1992,"POLLOCK","SS",0.989604131805966,"MeanCond"
1993,"POLLOCK","GB",0.961441551357197,"MeanCond"
1993,"POLLOCK","GOM",0.999251284372808,"MeanCond"
1993,"POLLOCK","SS",0.968799699825993,"MeanCond"
1994,"POLLOCK","GB",1.01172195349526,"MeanCond"
1994,"POLLOCK","GOM",0.969755663522624,"MeanCond"
1994,"POLLOCK","SS",1.03044268317398,"MeanCond"
1995,"POLLOCK","GB",1.01988309632427,"MeanCond"
1995,"POLLOCK","GOM",0.97642343962819,"MeanCond"
1995,"POLLOCK","SS",1.04064377929944,"MeanCond"
1996,"POLLOCK","GB",0.985790061569825,"MeanCond"
1996,"POLLOCK","GOM",0.962371163323462,"MeanCond"
1996,"POLLOCK","SS",1.03812515279497,"MeanCond"
1997,"POLLOCK","GB",0.951149352581064,"MeanCond"
1997,"POLLOCK","GOM",1.01577712013498,"MeanCond"
1997,"POLLOCK","SS",1.04067388732938,"MeanCond"
1998,"POLLOCK","GB",0.980943295300578,"MeanCond"
1998,"POLLOCK","GOM",0.975647770883239,"MeanCond"
1998,"POLLOCK","SS",0.959857836743773,"MeanCond"
1999,"POLLOCK","GB",0.956473576459486,"MeanCond"
1999,"POLLOCK","GOM",1.00408281320175,"MeanCond"
1999,"POLLOCK","SS",1.03546636442295,"MeanCond"
2000,"POLLOCK","GB",1.00515413572136,"MeanCond"
2000,"POLLOCK","GOM",0.988262372835673,"MeanCond"
2000,"POLLOCK","SS",0.944113760694789,"MeanCond"
2001,"POLLOCK","GB",0.897720999885528,"MeanCond"
2001,"POLLOCK","GOM",0.937726013162284,"MeanCond"
2001,"POLLOCK","SS",0.944342898569425,"MeanCond"
2002,"POLLOCK","GB",0.954392237833339,"MeanCond"
2002,"POLLOCK","GOM",0.924243542024673,"MeanCond"
2002,"POLLOCK","SS",0.987285957924233,"MeanCond"
2003,"POLLOCK","GB",1.01217891091018,"MeanCond"
2003,"POLLOCK","GOM",0.919906313444494,"MeanCond"
2003,"POLLOCK","SS",0.956309699992252,"MeanCond"
2004,"POLLOCK","GB",0.921330264888685,"MeanCond"
2004,"POLLOCK","GOM",0.918811481926906,"MeanCond"
2004,"POLLOCK","SS",0.962658828741643,"MeanCond"
2005,"POLLOCK","GB",0.972924968978203,"MeanCond"
2005,"POLLOCK","GOM",0.927152833173944,"MeanCond"
2005,"POLLOCK","SS",0.983228668326878,"MeanCond"
2006,"POLLOCK","GOM",0.944197249428576,"MeanCond"
2006,"POLLOCK","SS",0.978175119937932,"MeanCond"
2007,"POLLOCK","GOM",0.958485218280716,"MeanCond"
2007,"POLLOCK","SS",0.981080177754746,"MeanCond"
2008,"POLLOCK","GB",0.926346988432948,"MeanCond"
2008,"POLLOCK","GOM",0.943719787995744,"MeanCond"
2008,"POLLOCK","SS",0.97912210024548,"MeanCond"
2009,"POLLOCK","GB",1.01588514097164,"MeanCond"
2009,"POLLOCK","GOM",1.00147481262823,"MeanCond"
2010,"POLLOCK","GB",0.912426422298214,"MeanCond"
2010,"POLLOCK","GOM",0.942796137135814,"MeanCond"
2010,"POLLOCK","SS",1.02000203684182,"MeanCond"
2011,"POLLOCK","GB",0.989291600013182,"MeanCond"
2011,"POLLOCK","GOM",0.971247273584443,"MeanCond"
2011,"POLLOCK","SS",1.01900282613493,"MeanCond"
2012,"POLLOCK","GB",1.03113252633488,"MeanCond"
2012,"POLLOCK","GOM",0.982278497954602,"MeanCond"
2012,"POLLOCK","SS",0.958383813839236,"MeanCond"
2013,"POLLOCK","GB",1.00615110806044,"MeanCond"
2013,"POLLOCK","GOM",0.99831231000849,"MeanCond"
2013,"POLLOCK","SS",1.0440274734856,"MeanCond"
2014,"POLLOCK","GB",0.985126477200225,"MeanCond"
2014,"POLLOCK","GOM",0.978820737518365,"MeanCond"
2014,"POLLOCK","SS",1.06861840983157,"MeanCond"
2015,"POLLOCK","GB",0.954509341714788,"MeanCond"
2015,"POLLOCK","GOM",0.965727546338259,"MeanCond"
2015,"POLLOCK","SS",0.956417199626665,"MeanCond"
2016,"POLLOCK","GB",0.922217349753327,"MeanCond"
2016,"POLLOCK","GOM",0.965598689880579,"MeanCond"
2016,"POLLOCK","SS",0.9602402827548,"MeanCond"
2017,"POLLOCK","GB",0.945998219490096,"MeanCond"
2017,"POLLOCK","GOM",0.960954252622781,"MeanCond"
2017,"POLLOCK","SS",0.945785430531141,"MeanCond"
2018,"POLLOCK","GB",1.00945496245673,"MeanCond"
2018,"POLLOCK","GOM",0.955033443011447,"MeanCond"
2019,"POLLOCK","GB",0.90145505645392,"MeanCond"
2019,"POLLOCK","GOM",0.91234997361758,"MeanCond"
2019,"POLLOCK","SS",1.0210740389605,"MeanCond"
2021,"POLLOCK","GB",0.972467515929345,"MeanCond"
2021,"POLLOCK","GOM",0.953815250259185,"MeanCond"
2022,"POLLOCK","GB",0.981445341040064,"MeanCond"
2022,"POLLOCK","GOM",0.997646494630327,"MeanCond"
2023,"POLLOCK","GOM",0.893416235347619,"MeanCond"
2023,"POLLOCK","SS",0.92096875035104,"MeanCond"
2024,"POLLOCK","GB",1.01350464152073,"MeanCond"
2024,"POLLOCK","GOM",0.928171598478087,"MeanCond"
2025,"POLLOCK","GOM",0.976514100910009,"MeanCond"
1992,"RED HAKE","GB",0.988355356688383,"MeanCond"
1992,"RED HAKE","GOM",0.981612033079273,"MeanCond"
1992,"RED HAKE","MAB",1.0324047945451,"MeanCond"
1992,"RED HAKE","SS",0.982755764849177,"MeanCond"
1993,"RED HAKE","GB",0.96328946889925,"MeanCond"
1993,"RED HAKE","GOM",0.988282872076439,"MeanCond"
1993,"RED HAKE","MAB",1.04014511587665,"MeanCond"
1993,"RED HAKE","SS",1.09806795218202,"MeanCond"
1994,"RED HAKE","GB",1.00486455877708,"MeanCond"
1994,"RED HAKE","GOM",1.01215222312799,"MeanCond"
1994,"RED HAKE","MAB",0.969305120867087,"MeanCond"
1994,"RED HAKE","SS",0.985426685106102,"MeanCond"
1995,"RED HAKE","GB",0.979986028290945,"MeanCond"
1995,"RED HAKE","GOM",0.981090240687306,"MeanCond"
1995,"RED HAKE","MAB",1.03185801741201,"MeanCond"
1995,"RED HAKE","SS",0.999370587605402,"MeanCond"
1996,"RED HAKE","GB",1.02229197021103,"MeanCond"
1996,"RED HAKE","GOM",0.977034892435029,"MeanCond"
1996,"RED HAKE","MAB",1.0354266420572,"MeanCond"
1996,"RED HAKE","SS",0.928945242292348,"MeanCond"
1997,"RED HAKE","GB",1.01177762584545,"MeanCond"
1997,"RED HAKE","GOM",1.02148723029522,"MeanCond"
1997,"RED HAKE","MAB",0.994794148352833,"MeanCond"
1997,"RED HAKE","SS",0.973818635684344,"MeanCond"
1998,"RED HAKE","GB",1.00540260649995,"MeanCond"
1998,"RED HAKE","GOM",0.989167726744038,"MeanCond"
1998,"RED HAKE","MAB",1.03760955854357,"MeanCond"
1998,"RED HAKE","SS",1.01303007853136,"MeanCond"
1999,"RED HAKE","GB",1.02688456726111,"MeanCond"
1999,"RED HAKE","GOM",1.00203000580913,"MeanCond"
1999,"RED HAKE","MAB",0.972470410553072,"MeanCond"
1999,"RED HAKE","SS",1.01174323728243,"MeanCond"
2000,"RED HAKE","GB",0.996434430699587,"MeanCond"
2000,"RED HAKE","GOM",0.974480157622523,"MeanCond"
2000,"RED HAKE","MAB",1.00479157725129,"MeanCond"
2000,"RED HAKE","SS",1.02630438169319,"MeanCond"
2001,"RED HAKE","GB",0.972782526194613,"MeanCond"
2001,"RED HAKE","GOM",0.92928666028097,"MeanCond"
2001,"RED HAKE","MAB",0.9789235718267,"MeanCond"
2001,"RED HAKE","SS",0.912918407210996,"MeanCond"
2002,"RED HAKE","GB",0.970947578129646,"MeanCond"
2002,"RED HAKE","GOM",0.962720460547395,"MeanCond"
2002,"RED HAKE","MAB",0.974156002523454,"MeanCond"
2002,"RED HAKE","SS",0.939559205837268,"MeanCond"
2003,"RED HAKE","GB",1.01843097943695,"MeanCond"
2003,"RED HAKE","GOM",0.95043086700501,"MeanCond"
2003,"RED HAKE","MAB",1.02810266536225,"MeanCond"
2003,"RED HAKE","SS",0.957794636557905,"MeanCond"
2004,"RED HAKE","GB",0.934353397878956,"MeanCond"
2004,"RED HAKE","GOM",0.913816057744006,"MeanCond"
2004,"RED HAKE","MAB",0.971523886134287,"MeanCond"
2004,"RED HAKE","SS",0.968349831788675,"MeanCond"
2005,"RED HAKE","GB",0.990928131332925,"MeanCond"
2005,"RED HAKE","GOM",0.966524484938904,"MeanCond"
2005,"RED HAKE","MAB",1.01426548324466,"MeanCond"
2005,"RED HAKE","SS",0.932505295902875,"MeanCond"
2006,"RED HAKE","GB",1.01326288439747,"MeanCond"
2006,"RED HAKE","GOM",0.974196025472842,"MeanCond"
2006,"RED HAKE","MAB",0.952687006200305,"MeanCond"
2006,"RED HAKE","SS",0.932909416339201,"MeanCond"
2007,"RED HAKE","GB",1.00380744362509,"MeanCond"
2007,"RED HAKE","GOM",0.933100130131724,"MeanCond"
2007,"RED HAKE","MAB",0.943284246441339,"MeanCond"
2007,"RED HAKE","SS",0.941990911550416,"MeanCond"
2008,"RED HAKE","GB",1.04112805212642,"MeanCond"
2008,"RED HAKE","GOM",0.950175335869359,"MeanCond"
2008,"RED HAKE","MAB",0.969767503246712,"MeanCond"
2008,"RED HAKE","SS",1.01779456289026,"MeanCond"
2009,"RED HAKE","GB",0.965977898710946,"MeanCond"
2009,"RED HAKE","GOM",0.972244826970716,"MeanCond"
2009,"RED HAKE","MAB",1.01333142075394,"MeanCond"
2009,"RED HAKE","SS",1.01365943407938,"MeanCond"
2010,"RED HAKE","GB",0.943715941322314,"MeanCond"
2010,"RED HAKE","GOM",0.983871684323375,"MeanCond"
2010,"RED HAKE","MAB",0.997941783869446,"MeanCond"
2010,"RED HAKE","SS",1.01031369922586,"MeanCond"
2011,"RED HAKE","GB",0.997110197634177,"MeanCond"
2011,"RED HAKE","GOM",1.00271013982514,"MeanCond"
2011,"RED HAKE","MAB",1.01487667367016,"MeanCond"
2011,"RED HAKE","SS",0.967369034059685,"MeanCond"
2012,"RED HAKE","GB",0.97304147097078,"MeanCond"
2012,"RED HAKE","GOM",1.03241534262974,"MeanCond"
2012,"RED HAKE","MAB",0.979537794412568,"MeanCond"
2012,"RED HAKE","SS",1.05031114864701,"MeanCond"
2013,"RED HAKE","GB",1.03227103833996,"MeanCond"
2013,"RED HAKE","GOM",1.02617172858903,"MeanCond"
2013,"RED HAKE","MAB",1.0502537066562,"MeanCond"
2013,"RED HAKE","SS",1.03863659776169,"MeanCond"
2014,"RED HAKE","GB",0.996830664023691,"MeanCond"
2014,"RED HAKE","GOM",1.02411713296654,"MeanCond"
2014,"RED HAKE","MAB",1.00431753995425,"MeanCond"
2014,"RED HAKE","SS",0.99471463685224,"MeanCond"
2015,"RED HAKE","GB",1.01056158685216,"MeanCond"
2015,"RED HAKE","GOM",1.00850486680351,"MeanCond"
2015,"RED HAKE","MAB",1.04088890777584,"MeanCond"
2015,"RED HAKE","SS",1.02802149188393,"MeanCond"
2016,"RED HAKE","GB",0.991193353466636,"MeanCond"
2016,"RED HAKE","GOM",1.00349248458633,"MeanCond"
2016,"RED HAKE","MAB",1.02312929312468,"MeanCond"
2016,"RED HAKE","SS",1.03111543843958,"MeanCond"
2017,"RED HAKE","GB",0.974724426083395,"MeanCond"
2017,"RED HAKE","GOM",0.987813882529049,"MeanCond"
2017,"RED HAKE","SS",0.951060509280655,"MeanCond"
2018,"RED HAKE","GB",1.02330263306122,"MeanCond"
2018,"RED HAKE","GOM",1.01834750844466,"MeanCond"
2018,"RED HAKE","MAB",1.033602198681,"MeanCond"
2019,"RED HAKE","GB",1.00421879881609,"MeanCond"
2019,"RED HAKE","GOM",0.984832297664856,"MeanCond"
2019,"RED HAKE","MAB",1.01288595976314,"MeanCond"
2019,"RED HAKE","SS",0.999857672496099,"MeanCond"
2021,"RED HAKE","GB",1.01608801832191,"MeanCond"
2021,"RED HAKE","GOM",0.986422901671793,"MeanCond"
2021,"RED HAKE","MAB",0.994803049722814,"MeanCond"
2021,"RED HAKE","SS",1.04952129205628,"MeanCond"
2022,"RED HAKE","GB",1.00343694896362,"MeanCond"
2022,"RED HAKE","GOM",1.00269401985686,"MeanCond"
2022,"RED HAKE","MAB",1.0270995554157,"MeanCond"
2022,"RED HAKE","SS",1.00966273452331,"MeanCond"
2023,"RED HAKE","GB",1.03229019389689,"MeanCond"
2023,"RED HAKE","GOM",0.951080475278203,"MeanCond"
2023,"RED HAKE","MAB",1.05152506181006,"MeanCond"
2023,"RED HAKE","SS",0.948040853118068,"MeanCond"
2024,"RED HAKE","GB",0.923280198313294,"MeanCond"
2024,"RED HAKE","GOM",0.925243073799673,"MeanCond"
2024,"RED HAKE","MAB",0.995388258035445,"MeanCond"
2024,"RED HAKE","SS",0.923948370388522,"MeanCond"
2025,"RED HAKE","GB",1.00065936878906,"MeanCond"
2025,"RED HAKE","GOM",0.974554359229652,"MeanCond"
2025,"RED HAKE","MAB",1.00115559442322,"MeanCond"
2025,"RED HAKE","SS",0.989322247325026,"MeanCond"
1996,"ROSETTE SKATE","MAB",1.01844010855507,"MeanCond"
1999,"ROSETTE SKATE","MAB",0.997674326622601,"MeanCond"
2000,"ROSETTE SKATE","MAB",1.05104542888731,"MeanCond"
2001,"ROSETTE SKATE","MAB",0.93052196833917,"MeanCond"
2002,"ROSETTE SKATE","MAB",0.992536528122534,"MeanCond"
2003,"ROSETTE SKATE","MAB",1.04041885937635,"MeanCond"
2004,"ROSETTE SKATE","MAB",0.972726266363236,"MeanCond"
2005,"ROSETTE SKATE","MAB",0.995229583808669,"MeanCond"
2006,"ROSETTE SKATE","MAB",0.988861716974523,"MeanCond"
2007,"ROSETTE SKATE","MAB",0.95946894078911,"MeanCond"
2008,"ROSETTE SKATE","MAB",0.922991863695707,"MeanCond"
2009,"ROSETTE SKATE","MAB",0.96121013699677,"MeanCond"
2010,"ROSETTE SKATE","MAB",0.960488410418805,"MeanCond"
2011,"ROSETTE SKATE","MAB",1.0066128964663,"MeanCond"
2012,"ROSETTE SKATE","MAB",0.970013810407604,"MeanCond"
2013,"ROSETTE SKATE","MAB",1.01165931221618,"MeanCond"
2014,"ROSETTE SKATE","MAB",1.00253069322263,"MeanCond"
2015,"ROSETTE SKATE","MAB",1.00984924689606,"MeanCond"
2016,"ROSETTE SKATE","MAB",0.99218189895428,"MeanCond"
2018,"ROSETTE SKATE","MAB",1.00290322616079,"MeanCond"
2019,"ROSETTE SKATE","MAB",1.0092241746741,"MeanCond"
2021,"ROSETTE SKATE","MAB",1.02597482466721,"MeanCond"
2022,"ROSETTE SKATE","MAB",0.991709086055977,"MeanCond"
2023,"ROSETTE SKATE","MAB",0.995646850372424,"MeanCond"
2024,"ROSETTE SKATE","MAB",0.977388357329494,"MeanCond"
2025,"ROSETTE SKATE","MAB",0.974845330195809,"MeanCond"
1997,"ROUGHTAIL STINGRAY","MAB",0.906013114603586,"MeanCond"
1998,"ROUGHTAIL STINGRAY","MAB",0.971410209029144,"MeanCond"
2000,"ROUGHTAIL STINGRAY","MAB",0.83279528318789,"MeanCond"
2001,"ROUGHTAIL STINGRAY","MAB",0.930593014154885,"MeanCond"
2002,"ROUGHTAIL STINGRAY","MAB",1.06209979951682,"MeanCond"
2003,"ROUGHTAIL STINGRAY","MAB",0.889627380686535,"MeanCond"
2004,"ROUGHTAIL STINGRAY","MAB",0.925234243285568,"MeanCond"
2005,"ROUGHTAIL STINGRAY","MAB",0.930872454954467,"MeanCond"
2006,"ROUGHTAIL STINGRAY","MAB",0.917633320967033,"MeanCond"
2007,"ROUGHTAIL STINGRAY","MAB",0.924278880230454,"MeanCond"
2008,"ROUGHTAIL STINGRAY","MAB",0.900339168421841,"MeanCond"
2009,"ROUGHTAIL STINGRAY","MAB",0.89037500064381,"MeanCond"
2010,"ROUGHTAIL STINGRAY","MAB",0.919252104221926,"MeanCond"
2011,"ROUGHTAIL STINGRAY","MAB",0.90989854932712,"MeanCond"
2012,"ROUGHTAIL STINGRAY","MAB",0.919491591298792,"MeanCond"
2013,"ROUGHTAIL STINGRAY","MAB",0.890665871674882,"MeanCond"
2014,"ROUGHTAIL STINGRAY","MAB",0.95351165949986,"MeanCond"
2015,"ROUGHTAIL STINGRAY","MAB",0.915963843425592,"MeanCond"
2016,"ROUGHTAIL STINGRAY","MAB",0.89440536007691,"MeanCond"
2018,"ROUGHTAIL STINGRAY","MAB",0.884905367454446,"MeanCond"
2019,"ROUGHTAIL STINGRAY","MAB",0.892354766509031,"MeanCond"
2021,"ROUGHTAIL STINGRAY","MAB",0.805952701435036,"MeanCond"
2022,"ROUGHTAIL STINGRAY","MAB",0.862117572377427,"MeanCond"
2023,"ROUGHTAIL STINGRAY","MAB",0.787689109575044,"MeanCond"
2025,"ROUGHTAIL STINGRAY","MAB",0.850652824042708,"MeanCond"
1992,"SCUP","GB",0.991985471347081,"MeanCond"
1992,"SCUP","GOM",0.956309707788234,"MeanCond"
1992,"SCUP","MAB",0.981019710733949,"MeanCond"
1993,"SCUP","GB",0.848715435893294,"MeanCond"
1993,"SCUP","GOM",0.884393583136965,"MeanCond"
1993,"SCUP","MAB",1.00276421752714,"MeanCond"
1993,"SCUP",NA,0.932570699282729,"MeanCond"
1994,"SCUP","GB",0.851852711998476,"MeanCond"
1994,"SCUP","GOM",0.803767845009456,"MeanCond"
1994,"SCUP","MAB",1.02797340081492,"MeanCond"
1994,"SCUP",NA,1.00247305249874,"MeanCond"
1995,"SCUP","GB",0.981277569653403,"MeanCond"
1995,"SCUP","MAB",1.03997691545351,"MeanCond"
1995,"SCUP",NA,1.07869566659471,"MeanCond"
1996,"SCUP","GB",0.942960727736162,"MeanCond"
1996,"SCUP","GOM",0.918365438090834,"MeanCond"
1996,"SCUP","MAB",1.01227469538466,"MeanCond"
1996,"SCUP",NA,0.962421401139261,"MeanCond"
1997,"SCUP","MAB",0.996650050414306,"MeanCond"
1997,"SCUP",NA,0.969127354821699,"MeanCond"
1998,"SCUP","GB",0.96651801420842,"MeanCond"
1998,"SCUP","MAB",0.983161267573175,"MeanCond"
1999,"SCUP","GB",0.995511651739739,"MeanCond"
1999,"SCUP","GOM",1.02746019127213,"MeanCond"
1999,"SCUP","MAB",0.987724192667327,"MeanCond"
1999,"SCUP",NA,0.948225820035408,"MeanCond"
2000,"SCUP","GB",0.976576083247765,"MeanCond"
2000,"SCUP","GOM",0.963062940216126,"MeanCond"
2000,"SCUP","MAB",0.995545196437754,"MeanCond"
2000,"SCUP",NA,0.946916547079852,"MeanCond"
2001,"SCUP","GB",0.907200984573598,"MeanCond"
2001,"SCUP","GOM",0.913762931162559,"MeanCond"
2001,"SCUP","MAB",0.930647139256626,"MeanCond"
2001,"SCUP",NA,0.950947356628229,"MeanCond"
2002,"SCUP","GB",0.780458651153907,"MeanCond"
2002,"SCUP","GOM",0.863378766341969,"MeanCond"
2002,"SCUP","MAB",0.929789673972127,"MeanCond"
2002,"SCUP",NA,0.936451673803797,"MeanCond"
2003,"SCUP","GB",0.874311638664208,"MeanCond"
2003,"SCUP","MAB",0.955458159629141,"MeanCond"
2003,"SCUP",NA,1.02416107536316,"MeanCond"
2004,"SCUP","GB",0.935582199000585,"MeanCond"
2004,"SCUP","GOM",0.782152408643166,"MeanCond"
2004,"SCUP","MAB",0.927254661931148,"MeanCond"
2004,"SCUP",NA,0.817496526043145,"MeanCond"
2005,"SCUP","GB",0.886142149831424,"MeanCond"
2005,"SCUP","GOM",0.698913653522878,"MeanCond"
2005,"SCUP","MAB",0.935510692107323,"MeanCond"
2005,"SCUP",NA,0.893779867921629,"MeanCond"
2006,"SCUP","GB",0.841459909751904,"MeanCond"
2006,"SCUP","GOM",0.909607080535911,"MeanCond"
2006,"SCUP","MAB",0.939717955164358,"MeanCond"
2006,"SCUP",NA,0.916942766800857,"MeanCond"
2007,"SCUP","GB",0.932661399941792,"MeanCond"
2007,"SCUP","GOM",0.978247785890352,"MeanCond"
2007,"SCUP","MAB",0.946636351357318,"MeanCond"
2007,"SCUP",NA,0.926776336446196,"MeanCond"
2008,"SCUP","GB",0.923618934323639,"MeanCond"
2008,"SCUP","GOM",0.767659866544348,"MeanCond"
2008,"SCUP","MAB",0.906424765229589,"MeanCond"
2008,"SCUP",NA,0.896443337763781,"MeanCond"
2009,"SCUP","GB",0.915089124827998,"MeanCond"
2009,"SCUP","GOM",0.89738793282237,"MeanCond"
2009,"SCUP","MAB",0.955187419897505,"MeanCond"
2009,"SCUP",NA,0.932940232545329,"MeanCond"
2010,"SCUP","GB",0.917000532221422,"MeanCond"
2010,"SCUP","GOM",0.926821268820693,"MeanCond"
2010,"SCUP","MAB",0.949845043094339,"MeanCond"
2010,"SCUP",NA,0.95845201331775,"MeanCond"
2011,"SCUP","GB",0.930093887090776,"MeanCond"
2011,"SCUP","GOM",0.913598460268767,"MeanCond"
2011,"SCUP","MAB",0.950268630132276,"MeanCond"
2011,"SCUP",NA,0.935195156401584,"MeanCond"
2012,"SCUP","GB",0.911877859322141,"MeanCond"
2012,"SCUP","GOM",0.892686399000954,"MeanCond"
2012,"SCUP","MAB",0.916754458152672,"MeanCond"
2012,"SCUP",NA,0.942629221162144,"MeanCond"
2013,"SCUP","GB",0.941437148181158,"MeanCond"
2013,"SCUP","GOM",0.94461199868332,"MeanCond"
2013,"SCUP","MAB",0.952181161801119,"MeanCond"
2013,"SCUP",NA,1.02232077708548,"MeanCond"
2014,"SCUP","GB",0.910089681961585,"MeanCond"
2014,"SCUP","GOM",0.915367994495721,"MeanCond"
2014,"SCUP","MAB",0.946625984634127,"MeanCond"
2014,"SCUP",NA,0.934976693421449,"MeanCond"
2015,"SCUP","GB",0.994865793133502,"MeanCond"
2015,"SCUP","GOM",0.925960746100722,"MeanCond"
2015,"SCUP","MAB",0.98404476584846,"MeanCond"
2015,"SCUP",NA,0.911244975749096,"MeanCond"
2016,"SCUP","GB",0.900375788775662,"MeanCond"
2016,"SCUP","GOM",0.888759567095707,"MeanCond"
2016,"SCUP","MAB",0.94931781187316,"MeanCond"
2016,"SCUP",NA,0.890094762311783,"MeanCond"
2018,"SCUP","GB",0.890095122074277,"MeanCond"
2018,"SCUP","GOM",0.895052778074738,"MeanCond"
2018,"SCUP","MAB",0.920121789905693,"MeanCond"
2019,"SCUP","GB",0.913484933538764,"MeanCond"
2019,"SCUP","GOM",0.968346548275291,"MeanCond"
2019,"SCUP","MAB",0.934147365590589,"MeanCond"
2019,"SCUP",NA,1.05368910885247,"MeanCond"
2021,"SCUP","GB",0.90393371536589,"MeanCond"
2021,"SCUP","GOM",0.843871154770334,"MeanCond"
2021,"SCUP","MAB",0.898027205649279,"MeanCond"
2022,"SCUP","GB",0.935101434132117,"MeanCond"
2022,"SCUP","GOM",0.905123737007215,"MeanCond"
2022,"SCUP","MAB",0.925228677336577,"MeanCond"
2023,"SCUP","GB",0.907554545273671,"MeanCond"
2023,"SCUP","GOM",0.903661332880551,"MeanCond"
2023,"SCUP","MAB",0.918589123357536,"MeanCond"
2024,"SCUP","GB",0.928383239328175,"MeanCond"
2024,"SCUP","GOM",0.868536885427526,"MeanCond"
2024,"SCUP","MAB",0.891455741256621,"MeanCond"
2024,"SCUP",NA,1.04338971696849,"MeanCond"
2025,"SCUP","GB",0.874353402238193,"MeanCond"
2025,"SCUP","GOM",0.82502310133204,"MeanCond"
2025,"SCUP","MAB",0.935908662884225,"MeanCond"
2025,"SCUP",NA,0.896962367040115,"MeanCond"
1992,"SEA RAVEN","GB",0.934107747178358,"MeanCond"
1992,"SEA RAVEN","GOM",1.00628851674073,"MeanCond"
1992,"SEA RAVEN","MAB",0.980201409942236,"MeanCond"
1992,"SEA RAVEN","SS",0.930712514776148,"MeanCond"
1993,"SEA RAVEN","GB",0.967410266911422,"MeanCond"
1993,"SEA RAVEN","GOM",0.900728841927675,"MeanCond"
1993,"SEA RAVEN","MAB",1.0722384972635,"MeanCond"
1993,"SEA RAVEN","SS",0.969484392154413,"MeanCond"
1994,"SEA RAVEN","GB",0.985566647791358,"MeanCond"
1994,"SEA RAVEN","GOM",1.04866133882278,"MeanCond"
1994,"SEA RAVEN","MAB",0.906123072626116,"MeanCond"
1994,"SEA RAVEN","SS",1.07794684648098,"MeanCond"
1995,"SEA RAVEN","GB",0.998346993894649,"MeanCond"
1995,"SEA RAVEN","GOM",1.00407123855306,"MeanCond"
1995,"SEA RAVEN","SS",0.951684602757006,"MeanCond"
1996,"SEA RAVEN","GB",1.051179348661,"MeanCond"
1996,"SEA RAVEN","GOM",0.975202410006637,"MeanCond"
1996,"SEA RAVEN","MAB",1.00539781788414,"MeanCond"
1996,"SEA RAVEN","SS",1.02601292309679,"MeanCond"
1997,"SEA RAVEN","GB",1.02669631497283,"MeanCond"
1997,"SEA RAVEN","GOM",1.15271504806256,"MeanCond"
1997,"SEA RAVEN","MAB",0.999231974974859,"MeanCond"
1997,"SEA RAVEN","SS",0.874164669272969,"MeanCond"
1999,"SEA RAVEN","GB",1.00035674834032,"MeanCond"
1999,"SEA RAVEN","GOM",0.995389183743081,"MeanCond"
1999,"SEA RAVEN","MAB",1.05471246354759,"MeanCond"
1999,"SEA RAVEN","SS",0.891295194116277,"MeanCond"
2000,"SEA RAVEN","GB",1.00560559871745,"MeanCond"
2000,"SEA RAVEN","GOM",0.991699780117808,"MeanCond"
2000,"SEA RAVEN","MAB",1.09790647069739,"MeanCond"
2000,"SEA RAVEN","SS",0.890137158817641,"MeanCond"
2001,"SEA RAVEN","GB",0.967113912718124,"MeanCond"
2001,"SEA RAVEN","GOM",0.964805036594883,"MeanCond"
2001,"SEA RAVEN","MAB",0.849969621687635,"MeanCond"
2001,"SEA RAVEN","SS",0.879815279653268,"MeanCond"
2002,"SEA RAVEN","GB",0.978263601872649,"MeanCond"
2002,"SEA RAVEN","GOM",0.957259815605033,"MeanCond"
2002,"SEA RAVEN","MAB",0.893566536733503,"MeanCond"
2002,"SEA RAVEN","SS",0.96471744305747,"MeanCond"
2003,"SEA RAVEN","GB",0.984435414563994,"MeanCond"
2003,"SEA RAVEN","GOM",0.954707077966301,"MeanCond"
2003,"SEA RAVEN","MAB",0.848662954204881,"MeanCond"
2003,"SEA RAVEN","SS",0.950960171664228,"MeanCond"
2004,"SEA RAVEN","GB",1.00086039715538,"MeanCond"
2004,"SEA RAVEN","GOM",1.01137728329141,"MeanCond"
2004,"SEA RAVEN","SS",0.989961489273663,"MeanCond"
2005,"SEA RAVEN","GB",0.949017806898494,"MeanCond"
2005,"SEA RAVEN","GOM",0.953027825860273,"MeanCond"
2005,"SEA RAVEN","MAB",0.932158276069609,"MeanCond"
2005,"SEA RAVEN","SS",0.994172179478312,"MeanCond"
2006,"SEA RAVEN","GB",0.975329390116228,"MeanCond"
2006,"SEA RAVEN","GOM",1.03666333086955,"MeanCond"
2006,"SEA RAVEN","MAB",1.008803789848,"MeanCond"
2006,"SEA RAVEN","SS",0.997698554027104,"MeanCond"
2007,"SEA RAVEN","GB",0.937927873115877,"MeanCond"
2007,"SEA RAVEN","GOM",0.943003428881457,"MeanCond"
2007,"SEA RAVEN","MAB",0.861558204054961,"MeanCond"
2007,"SEA RAVEN","SS",0.937241129834466,"MeanCond"
2008,"SEA RAVEN","GB",0.989912780781783,"MeanCond"
2008,"SEA RAVEN","GOM",0.944306550396075,"MeanCond"
2008,"SEA RAVEN","MAB",0.979229045372959,"MeanCond"
2008,"SEA RAVEN","SS",1.01935671840584,"MeanCond"
2009,"SEA RAVEN","GB",0.977323706923659,"MeanCond"
2009,"SEA RAVEN","GOM",0.903869961550747,"MeanCond"
2009,"SEA RAVEN","MAB",1.00107964777952,"MeanCond"
2009,"SEA RAVEN","SS",0.987791606435544,"MeanCond"
2010,"SEA RAVEN","GB",0.955439828410588,"MeanCond"
2010,"SEA RAVEN","GOM",0.882557826304918,"MeanCond"
2010,"SEA RAVEN","MAB",0.92512273273854,"MeanCond"
2010,"SEA RAVEN","SS",0.938514372900421,"MeanCond"
2011,"SEA RAVEN","GB",0.949485996451335,"MeanCond"
2011,"SEA RAVEN","GOM",0.956456489729013,"MeanCond"
2011,"SEA RAVEN","MAB",0.957884566886069,"MeanCond"
2011,"SEA RAVEN","SS",1.00009587429942,"MeanCond"
2012,"SEA RAVEN","GB",0.964341928600604,"MeanCond"
2012,"SEA RAVEN","GOM",0.991044682345615,"MeanCond"
2012,"SEA RAVEN","MAB",0.949060783622394,"MeanCond"
2012,"SEA RAVEN","SS",0.896148326384687,"MeanCond"
2013,"SEA RAVEN","GB",0.913304843799931,"MeanCond"
2013,"SEA RAVEN","GOM",1.08361811381619,"MeanCond"
2013,"SEA RAVEN","MAB",0.85547673054578,"MeanCond"
2013,"SEA RAVEN","SS",1.10560011108004,"MeanCond"
2014,"SEA RAVEN","GB",1.02350231535222,"MeanCond"
2014,"SEA RAVEN","GOM",0.964323243903865,"MeanCond"
2014,"SEA RAVEN","MAB",0.934268530965985,"MeanCond"
2014,"SEA RAVEN","SS",0.894231966910175,"MeanCond"
2015,"SEA RAVEN","GB",0.993864256785387,"MeanCond"
2015,"SEA RAVEN","GOM",0.979880355841742,"MeanCond"
2016,"SEA RAVEN","GB",1.01522325898011,"MeanCond"
2016,"SEA RAVEN","GOM",0.971984423093314,"MeanCond"
2016,"SEA RAVEN","SS",0.996559089685749,"MeanCond"
2017,"SEA RAVEN","GB",0.977125366720129,"MeanCond"
2017,"SEA RAVEN","GOM",1.00284859713927,"MeanCond"
2018,"SEA RAVEN","GB",0.889971461288251,"MeanCond"
2018,"SEA RAVEN","GOM",0.998532072904876,"MeanCond"
2019,"SEA RAVEN","GB",0.959490933700682,"MeanCond"
2019,"SEA RAVEN","GOM",0.935136633765269,"MeanCond"
2019,"SEA RAVEN","SS",0.977734377028085,"MeanCond"
2021,"SEA RAVEN","GB",0.994193957854893,"MeanCond"
2021,"SEA RAVEN","GOM",0.933701722678618,"MeanCond"
2022,"SEA RAVEN","GB",0.949301028908689,"MeanCond"
2022,"SEA RAVEN","GOM",0.963447267572667,"MeanCond"
2023,"SEA RAVEN","GB",1.03388717345492,"MeanCond"
2023,"SEA RAVEN","GOM",0.991983678833074,"MeanCond"
2023,"SEA RAVEN","SS",1.02219762716132,"MeanCond"
2024,"SEA RAVEN","GB",0.935668602318586,"MeanCond"
2024,"SEA RAVEN","GOM",0.946224811241998,"MeanCond"
2025,"SEA RAVEN","GB",0.901729815650943,"MeanCond"
2025,"SEA RAVEN","GOM",0.932343969848366,"MeanCond"
1992,"SILVER HAKE","GB",0.97577051889275,"MeanCond"
1992,"SILVER HAKE","GOM",0.971298854119312,"MeanCond"
1992,"SILVER HAKE","MAB",1.05739071003348,"MeanCond"
1992,"SILVER HAKE","SS",0.999214214963497,"MeanCond"
1993,"SILVER HAKE","GB",0.925505659434408,"MeanCond"
1993,"SILVER HAKE","GOM",0.974709905786024,"MeanCond"
1993,"SILVER HAKE","MAB",0.985383101767376,"MeanCond"
1993,"SILVER HAKE","SS",0.967106959634331,"MeanCond"
1994,"SILVER HAKE","GB",0.982620947233424,"MeanCond"
1994,"SILVER HAKE","GOM",1.00576208144351,"MeanCond"
1994,"SILVER HAKE","MAB",1.01837905974769,"MeanCond"
1994,"SILVER HAKE","SS",1.02856344643685,"MeanCond"
1995,"SILVER HAKE","GB",1.00843328091843,"MeanCond"
1995,"SILVER HAKE","GOM",0.997665683283416,"MeanCond"
1995,"SILVER HAKE","MAB",1.01728740244562,"MeanCond"
1995,"SILVER HAKE","SS",1.02733368939337,"MeanCond"
1996,"SILVER HAKE","GB",0.981543177596983,"MeanCond"
1996,"SILVER HAKE","GOM",0.985799835090242,"MeanCond"
1996,"SILVER HAKE","MAB",1.03596800842467,"MeanCond"
1996,"SILVER HAKE","SS",1.03455234095575,"MeanCond"
1997,"SILVER HAKE","GB",1.03085954092334,"MeanCond"
1997,"SILVER HAKE","GOM",1.04793026545863,"MeanCond"
1997,"SILVER HAKE","MAB",0.990391898219796,"MeanCond"
1997,"SILVER HAKE","SS",1.05042720484959,"MeanCond"
1998,"SILVER HAKE","GB",0.981381555239022,"MeanCond"
1998,"SILVER HAKE","GOM",0.992729112776504,"MeanCond"
1998,"SILVER HAKE","MAB",1.01609137177192,"MeanCond"
1998,"SILVER HAKE","SS",1.00571296344161,"MeanCond"
1999,"SILVER HAKE","GB",1.02090160505361,"MeanCond"
1999,"SILVER HAKE","GOM",1.01165441009611,"MeanCond"
1999,"SILVER HAKE","MAB",0.981277844135808,"MeanCond"
1999,"SILVER HAKE","SS",1.01803079147422,"MeanCond"
2000,"SILVER HAKE","GB",1.01116337065568,"MeanCond"
2000,"SILVER HAKE","GOM",0.961014278792936,"MeanCond"
2000,"SILVER HAKE","MAB",1.05316179178024,"MeanCond"
2000,"SILVER HAKE","SS",0.966433550395489,"MeanCond"
2001,"SILVER HAKE","GB",0.951961409308902,"MeanCond"
2001,"SILVER HAKE","GOM",0.972901702537969,"MeanCond"
2001,"SILVER HAKE","MAB",1.0107146011639,"MeanCond"
2001,"SILVER HAKE","SS",0.95825680167812,"MeanCond"
2002,"SILVER HAKE","GB",0.973278651122822,"MeanCond"
2002,"SILVER HAKE","GOM",1.01611982125549,"MeanCond"
2002,"SILVER HAKE","MAB",1.0079061890933,"MeanCond"
2002,"SILVER HAKE","SS",1.01359267101318,"MeanCond"
2003,"SILVER HAKE","GB",0.993129484615112,"MeanCond"
2003,"SILVER HAKE","GOM",0.968706877184048,"MeanCond"
2003,"SILVER HAKE","MAB",1.04447205925016,"MeanCond"
2003,"SILVER HAKE","SS",0.965225393568291,"MeanCond"
2004,"SILVER HAKE","GB",0.953610147069395,"MeanCond"
2004,"SILVER HAKE","GOM",0.984302717665244,"MeanCond"
2004,"SILVER HAKE","MAB",0.978734264456049,"MeanCond"
2004,"SILVER HAKE","SS",0.986570599435651,"MeanCond"
2005,"SILVER HAKE","GB",0.955443526417905,"MeanCond"
2005,"SILVER HAKE","GOM",1.01863953774276,"MeanCond"
2005,"SILVER HAKE","MAB",1.03924066652727,"MeanCond"
2005,"SILVER HAKE","SS",1.00949508967481,"MeanCond"
2006,"SILVER HAKE","GB",0.973361423756186,"MeanCond"
2006,"SILVER HAKE","GOM",1.01640465573483,"MeanCond"
2006,"SILVER HAKE","MAB",0.965523014242373,"MeanCond"
2006,"SILVER HAKE","SS",1.06273203326319,"MeanCond"
2007,"SILVER HAKE","GB",0.987347427780943,"MeanCond"
2007,"SILVER HAKE","GOM",0.993348186538866,"MeanCond"
2007,"SILVER HAKE","MAB",1.01049170382003,"MeanCond"
2007,"SILVER HAKE","SS",0.9993794342234,"MeanCond"
2008,"SILVER HAKE","GB",0.970458679274462,"MeanCond"
2008,"SILVER HAKE","GOM",0.979766088155223,"MeanCond"
2008,"SILVER HAKE","MAB",0.963029899746224,"MeanCond"
2008,"SILVER HAKE","SS",0.991870558073647,"MeanCond"
2009,"SILVER HAKE","GB",0.974048383677602,"MeanCond"
2009,"SILVER HAKE","GOM",0.995677374579524,"MeanCond"
2009,"SILVER HAKE","MAB",1.0201443052262,"MeanCond"
2009,"SILVER HAKE","SS",0.987725986340517,"MeanCond"
2010,"SILVER HAKE","GB",1.02122401476064,"MeanCond"
2010,"SILVER HAKE","GOM",1.02778692328704,"MeanCond"
2010,"SILVER HAKE","MAB",1.01694810140516,"MeanCond"
2010,"SILVER HAKE","SS",1.01827131540796,"MeanCond"
2011,"SILVER HAKE","GB",1.00466250223822,"MeanCond"
2011,"SILVER HAKE","GOM",1.04618432101203,"MeanCond"
2011,"SILVER HAKE","MAB",1.02887935992865,"MeanCond"
2011,"SILVER HAKE","SS",1.00507727435873,"MeanCond"
2012,"SILVER HAKE","GB",0.990368583577019,"MeanCond"
2012,"SILVER HAKE","GOM",1.01033985737302,"MeanCond"
2012,"SILVER HAKE","MAB",0.997412847637534,"MeanCond"
2012,"SILVER HAKE","SS",1.03676532160725,"MeanCond"
2013,"SILVER HAKE","GB",1.03720227199843,"MeanCond"
2013,"SILVER HAKE","GOM",1.01394360412064,"MeanCond"
2013,"SILVER HAKE","MAB",1.06126194624164,"MeanCond"
2013,"SILVER HAKE","SS",1.05960384415179,"MeanCond"
2014,"SILVER HAKE","GB",1.00712241666679,"MeanCond"
2014,"SILVER HAKE","GOM",1.02372369642689,"MeanCond"
2014,"SILVER HAKE","MAB",1.01050097247584,"MeanCond"
2014,"SILVER HAKE","SS",0.992154720429242,"MeanCond"
2015,"SILVER HAKE","GB",1.02584651521883,"MeanCond"
2015,"SILVER HAKE","GOM",1.03783579614058,"MeanCond"
2015,"SILVER HAKE","MAB",1.04513689986379,"MeanCond"
2015,"SILVER HAKE","SS",1.06602047163097,"MeanCond"
2016,"SILVER HAKE","GB",1.02335130933829,"MeanCond"
2016,"SILVER HAKE","GOM",1.02030117015514,"MeanCond"
2016,"SILVER HAKE","MAB",1.03331805951971,"MeanCond"
2016,"SILVER HAKE","SS",1.01884950967747,"MeanCond"
2017,"SILVER HAKE","GB",0.984662264572848,"MeanCond"
2017,"SILVER HAKE","GOM",0.982985011188837,"MeanCond"
2017,"SILVER HAKE","SS",0.994180678806779,"MeanCond"
2018,"SILVER HAKE","GB",0.98483513181269,"MeanCond"
2018,"SILVER HAKE","GOM",0.980951440483887,"MeanCond"
2018,"SILVER HAKE","MAB",1.04098852071262,"MeanCond"
2019,"SILVER HAKE","GB",1.0129744742452,"MeanCond"
2019,"SILVER HAKE","GOM",1.00507846862579,"MeanCond"
2019,"SILVER HAKE","MAB",1.00933151170651,"MeanCond"
2019,"SILVER HAKE","SS",1.01327282975843,"MeanCond"
2021,"SILVER HAKE","GB",1.03050621537159,"MeanCond"
2021,"SILVER HAKE","GOM",1.03394333878752,"MeanCond"
2021,"SILVER HAKE","MAB",1.0282462257941,"MeanCond"
2021,"SILVER HAKE","SS",1.05423688090088,"MeanCond"
2022,"SILVER HAKE","GB",0.99345281954539,"MeanCond"
2022,"SILVER HAKE","GOM",0.985152868266742,"MeanCond"
2022,"SILVER HAKE","MAB",1.04915072427595,"MeanCond"
2022,"SILVER HAKE","SS",0.965479044741865,"MeanCond"
2023,"SILVER HAKE","GB",1.03179392213226,"MeanCond"
2023,"SILVER HAKE","GOM",1.00403638851556,"MeanCond"
2023,"SILVER HAKE","MAB",1.06470555437623,"MeanCond"
2023,"SILVER HAKE","SS",1.01656579440589,"MeanCond"
2024,"SILVER HAKE","GB",0.957355633100143,"MeanCond"
2024,"SILVER HAKE","GOM",0.9773905648744,"MeanCond"
2024,"SILVER HAKE","MAB",1.04063960703643,"MeanCond"
2024,"SILVER HAKE","SS",1.0101197754953,"MeanCond"
2025,"SILVER HAKE","GB",0.99112585340846,"MeanCond"
2025,"SILVER HAKE","GOM",0.979516553447474,"MeanCond"
2025,"SILVER HAKE","MAB",1.01144654416948,"MeanCond"
2025,"SILVER HAKE","SS",0.953095172256681,"MeanCond"
2001,"SMOOTH DOGFISH","GB",0.94149767729529,"MeanCond"
2001,"SMOOTH DOGFISH","MAB",0.947130530374086,"MeanCond"
2002,"SMOOTH DOGFISH","GB",1.02844932332847,"MeanCond"
2002,"SMOOTH DOGFISH","MAB",0.944346638322685,"MeanCond"
2003,"SMOOTH DOGFISH","GB",0.983402313474169,"MeanCond"
2003,"SMOOTH DOGFISH","MAB",0.950841816040816,"MeanCond"
2004,"SMOOTH DOGFISH","GB",1.01609488252132,"MeanCond"
2004,"SMOOTH DOGFISH","MAB",0.969164711670851,"MeanCond"
2005,"SMOOTH DOGFISH","GB",1.01156211869609,"MeanCond"
2005,"SMOOTH DOGFISH","MAB",0.947650649675053,"MeanCond"
2006,"SMOOTH DOGFISH","GB",1.04265300666292,"MeanCond"
2006,"SMOOTH DOGFISH","MAB",0.952930947816365,"MeanCond"
2007,"SMOOTH DOGFISH","GB",0.992835206480057,"MeanCond"
2007,"SMOOTH DOGFISH","MAB",0.968897503851367,"MeanCond"
2008,"SMOOTH DOGFISH","GB",1.05936803206325,"MeanCond"
2008,"SMOOTH DOGFISH","MAB",0.960226337741299,"MeanCond"
2009,"SMOOTH DOGFISH","MAB",0.985397185932215,"MeanCond"
2010,"SMOOTH DOGFISH","GB",1.07843159073705,"MeanCond"
2010,"SMOOTH DOGFISH","MAB",0.973805468037073,"MeanCond"
2011,"SMOOTH DOGFISH","GB",1.02240778890263,"MeanCond"
2011,"SMOOTH DOGFISH","MAB",1.0182125025347,"MeanCond"
2012,"SMOOTH DOGFISH","GB",1.02254156089103,"MeanCond"
2012,"SMOOTH DOGFISH","MAB",0.966020771179802,"MeanCond"
2013,"SMOOTH DOGFISH","GB",1.02122824643426,"MeanCond"
2013,"SMOOTH DOGFISH","MAB",0.948617095229839,"MeanCond"
2014,"SMOOTH DOGFISH","GB",1.01368134439486,"MeanCond"
2014,"SMOOTH DOGFISH","MAB",0.963483270455574,"MeanCond"
2015,"SMOOTH DOGFISH","GB",0.967181395071736,"MeanCond"
2015,"SMOOTH DOGFISH","MAB",0.952769982093318,"MeanCond"
2016,"SMOOTH DOGFISH","GB",0.994260175174852,"MeanCond"
2016,"SMOOTH DOGFISH","MAB",0.976691017540588,"MeanCond"
2018,"SMOOTH DOGFISH","GB",1.03020161706058,"MeanCond"
2018,"SMOOTH DOGFISH","MAB",0.956824256445437,"MeanCond"
2019,"SMOOTH DOGFISH","GB",0.989233808296682,"MeanCond"
2019,"SMOOTH DOGFISH","MAB",0.945003564759437,"MeanCond"
2021,"SMOOTH DOGFISH","GB",1.04693921454227,"MeanCond"
2021,"SMOOTH DOGFISH","MAB",0.946511877073751,"MeanCond"
2022,"SMOOTH DOGFISH","GB",0.976545022117293,"MeanCond"
2022,"SMOOTH DOGFISH","MAB",0.950080971959673,"MeanCond"
2023,"SMOOTH DOGFISH","GB",0.9937679894087,"MeanCond"
2023,"SMOOTH DOGFISH","MAB",0.967098462133782,"MeanCond"
2024,"SMOOTH DOGFISH","GB",0.965759767110621,"MeanCond"
2024,"SMOOTH DOGFISH","MAB",0.942475624899897,"MeanCond"
2025,"SMOOTH DOGFISH","GB",0.946984931206044,"MeanCond"
2025,"SMOOTH DOGFISH","MAB",0.942134934796736,"MeanCond"
1995,"SMOOTH SKATE","GOM",1.00126117616918,"MeanCond"
1996,"SMOOTH SKATE","GOM",0.99624245403014,"MeanCond"
1996,"SMOOTH SKATE","SS",0.899441011490027,"MeanCond"
1999,"SMOOTH SKATE","GOM",1.0084975818791,"MeanCond"
2000,"SMOOTH SKATE","GOM",1.05758179376735,"MeanCond"
2000,"SMOOTH SKATE","SS",0.977260232497423,"MeanCond"
2001,"SMOOTH SKATE","GOM",0.953072834266835,"MeanCond"
2001,"SMOOTH SKATE","SS",0.874855046454816,"MeanCond"
2002,"SMOOTH SKATE","GOM",0.957035982891135,"MeanCond"
2002,"SMOOTH SKATE","SS",0.905446574141582,"MeanCond"
2003,"SMOOTH SKATE","GOM",0.962217173878018,"MeanCond"
2003,"SMOOTH SKATE","SS",0.95091703789816,"MeanCond"
2004,"SMOOTH SKATE","GOM",0.943285170609206,"MeanCond"
2004,"SMOOTH SKATE","SS",0.991639401093869,"MeanCond"
2005,"SMOOTH SKATE","GOM",0.967399681547317,"MeanCond"
2005,"SMOOTH SKATE","SS",1.05968698763369,"MeanCond"
2006,"SMOOTH SKATE","GOM",1.01307248485451,"MeanCond"
2006,"SMOOTH SKATE","SS",1.02173228340116,"MeanCond"
2007,"SMOOTH SKATE","GOM",0.930542960720775,"MeanCond"
2007,"SMOOTH SKATE","SS",1.03484211042331,"MeanCond"
2008,"SMOOTH SKATE","GOM",0.960184363771211,"MeanCond"
2008,"SMOOTH SKATE","SS",1.11898280251068,"MeanCond"
2009,"SMOOTH SKATE","GOM",1.01689339616727,"MeanCond"
2009,"SMOOTH SKATE","SS",1.10025216983457,"MeanCond"
2010,"SMOOTH SKATE","GOM",1.00369201030125,"MeanCond"
2010,"SMOOTH SKATE","SS",1.06375555541561,"MeanCond"
2011,"SMOOTH SKATE","GOM",1.00208291428316,"MeanCond"
2011,"SMOOTH SKATE","SS",1.05147817259508,"MeanCond"
2012,"SMOOTH SKATE","GOM",1.04171810409601,"MeanCond"
2012,"SMOOTH SKATE","SS",1.1323710205689,"MeanCond"
2013,"SMOOTH SKATE","GOM",1.08261294569081,"MeanCond"
2013,"SMOOTH SKATE","SS",1.12898721748483,"MeanCond"
2014,"SMOOTH SKATE","GOM",1.06910824815608,"MeanCond"
2014,"SMOOTH SKATE","SS",1.12355573950952,"MeanCond"
2015,"SMOOTH SKATE","GOM",1.07334657883443,"MeanCond"
2015,"SMOOTH SKATE","SS",1.03327706912007,"MeanCond"
2016,"SMOOTH SKATE","GOM",1.03013940225055,"MeanCond"
2016,"SMOOTH SKATE","SS",1.05673150905453,"MeanCond"
2017,"SMOOTH SKATE","GOM",1.02541953251072,"MeanCond"
2017,"SMOOTH SKATE","SS",0.99546871329194,"MeanCond"
2018,"SMOOTH SKATE","GOM",1.08618070728771,"MeanCond"
2019,"SMOOTH SKATE","GOM",0.986014944858836,"MeanCond"
2019,"SMOOTH SKATE","SS",1.01744077517226,"MeanCond"
2021,"SMOOTH SKATE","GOM",1.04705909494717,"MeanCond"
2021,"SMOOTH SKATE","SS",1.05254657628908,"MeanCond"
2022,"SMOOTH SKATE","GOM",1.03079848589978,"MeanCond"
2022,"SMOOTH SKATE","SS",1.07864788534212,"MeanCond"
2023,"SMOOTH SKATE","GOM",1.01069051640915,"MeanCond"
2023,"SMOOTH SKATE","SS",1.02961543286678,"MeanCond"
2024,"SMOOTH SKATE","GOM",0.950449108662375,"MeanCond"
2024,"SMOOTH SKATE","SS",1.0440086609159,"MeanCond"
2025,"SMOOTH SKATE","GOM",0.973284361595176,"MeanCond"
2025,"SMOOTH SKATE","SS",1.075463369447,"MeanCond"
1996,"SPINY BUTTERFLY RAY","MAB",0.982910703836042,"MeanCond"
1997,"SPINY BUTTERFLY RAY","MAB",1.03756412741199,"MeanCond"
1998,"SPINY BUTTERFLY RAY","MAB",0.994306950207435,"MeanCond"
1999,"SPINY BUTTERFLY RAY","MAB",0.994314506978179,"MeanCond"
2000,"SPINY BUTTERFLY RAY","MAB",0.978628593166379,"MeanCond"
2001,"SPINY BUTTERFLY RAY","MAB",0.911881190047903,"MeanCond"
2002,"SPINY BUTTERFLY RAY","MAB",0.933053053028203,"MeanCond"
2003,"SPINY BUTTERFLY RAY","MAB",0.933107600870353,"MeanCond"
2004,"SPINY BUTTERFLY RAY","MAB",0.91338498090805,"MeanCond"
2005,"SPINY BUTTERFLY RAY","MAB",0.93017726317612,"MeanCond"
2006,"SPINY BUTTERFLY RAY","MAB",0.941101615170965,"MeanCond"
2007,"SPINY BUTTERFLY RAY","MAB",0.961024993347895,"MeanCond"
2008,"SPINY BUTTERFLY RAY","MAB",0.914837507506116,"MeanCond"
2009,"SPINY BUTTERFLY RAY","MAB",0.943722115414867,"MeanCond"
2010,"SPINY BUTTERFLY RAY","MAB",0.963361575744799,"MeanCond"
2011,"SPINY BUTTERFLY RAY","MAB",0.91384703544928,"MeanCond"
2012,"SPINY BUTTERFLY RAY","MAB",0.904732350506592,"MeanCond"
2014,"SPINY BUTTERFLY RAY","MAB",0.955208938248266,"MeanCond"
2015,"SPINY BUTTERFLY RAY","MAB",0.887228864291203,"MeanCond"
2016,"SPINY BUTTERFLY RAY","MAB",0.951757946515219,"MeanCond"
2018,"SPINY BUTTERFLY RAY","MAB",0.9365065672685,"MeanCond"
2019,"SPINY BUTTERFLY RAY","MAB",0.974588568363065,"MeanCond"
2021,"SPINY BUTTERFLY RAY","MAB",0.890435261193107,"MeanCond"
2022,"SPINY BUTTERFLY RAY","MAB",0.957792540227127,"MeanCond"
2023,"SPINY BUTTERFLY RAY","MAB",0.947920273366034,"MeanCond"
2024,"SPINY BUTTERFLY RAY","MAB",1.00057632246457,"MeanCond"
2025,"SPINY BUTTERFLY RAY","MAB",0.960011918695022,"MeanCond"
1992,"SPINY DOGFISH","GB",0.97798253239164,"MeanCond"
1992,"SPINY DOGFISH","GOM",1.01794004964097,"MeanCond"
1992,"SPINY DOGFISH","MAB",0.948606752582015,"MeanCond"
1992,"SPINY DOGFISH","SS",1.00463980508367,"MeanCond"
1993,"SPINY DOGFISH","GB",0.973421681514068,"MeanCond"
1993,"SPINY DOGFISH","GOM",1.04777008832792,"MeanCond"
1993,"SPINY DOGFISH","MAB",0.992611427842855,"MeanCond"
1993,"SPINY DOGFISH","SS",0.976961963149754,"MeanCond"
1994,"SPINY DOGFISH","GB",1.01260566206579,"MeanCond"
1994,"SPINY DOGFISH","GOM",1.03625888646484,"MeanCond"
1994,"SPINY DOGFISH","MAB",1.01100286813915,"MeanCond"
1994,"SPINY DOGFISH","SS",0.969143502829424,"MeanCond"
1995,"SPINY DOGFISH","GB",0.972738243864357,"MeanCond"
1995,"SPINY DOGFISH","GOM",1.0252042227523,"MeanCond"
1995,"SPINY DOGFISH","MAB",0.962732215992469,"MeanCond"
1995,"SPINY DOGFISH","SS",0.982837599738726,"MeanCond"
1996,"SPINY DOGFISH","GB",0.976998104183719,"MeanCond"
1996,"SPINY DOGFISH","GOM",1.01360801853865,"MeanCond"
1996,"SPINY DOGFISH","MAB",1.0036590679504,"MeanCond"
1996,"SPINY DOGFISH","SS",1.04566301338895,"MeanCond"
1997,"SPINY DOGFISH","GB",0.969167199578864,"MeanCond"
1997,"SPINY DOGFISH","GOM",1.01278140277326,"MeanCond"
1997,"SPINY DOGFISH","MAB",1.00495097759599,"MeanCond"
1997,"SPINY DOGFISH","SS",0.983298306725415,"MeanCond"
1998,"SPINY DOGFISH","GB",0.962437143721805,"MeanCond"
1998,"SPINY DOGFISH","GOM",0.993730306833083,"MeanCond"
1998,"SPINY DOGFISH","MAB",1.00340867219112,"MeanCond"
1998,"SPINY DOGFISH","SS",0.998778901321817,"MeanCond"
1999,"SPINY DOGFISH","GB",0.991929478389108,"MeanCond"
1999,"SPINY DOGFISH","GOM",1.02629756846668,"MeanCond"
1999,"SPINY DOGFISH","MAB",0.998981201828967,"MeanCond"
1999,"SPINY DOGFISH","SS",0.914795656214138,"MeanCond"
2000,"SPINY DOGFISH","GB",0.98342237098165,"MeanCond"
2000,"SPINY DOGFISH","GOM",1.00163296079335,"MeanCond"
2000,"SPINY DOGFISH","MAB",1.05343813059147,"MeanCond"
2000,"SPINY DOGFISH","SS",0.953080629284138,"MeanCond"
2001,"SPINY DOGFISH","GB",0.966477556672329,"MeanCond"
2001,"SPINY DOGFISH","GOM",0.976282465723491,"MeanCond"
2001,"SPINY DOGFISH","MAB",0.989422775423374,"MeanCond"
2001,"SPINY DOGFISH","SS",0.971926785644076,"MeanCond"
2002,"SPINY DOGFISH","GB",0.992783458054623,"MeanCond"
2002,"SPINY DOGFISH","GOM",1.03075589557852,"MeanCond"
2002,"SPINY DOGFISH","MAB",1.04729940806444,"MeanCond"
2002,"SPINY DOGFISH","SS",0.991414214831546,"MeanCond"
2003,"SPINY DOGFISH","GB",0.983169690328492,"MeanCond"
2003,"SPINY DOGFISH","GOM",0.9917406302709,"MeanCond"
2003,"SPINY DOGFISH","MAB",1.02852079877142,"MeanCond"
2003,"SPINY DOGFISH","SS",0.932261894765266,"MeanCond"
2004,"SPINY DOGFISH","GB",0.995437154920605,"MeanCond"
2004,"SPINY DOGFISH","GOM",0.960058572609924,"MeanCond"
2004,"SPINY DOGFISH","MAB",1.03872759133227,"MeanCond"
2004,"SPINY DOGFISH","SS",0.949984653734647,"MeanCond"
2005,"SPINY DOGFISH","GB",0.975987375456874,"MeanCond"
2005,"SPINY DOGFISH","GOM",0.988410762783308,"MeanCond"
2005,"SPINY DOGFISH","MAB",1.00101327361501,"MeanCond"
2005,"SPINY DOGFISH","SS",0.956667913559507,"MeanCond"
2006,"SPINY DOGFISH","GB",1.00832791125968,"MeanCond"
2006,"SPINY DOGFISH","GOM",1.02086135810873,"MeanCond"
2006,"SPINY DOGFISH","MAB",1.011928671019,"MeanCond"
2006,"SPINY DOGFISH","SS",0.965848278268566,"MeanCond"
2007,"SPINY DOGFISH","GB",1.01052888276988,"MeanCond"
2007,"SPINY DOGFISH","GOM",1.02030039612677,"MeanCond"
2007,"SPINY DOGFISH","MAB",1.01942969323045,"MeanCond"
2007,"SPINY DOGFISH","SS",1.00920847151584,"MeanCond"
2008,"SPINY DOGFISH","GB",1.01128633430235,"MeanCond"
2008,"SPINY DOGFISH","GOM",0.988144485464062,"MeanCond"
2008,"SPINY DOGFISH","MAB",1.01611050865497,"MeanCond"
2008,"SPINY DOGFISH","SS",0.986386311955788,"MeanCond"
2009,"SPINY DOGFISH","GB",0.954165240777929,"MeanCond"
2009,"SPINY DOGFISH","GOM",0.97545995692046,"MeanCond"
2009,"SPINY DOGFISH","MAB",0.968390448232317,"MeanCond"
2009,"SPINY DOGFISH","SS",0.970815745057577,"MeanCond"
2010,"SPINY DOGFISH","GB",0.965857816082402,"MeanCond"
2010,"SPINY DOGFISH","GOM",0.944324385025874,"MeanCond"
2010,"SPINY DOGFISH","MAB",0.965569556478423,"MeanCond"
2010,"SPINY DOGFISH","SS",0.952152428669292,"MeanCond"
2011,"SPINY DOGFISH","GB",0.960495963125059,"MeanCond"
2011,"SPINY DOGFISH","GOM",0.967176072322785,"MeanCond"
2011,"SPINY DOGFISH","MAB",0.999526075906791,"MeanCond"
2012,"SPINY DOGFISH","GB",0.991546230233852,"MeanCond"
2012,"SPINY DOGFISH","GOM",0.991165719503695,"MeanCond"
2012,"SPINY DOGFISH","MAB",1.00760145221899,"MeanCond"
2012,"SPINY DOGFISH","SS",1.01291842023726,"MeanCond"
2013,"SPINY DOGFISH","GB",0.982317730257796,"MeanCond"
2013,"SPINY DOGFISH","GOM",0.994390619743814,"MeanCond"
2013,"SPINY DOGFISH","MAB",1.02027422156231,"MeanCond"
2013,"SPINY DOGFISH","SS",1.06357624790403,"MeanCond"
2014,"SPINY DOGFISH","GB",0.995325785132786,"MeanCond"
2014,"SPINY DOGFISH","GOM",1.00024389472635,"MeanCond"
2014,"SPINY DOGFISH","MAB",0.981843851615338,"MeanCond"
2014,"SPINY DOGFISH","SS",0.970310257738794,"MeanCond"
2015,"SPINY DOGFISH","GB",1.02425306384814,"MeanCond"
2015,"SPINY DOGFISH","GOM",1.02687639939214,"MeanCond"
2015,"SPINY DOGFISH","MAB",1.01952274415371,"MeanCond"
2015,"SPINY DOGFISH","SS",1.00967182901526,"MeanCond"
2016,"SPINY DOGFISH","GB",1.01318871626682,"MeanCond"
2016,"SPINY DOGFISH","GOM",1.01595320256416,"MeanCond"
2016,"SPINY DOGFISH","MAB",1.03904748180195,"MeanCond"
2016,"SPINY DOGFISH","SS",0.995971381693237,"MeanCond"
2017,"SPINY DOGFISH","GB",0.998272630824587,"MeanCond"
2017,"SPINY DOGFISH","GOM",0.987602959637363,"MeanCond"
2017,"SPINY DOGFISH","SS",0.985947732828183,"MeanCond"
2018,"SPINY DOGFISH","GB",1.0158550271481,"MeanCond"
2018,"SPINY DOGFISH","GOM",1.02875542493736,"MeanCond"
2018,"SPINY DOGFISH","MAB",0.998235456038375,"MeanCond"
2019,"SPINY DOGFISH","GB",0.984493246630638,"MeanCond"
2019,"SPINY DOGFISH","GOM",0.992849864390481,"MeanCond"
2019,"SPINY DOGFISH","MAB",1.01601319833517,"MeanCond"
2019,"SPINY DOGFISH","SS",0.98964471820305,"MeanCond"
2021,"SPINY DOGFISH","GB",0.989919681602534,"MeanCond"
2021,"SPINY DOGFISH","GOM",0.99250452405444,"MeanCond"
2021,"SPINY DOGFISH","MAB",1.0134642237887,"MeanCond"
2021,"SPINY DOGFISH","SS",0.976875868263415,"MeanCond"
2022,"SPINY DOGFISH","GB",0.985941067297976,"MeanCond"
2022,"SPINY DOGFISH","GOM",1.00513438251624,"MeanCond"
2022,"SPINY DOGFISH","MAB",0.979851607608178,"MeanCond"
2022,"SPINY DOGFISH","SS",0.996690525018625,"MeanCond"
2023,"SPINY DOGFISH","GB",0.984083649379275,"MeanCond"
2023,"SPINY DOGFISH","GOM",0.975619024469968,"MeanCond"
2023,"SPINY DOGFISH","MAB",0.977785543671084,"MeanCond"
2023,"SPINY DOGFISH","SS",0.982887031245448,"MeanCond"
2024,"SPINY DOGFISH","GB",0.965696543442687,"MeanCond"
2024,"SPINY DOGFISH","GOM",0.980493107374534,"MeanCond"
2024,"SPINY DOGFISH","MAB",0.982082381792212,"MeanCond"
2024,"SPINY DOGFISH","SS",0.970355660999618,"MeanCond"
2025,"SPINY DOGFISH","GB",0.968597251279822,"MeanCond"
2025,"SPINY DOGFISH","GOM",0.981588835627023,"MeanCond"
2025,"SPINY DOGFISH","MAB",0.97640146282723,"MeanCond"
2025,"SPINY DOGFISH","SS",0.93377231411925,"MeanCond"
1992,"SPOT","MAB",0.961209217734763,"MeanCond"
1999,"SPOT","MAB",0.999688036663963,"MeanCond"
2000,"SPOT","MAB",1.00767331712308,"MeanCond"
2001,"SPOT","MAB",0.948584611084114,"MeanCond"
2002,"SPOT","MAB",0.933498757978212,"MeanCond"
2003,"SPOT","MAB",0.984176432886596,"MeanCond"
2004,"SPOT","MAB",0.964380736250765,"MeanCond"
2005,"SPOT","MAB",0.921269160436854,"MeanCond"
2006,"SPOT","MAB",0.940985785579367,"MeanCond"
2007,"SPOT","MAB",0.944237861937624,"MeanCond"
2008,"SPOT","MAB",0.89935815791051,"MeanCond"
2009,"SPOT","MAB",0.965658194725152,"MeanCond"
2010,"SPOT","MAB",0.966719278328195,"MeanCond"
2011,"SPOT","MAB",0.98915906360239,"MeanCond"
2012,"SPOT","MAB",0.911827241645379,"MeanCond"
2013,"SPOT","MAB",0.916039357918413,"MeanCond"
2014,"SPOT","MAB",0.997916532020795,"MeanCond"
2015,"SPOT","MAB",0.95546941512147,"MeanCond"
2016,"SPOT","MAB",0.986620956098149,"MeanCond"
2018,"SPOT","MAB",1.01778623043514,"MeanCond"
2019,"SPOT","MAB",0.973208053747942,"MeanCond"
2021,"SPOT","MAB",0.933936987192534,"MeanCond"
2022,"SPOT","MAB",0.953960433930765,"MeanCond"
2023,"SPOT","MAB",0.937448267793181,"MeanCond"
2024,"SPOT","MAB",0.942042297191982,"MeanCond"
2025,"SPOT","MAB",0.971256519976855,"MeanCond"
1992,"SPOTTED HAKE","GB",0.996730058890843,"MeanCond"
1992,"SPOTTED HAKE","MAB",1.00107839472567,"MeanCond"
1992,"SPOTTED HAKE",NA,1.00440759044886,"MeanCond"
1993,"SPOTTED HAKE","GB",0.979119253210979,"MeanCond"
1993,"SPOTTED HAKE","MAB",1.02261667533109,"MeanCond"
1994,"SPOTTED HAKE","GB",0.966653558486106,"MeanCond"
1994,"SPOTTED HAKE","MAB",1.01121438542297,"MeanCond"
1994,"SPOTTED HAKE",NA,1.01577268942714,"MeanCond"
1995,"SPOTTED HAKE","GB",0.964597958417383,"MeanCond"
1995,"SPOTTED HAKE","MAB",1.01699334968342,"MeanCond"
1996,"SPOTTED HAKE","GB",1.03626255369028,"MeanCond"
1996,"SPOTTED HAKE","MAB",1.00609596860468,"MeanCond"
1996,"SPOTTED HAKE",NA,0.994017067424658,"MeanCond"
1997,"SPOTTED HAKE","GB",0.984114834906347,"MeanCond"
1997,"SPOTTED HAKE","MAB",0.981745542109661,"MeanCond"
1997,"SPOTTED HAKE",NA,0.983649006283241,"MeanCond"
1998,"SPOTTED HAKE","GB",0.990331312458835,"MeanCond"
1998,"SPOTTED HAKE","MAB",0.975195099486206,"MeanCond"
1999,"SPOTTED HAKE","GB",0.958483883283833,"MeanCond"
1999,"SPOTTED HAKE","MAB",1.00345873798915,"MeanCond"
2000,"SPOTTED HAKE","GB",0.950270334169355,"MeanCond"
2000,"SPOTTED HAKE","MAB",0.991419752405097,"MeanCond"
2000,"SPOTTED HAKE",NA,0.964553227439229,"MeanCond"
2001,"SPOTTED HAKE","GB",0.940813480346809,"MeanCond"
2001,"SPOTTED HAKE","MAB",0.984328119229178,"MeanCond"
2002,"SPOTTED HAKE","GB",0.933205290578129,"MeanCond"
2002,"SPOTTED HAKE","MAB",0.952889075589223,"MeanCond"
2002,"SPOTTED HAKE",NA,0.95820265221578,"MeanCond"
2003,"SPOTTED HAKE","GB",1.00418472001411,"MeanCond"
2003,"SPOTTED HAKE","MAB",0.978578054734841,"MeanCond"
2004,"SPOTTED HAKE","GB",0.918641168389573,"MeanCond"
2004,"SPOTTED HAKE","MAB",0.946718759671512,"MeanCond"
2005,"SPOTTED HAKE","GB",0.972109434158,"MeanCond"
2005,"SPOTTED HAKE","MAB",0.96868701928547,"MeanCond"
2005,"SPOTTED HAKE",NA,1.00537431097364,"MeanCond"
2006,"SPOTTED HAKE","GB",0.933091408799143,"MeanCond"
2006,"SPOTTED HAKE","MAB",0.956794163241914,"MeanCond"
2006,"SPOTTED HAKE",NA,0.978996565198617,"MeanCond"
2007,"SPOTTED HAKE","GB",0.925827848095156,"MeanCond"
2007,"SPOTTED HAKE","MAB",0.96146565482312,"MeanCond"
2008,"SPOTTED HAKE","GB",0.981494970810858,"MeanCond"
2008,"SPOTTED HAKE","MAB",0.947794362897458,"MeanCond"
2008,"SPOTTED HAKE",NA,0.957337854377781,"MeanCond"
2009,"SPOTTED HAKE","GB",0.986251406780116,"MeanCond"
2009,"SPOTTED HAKE","MAB",0.97229537843801,"MeanCond"
2009,"SPOTTED HAKE",NA,0.99943284102225,"MeanCond"
2010,"SPOTTED HAKE","GB",0.998455677370912,"MeanCond"
2010,"SPOTTED HAKE","MAB",1.00052166140563,"MeanCond"
2011,"SPOTTED HAKE","GB",0.980391218952798,"MeanCond"
2011,"SPOTTED HAKE","MAB",1.00398750118049,"MeanCond"
2011,"SPOTTED HAKE",NA,0.967877128407606,"MeanCond"
2012,"SPOTTED HAKE","GB",0.957320029539036,"MeanCond"
2012,"SPOTTED HAKE","MAB",0.975799673951823,"MeanCond"
2012,"SPOTTED HAKE",NA,1.02087597260655,"MeanCond"
2013,"SPOTTED HAKE","GB",1.03764077807025,"MeanCond"
2013,"SPOTTED HAKE","MAB",1.00281083029996,"MeanCond"
2013,"SPOTTED HAKE",NA,1.04227578541313,"MeanCond"
2014,"SPOTTED HAKE","GB",0.996764840610623,"MeanCond"
2014,"SPOTTED HAKE","MAB",0.977341296722678,"MeanCond"
2014,"SPOTTED HAKE",NA,0.972587759674627,"MeanCond"
2015,"SPOTTED HAKE","GB",1.02060709384688,"MeanCond"
2015,"SPOTTED HAKE","MAB",0.99023843549641,"MeanCond"
2015,"SPOTTED HAKE",NA,1.0180448101729,"MeanCond"
2016,"SPOTTED HAKE","GB",0.995270503728692,"MeanCond"
2016,"SPOTTED HAKE","MAB",0.994716404859363,"MeanCond"
2016,"SPOTTED HAKE",NA,1.03208195512167,"MeanCond"
2018,"SPOTTED HAKE","GB",0.990455699012376,"MeanCond"
2018,"SPOTTED HAKE","MAB",1.00146313768841,"MeanCond"
2018,"SPOTTED HAKE",NA,1.03086070682849,"MeanCond"
2019,"SPOTTED HAKE","GB",0.985524372146832,"MeanCond"
2019,"SPOTTED HAKE","MAB",0.987717602599944,"MeanCond"
2019,"SPOTTED HAKE",NA,0.977875447384745,"MeanCond"
2021,"SPOTTED HAKE","GB",0.972446960023028,"MeanCond"
2021,"SPOTTED HAKE","MAB",0.992199275420018,"MeanCond"
2021,"SPOTTED HAKE",NA,0.928157193092836,"MeanCond"
2022,"SPOTTED HAKE","GB",0.959193539599162,"MeanCond"
2022,"SPOTTED HAKE","MAB",1.01166751412751,"MeanCond"
2022,"SPOTTED HAKE",NA,1.02255231674335,"MeanCond"
2023,"SPOTTED HAKE","GB",0.999841004868011,"MeanCond"
2023,"SPOTTED HAKE","MAB",1.01929542794253,"MeanCond"
2023,"SPOTTED HAKE",NA,0.981573510858338,"MeanCond"
2024,"SPOTTED HAKE","GB",0.975056574511871,"MeanCond"
2024,"SPOTTED HAKE","MAB",1.01839225466793,"MeanCond"
2024,"SPOTTED HAKE",NA,1.04091653297288,"MeanCond"
2025,"SPOTTED HAKE","GB",0.99456573573961,"MeanCond"
2025,"SPOTTED HAKE","MAB",1.01706601966776,"MeanCond"
2025,"SPOTTED HAKE",NA,1.01091512981352,"MeanCond"
1992,"SUMMER FLOUNDER","GB",1.0260575533295,"MeanCond"
1992,"SUMMER FLOUNDER","GOM",1.04045277569407,"MeanCond"
1992,"SUMMER FLOUNDER","MAB",0.98473880106949,"MeanCond"
1993,"SUMMER FLOUNDER","GB",1.08392100903815,"MeanCond"
1993,"SUMMER FLOUNDER","GOM",1.09683338778819,"MeanCond"
1993,"SUMMER FLOUNDER","MAB",0.997480158168481,"MeanCond"
1994,"SUMMER FLOUNDER","GB",1.01458040115567,"MeanCond"
1994,"SUMMER FLOUNDER","GOM",0.936543637453231,"MeanCond"
1994,"SUMMER FLOUNDER","MAB",1.01722298315202,"MeanCond"
1995,"SUMMER FLOUNDER","GB",1.01224064488426,"MeanCond"
1995,"SUMMER FLOUNDER","MAB",0.985901338398151,"MeanCond"
1996,"SUMMER FLOUNDER","GB",0.98652794839142,"MeanCond"
1996,"SUMMER FLOUNDER","MAB",0.979351474207152,"MeanCond"
1997,"SUMMER FLOUNDER","GB",1.03399005238619,"MeanCond"
1997,"SUMMER FLOUNDER","GOM",1.02305375878758,"MeanCond"
1997,"SUMMER FLOUNDER","MAB",1.01355136865724,"MeanCond"
1998,"SUMMER FLOUNDER","GB",0.981560604860504,"MeanCond"
1998,"SUMMER FLOUNDER","MAB",0.99971555315263,"MeanCond"
1999,"SUMMER FLOUNDER","GB",1.01374698685096,"MeanCond"
1999,"SUMMER FLOUNDER","MAB",0.98217447737223,"MeanCond"
2000,"SUMMER FLOUNDER","GB",1.03688359980071,"MeanCond"
2000,"SUMMER FLOUNDER","GOM",1.06369551402971,"MeanCond"
2000,"SUMMER FLOUNDER","MAB",0.999500758174066,"MeanCond"
2001,"SUMMER FLOUNDER","GB",0.980604295137198,"MeanCond"
2001,"SUMMER FLOUNDER","GOM",0.996112371805206,"MeanCond"
2001,"SUMMER FLOUNDER","MAB",0.967946423635364,"MeanCond"
2002,"SUMMER FLOUNDER","GB",0.965067310253142,"MeanCond"
2002,"SUMMER FLOUNDER","GOM",1.06795471576762,"MeanCond"
2002,"SUMMER FLOUNDER","MAB",0.967661620842871,"MeanCond"
2003,"SUMMER FLOUNDER","GB",0.999012934961432,"MeanCond"
2003,"SUMMER FLOUNDER","MAB",0.997832547235122,"MeanCond"
2004,"SUMMER FLOUNDER","GB",0.969621103240676,"MeanCond"
2004,"SUMMER FLOUNDER","GOM",1.03751170393174,"MeanCond"
2004,"SUMMER FLOUNDER","MAB",0.975460692395861,"MeanCond"
2005,"SUMMER FLOUNDER","GB",0.975834316410332,"MeanCond"
2005,"SUMMER FLOUNDER","MAB",0.978020264873345,"MeanCond"
2006,"SUMMER FLOUNDER","GB",1.00679362480171,"MeanCond"
2006,"SUMMER FLOUNDER","GOM",1.0902227030812,"MeanCond"
2006,"SUMMER FLOUNDER","MAB",0.979319352270588,"MeanCond"
2007,"SUMMER FLOUNDER","GB",1.00037657600607,"MeanCond"
2007,"SUMMER FLOUNDER","GOM",1.11826703606992,"MeanCond"
2007,"SUMMER FLOUNDER","MAB",0.979082384513102,"MeanCond"
2008,"SUMMER FLOUNDER","GB",1.01153077632506,"MeanCond"
2008,"SUMMER FLOUNDER","GOM",1.05488901085368,"MeanCond"
2008,"SUMMER FLOUNDER","MAB",0.974544397568441,"MeanCond"
2009,"SUMMER FLOUNDER","GB",0.977506024118603,"MeanCond"
2009,"SUMMER FLOUNDER","MAB",0.974536681168629,"MeanCond"
2010,"SUMMER FLOUNDER","GB",0.954818028377808,"MeanCond"
2010,"SUMMER FLOUNDER","MAB",0.96608539996813,"MeanCond"
2011,"SUMMER FLOUNDER","GB",1.01988055716445,"MeanCond"
2011,"SUMMER FLOUNDER","GOM",1.02390776378647,"MeanCond"
2011,"SUMMER FLOUNDER","MAB",0.969002721276645,"MeanCond"
2012,"SUMMER FLOUNDER","GB",1.00346426851843,"MeanCond"
2012,"SUMMER FLOUNDER","GOM",1.03008693274144,"MeanCond"
2012,"SUMMER FLOUNDER","MAB",0.973127003014382,"MeanCond"
2013,"SUMMER FLOUNDER","GB",1.00523254780702,"MeanCond"
2013,"SUMMER FLOUNDER","GOM",1.02978099340215,"MeanCond"
2013,"SUMMER FLOUNDER","MAB",0.968713363054247,"MeanCond"
2014,"SUMMER FLOUNDER","GB",1.0518001510471,"MeanCond"
2014,"SUMMER FLOUNDER","GOM",1.06142073382021,"MeanCond"
2014,"SUMMER FLOUNDER","MAB",0.977494080377894,"MeanCond"
2015,"SUMMER FLOUNDER","GB",1.02779888062498,"MeanCond"
2015,"SUMMER FLOUNDER","GOM",1.1483980555662,"MeanCond"
2015,"SUMMER FLOUNDER","MAB",0.980084983094675,"MeanCond"
2016,"SUMMER FLOUNDER","GB",1.04566439755337,"MeanCond"
2016,"SUMMER FLOUNDER","GOM",1.10192042172769,"MeanCond"
2016,"SUMMER FLOUNDER","MAB",0.977833804495288,"MeanCond"
2017,"SUMMER FLOUNDER","GB",0.999896706427643,"MeanCond"
2018,"SUMMER FLOUNDER","GB",0.991958716986567,"MeanCond"
2018,"SUMMER FLOUNDER","GOM",1.04935343622559,"MeanCond"
2018,"SUMMER FLOUNDER","MAB",0.981795057616719,"MeanCond"
2019,"SUMMER FLOUNDER","GB",1.0163112972852,"MeanCond"
2019,"SUMMER FLOUNDER","GOM",1.10928619435374,"MeanCond"
2019,"SUMMER FLOUNDER","MAB",0.958176961144691,"MeanCond"
2021,"SUMMER FLOUNDER","GB",1.0120252294731,"MeanCond"
2021,"SUMMER FLOUNDER","GOM",1.06851665517738,"MeanCond"
2021,"SUMMER FLOUNDER","MAB",0.973344023362189,"MeanCond"
2022,"SUMMER FLOUNDER","GB",1.02839017909201,"MeanCond"
2022,"SUMMER FLOUNDER","GOM",1.05844385235604,"MeanCond"
2022,"SUMMER FLOUNDER","MAB",0.988228885872914,"MeanCond"
2023,"SUMMER FLOUNDER","GB",1.0126123495398,"MeanCond"
2023,"SUMMER FLOUNDER","GOM",1.03152429850593,"MeanCond"
2023,"SUMMER FLOUNDER","MAB",0.970848396992165,"MeanCond"
2024,"SUMMER FLOUNDER","GB",0.924197213435113,"MeanCond"
2024,"SUMMER FLOUNDER","GOM",1.04790081077851,"MeanCond"
2024,"SUMMER FLOUNDER","MAB",0.944498211838176,"MeanCond"
2025,"SUMMER FLOUNDER","GB",0.974386262643824,"MeanCond"
2025,"SUMMER FLOUNDER","GOM",1.05357212013094,"MeanCond"
2025,"SUMMER FLOUNDER","MAB",0.941992383576998,"MeanCond"
1992,"THORNY SKATE","GB",0.904321177698982,"MeanCond"
1992,"THORNY SKATE","GOM",1.02349223904022,"MeanCond"
1992,"THORNY SKATE","SS",0.978954921210933,"MeanCond"
1993,"THORNY SKATE","GB",0.942668230602822,"MeanCond"
1993,"THORNY SKATE","GOM",1.04668562506079,"MeanCond"
1993,"THORNY SKATE","SS",1.02108406731618,"MeanCond"
1994,"THORNY SKATE","GB",0.963169157273234,"MeanCond"
1994,"THORNY SKATE","GOM",1.01501292522499,"MeanCond"
1994,"THORNY SKATE","SS",1.05421931530046,"MeanCond"
1995,"THORNY SKATE","GB",0.951490697566123,"MeanCond"
1995,"THORNY SKATE","GOM",1.03812308691824,"MeanCond"
1995,"THORNY SKATE","SS",1.02561785705871,"MeanCond"
1996,"THORNY SKATE","GB",0.926465809534434,"MeanCond"
1996,"THORNY SKATE","GOM",1.03664310779764,"MeanCond"
1996,"THORNY SKATE","SS",0.957393989538512,"MeanCond"
1997,"THORNY SKATE","GB",1.03708199360653,"MeanCond"
1997,"THORNY SKATE","GOM",1.02753209992947,"MeanCond"
1997,"THORNY SKATE","SS",0.909855049330224,"MeanCond"
1998,"THORNY SKATE","GB",0.906896364584873,"MeanCond"
1998,"THORNY SKATE","GOM",1.03280883731097,"MeanCond"
1999,"THORNY SKATE","GB",1.03581794886604,"MeanCond"
1999,"THORNY SKATE","GOM",1.03697345124372,"MeanCond"
1999,"THORNY SKATE","SS",1.00591106495332,"MeanCond"
2000,"THORNY SKATE","GB",0.936818713839135,"MeanCond"
2000,"THORNY SKATE","GOM",1.01020098760271,"MeanCond"
2000,"THORNY SKATE","SS",0.976469538729996,"MeanCond"
2001,"THORNY SKATE","GB",0.888204127426837,"MeanCond"
2001,"THORNY SKATE","GOM",0.988346588753633,"MeanCond"
2001,"THORNY SKATE","SS",0.98107401320276,"MeanCond"
2002,"THORNY SKATE","GB",0.913827893498503,"MeanCond"
2002,"THORNY SKATE","GOM",0.998048818145055,"MeanCond"
2002,"THORNY SKATE","SS",0.981777170515011,"MeanCond"
2003,"THORNY SKATE","GB",0.960310174228743,"MeanCond"
2003,"THORNY SKATE","GOM",0.986186387998088,"MeanCond"
2003,"THORNY SKATE","SS",0.979878336482769,"MeanCond"
2004,"THORNY SKATE","GB",0.948992456434098,"MeanCond"
2004,"THORNY SKATE","GOM",1.00631171546391,"MeanCond"
2004,"THORNY SKATE","SS",1.05871019095189,"MeanCond"
2005,"THORNY SKATE","GB",0.937213189338035,"MeanCond"
2005,"THORNY SKATE","GOM",0.993093018396984,"MeanCond"
2005,"THORNY SKATE","SS",0.973068749770207,"MeanCond"
2006,"THORNY SKATE","GB",0.957375760179954,"MeanCond"
2006,"THORNY SKATE","GOM",1.042930862807,"MeanCond"
2006,"THORNY SKATE","SS",0.989311441099797,"MeanCond"
2007,"THORNY SKATE","GB",0.974868450450201,"MeanCond"
2007,"THORNY SKATE","GOM",0.937075447505135,"MeanCond"
2008,"THORNY SKATE","GB",0.948512472866391,"MeanCond"
2008,"THORNY SKATE","GOM",1.00579367741397,"MeanCond"
2009,"THORNY SKATE","GB",0.914520559646056,"MeanCond"
2009,"THORNY SKATE","GOM",1.00086813955489,"MeanCond"
2009,"THORNY SKATE","SS",1.11278695305319,"MeanCond"
2010,"THORNY SKATE","GB",0.967297192175699,"MeanCond"
2010,"THORNY SKATE","GOM",0.981311738732728,"MeanCond"
2010,"THORNY SKATE","SS",1.0093897793685,"MeanCond"
2011,"THORNY SKATE","GB",0.95962936441586,"MeanCond"
2011,"THORNY SKATE","GOM",1.00629917473256,"MeanCond"
2011,"THORNY SKATE","SS",1.05589699183622,"MeanCond"
2012,"THORNY SKATE","GB",0.877902283598137,"MeanCond"
2012,"THORNY SKATE","GOM",0.971509960714874,"MeanCond"
2012,"THORNY SKATE","SS",1.02164116857667,"MeanCond"
2013,"THORNY SKATE","GB",1.02771905500936,"MeanCond"
2013,"THORNY SKATE","GOM",1.0305547670303,"MeanCond"
2013,"THORNY SKATE","SS",1.10846046099605,"MeanCond"
2014,"THORNY SKATE","GB",0.985986220978328,"MeanCond"
2014,"THORNY SKATE","GOM",1.03139676888564,"MeanCond"
2014,"THORNY SKATE","SS",1.02158131327092,"MeanCond"
2015,"THORNY SKATE","GB",1.02284959192226,"MeanCond"
2015,"THORNY SKATE","GOM",1.06760492035731,"MeanCond"
2015,"THORNY SKATE","SS",0.93839057133878,"MeanCond"
2016,"THORNY SKATE","GB",0.956308248085656,"MeanCond"
2016,"THORNY SKATE","GOM",1.05551304265585,"MeanCond"
2016,"THORNY SKATE","SS",0.872230712198114,"MeanCond"
2017,"THORNY SKATE","GB",0.921053357661888,"MeanCond"
2017,"THORNY SKATE","GOM",0.976523921992694,"MeanCond"
2017,"THORNY SKATE","SS",0.932398579964956,"MeanCond"
2018,"THORNY SKATE","GB",1.0289217753315,"MeanCond"
2018,"THORNY SKATE","GOM",1.01589163246035,"MeanCond"
2019,"THORNY SKATE","GB",1.00846233370526,"MeanCond"
2019,"THORNY SKATE","GOM",1.02927849655452,"MeanCond"
2019,"THORNY SKATE","SS",0.992500798297552,"MeanCond"
2021,"THORNY SKATE","GB",1.04337088951873,"MeanCond"
2021,"THORNY SKATE","GOM",1.01004757736626,"MeanCond"
2021,"THORNY SKATE","SS",1.03804821015861,"MeanCond"
2022,"THORNY SKATE","GOM",1.0690825453106,"MeanCond"
2022,"THORNY SKATE","SS",0.959419678267876,"MeanCond"
2023,"THORNY SKATE","GB",0.991907757199531,"MeanCond"
2023,"THORNY SKATE","GOM",1.02650895104046,"MeanCond"
2023,"THORNY SKATE","SS",0.987205557557485,"MeanCond"
2024,"THORNY SKATE","GB",0.93258087094551,"MeanCond"
2024,"THORNY SKATE","GOM",0.991985350709168,"MeanCond"
2025,"THORNY SKATE","GB",0.911246297637462,"MeanCond"
2025,"THORNY SKATE","GOM",1.0102283480497,"MeanCond"
1992,"WEAKFISH","MAB",1.01884568347269,"MeanCond"
1993,"WEAKFISH","MAB",0.97352296831617,"MeanCond"
1994,"WEAKFISH","MAB",1.02764549905336,"MeanCond"
1995,"WEAKFISH","MAB",0.991937117563081,"MeanCond"
1996,"WEAKFISH","MAB",0.973671775450689,"MeanCond"
1997,"WEAKFISH","MAB",0.959273635586815,"MeanCond"
1998,"WEAKFISH","MAB",0.997637866432704,"MeanCond"
1999,"WEAKFISH","MAB",0.999219841677658,"MeanCond"
2000,"WEAKFISH","MAB",0.969867121410935,"MeanCond"
2001,"WEAKFISH","MAB",0.974759217552178,"MeanCond"
2002,"WEAKFISH","MAB",0.93811848686464,"MeanCond"
2003,"WEAKFISH","MAB",1.00181584893772,"MeanCond"
2004,"WEAKFISH","MAB",0.955184115278662,"MeanCond"
2005,"WEAKFISH","MAB",0.957144505420896,"MeanCond"
2006,"WEAKFISH","MAB",0.940180128461069,"MeanCond"
2007,"WEAKFISH","MAB",0.932625653789353,"MeanCond"
2008,"WEAKFISH","MAB",0.924356492156786,"MeanCond"
2009,"WEAKFISH","MAB",0.983410968512373,"MeanCond"
2010,"WEAKFISH","MAB",1.006492127383,"MeanCond"
2011,"WEAKFISH","MAB",0.958151525173817,"MeanCond"
2012,"WEAKFISH","MAB",0.967197871539414,"MeanCond"
2013,"WEAKFISH","MAB",0.950105663730414,"MeanCond"
2014,"WEAKFISH","MAB",0.99537805385305,"MeanCond"
2015,"WEAKFISH","MAB",0.971750974593889,"MeanCond"
2016,"WEAKFISH","MAB",0.949757318800275,"MeanCond"
2018,"WEAKFISH","MAB",0.984702917281957,"MeanCond"
2019,"WEAKFISH","MAB",0.97003283306387,"MeanCond"
2021,"WEAKFISH","MAB",0.957554876058586,"MeanCond"
2022,"WEAKFISH","MAB",1.00101579346866,"MeanCond"
2023,"WEAKFISH","MAB",1.03808519140567,"MeanCond"
2024,"WEAKFISH","MAB",1.00533589412588,"MeanCond"
2025,"WEAKFISH","MAB",1.00428991068677,"MeanCond"
1992,"WHITE HAKE","GB",1.01804352145543,"MeanCond"
1992,"WHITE HAKE","GOM",0.979297075433251,"MeanCond"
1992,"WHITE HAKE","SS",0.956999119564725,"MeanCond"
1993,"WHITE HAKE","GB",1.02173184250678,"MeanCond"
1993,"WHITE HAKE","GOM",1.01086765290117,"MeanCond"
1993,"WHITE HAKE","SS",0.993269938690141,"MeanCond"
1994,"WHITE HAKE","GB",1.02356947947631,"MeanCond"
1994,"WHITE HAKE","GOM",1.00485084540084,"MeanCond"
1994,"WHITE HAKE","SS",0.942082750347198,"MeanCond"
1995,"WHITE HAKE","GB",1.10503953278115,"MeanCond"
1995,"WHITE HAKE","GOM",0.992138266094745,"MeanCond"
1995,"WHITE HAKE","SS",0.946113899875013,"MeanCond"
1996,"WHITE HAKE","GB",1.10634657804754,"MeanCond"
1996,"WHITE HAKE","GOM",1.00963604507451,"MeanCond"
1996,"WHITE HAKE","SS",0.952273167075999,"MeanCond"
1997,"WHITE HAKE","GB",1.00607238891955,"MeanCond"
1997,"WHITE HAKE","GOM",1.00984359181186,"MeanCond"
1997,"WHITE HAKE","SS",0.949892242561825,"MeanCond"
1998,"WHITE HAKE","GB",1.05157569023591,"MeanCond"
1998,"WHITE HAKE","GOM",0.985969117162243,"MeanCond"
1998,"WHITE HAKE","SS",1.01949644231594,"MeanCond"
1999,"WHITE HAKE","GB",1.05218558704876,"MeanCond"
1999,"WHITE HAKE","GOM",1.00568429206364,"MeanCond"
1999,"WHITE HAKE","SS",0.990559514116704,"MeanCond"
2000,"WHITE HAKE","GB",1.02552966302271,"MeanCond"
2000,"WHITE HAKE","GOM",0.964768303247865,"MeanCond"
2000,"WHITE HAKE","SS",0.936843091655257,"MeanCond"
2001,"WHITE HAKE","GB",0.962044432784999,"MeanCond"
2001,"WHITE HAKE","GOM",0.997135554561714,"MeanCond"
2001,"WHITE HAKE","SS",0.989378625607692,"MeanCond"
2002,"WHITE HAKE","GOM",0.974152952796588,"MeanCond"
2002,"WHITE HAKE","SS",0.957724516902975,"MeanCond"
2003,"WHITE HAKE","GB",0.973830663438696,"MeanCond"
2003,"WHITE HAKE","GOM",0.974098745145739,"MeanCond"
2003,"WHITE HAKE","SS",0.944416592730136,"MeanCond"
2004,"WHITE HAKE","GB",0.970096993140094,"MeanCond"
2004,"WHITE HAKE","GOM",0.980304963814083,"MeanCond"
2004,"WHITE HAKE","SS",0.952842134874724,"MeanCond"
2005,"WHITE HAKE","GB",0.972073354861746,"MeanCond"
2005,"WHITE HAKE","GOM",0.972916201293893,"MeanCond"
2005,"WHITE HAKE","SS",0.905611962514732,"MeanCond"
2006,"WHITE HAKE","GB",0.95750453328675,"MeanCond"
2006,"WHITE HAKE","GOM",0.987029005150285,"MeanCond"
2006,"WHITE HAKE","SS",0.978749880324127,"MeanCond"
2007,"WHITE HAKE","GB",1.07955882213342,"MeanCond"
2007,"WHITE HAKE","GOM",0.992919073123026,"MeanCond"
2007,"WHITE HAKE","SS",0.961816584750634,"MeanCond"
2008,"WHITE HAKE","GB",0.985919665697301,"MeanCond"
2008,"WHITE HAKE","GOM",0.97471015026406,"MeanCond"
2008,"WHITE HAKE","SS",0.960245327670887,"MeanCond"
2009,"WHITE HAKE","GB",1.00916666331823,"MeanCond"
2009,"WHITE HAKE","GOM",0.979572952693843,"MeanCond"
2009,"WHITE HAKE","SS",0.958786097071044,"MeanCond"
2010,"WHITE HAKE","GB",0.986071796885354,"MeanCond"
2010,"WHITE HAKE","GOM",0.976615413911346,"MeanCond"
2010,"WHITE HAKE","SS",0.980475323113341,"MeanCond"
2011,"WHITE HAKE","GB",1.03749204534017,"MeanCond"
2011,"WHITE HAKE","GOM",0.981623320223697,"MeanCond"
2011,"WHITE HAKE","SS",0.982074718166036,"MeanCond"
2012,"WHITE HAKE","GB",1.03417501723211,"MeanCond"
2012,"WHITE HAKE","GOM",1.01420563513623,"MeanCond"
2012,"WHITE HAKE","SS",0.989163902571317,"MeanCond"
2013,"WHITE HAKE","GB",1.00928938799262,"MeanCond"
2013,"WHITE HAKE","GOM",1.02093529767463,"MeanCond"
2013,"WHITE HAKE","SS",1.02847904610669,"MeanCond"
2014,"WHITE HAKE","GB",1.04539346274027,"MeanCond"
2014,"WHITE HAKE","GOM",1.01525939174622,"MeanCond"
2014,"WHITE HAKE","SS",0.983630314260851,"MeanCond"
2015,"WHITE HAKE","GB",1.04203996235804,"MeanCond"
2015,"WHITE HAKE","GOM",0.993907568778791,"MeanCond"
2015,"WHITE HAKE","SS",1.02495856085516,"MeanCond"
2016,"WHITE HAKE","GB",1.00319379998709,"MeanCond"
2016,"WHITE HAKE","GOM",0.969877869546228,"MeanCond"
2016,"WHITE HAKE","SS",0.956088629734481,"MeanCond"
2017,"WHITE HAKE","GB",1.01153902660955,"MeanCond"
2017,"WHITE HAKE","GOM",0.972423388698051,"MeanCond"
2017,"WHITE HAKE","SS",0.953974898267077,"MeanCond"
2018,"WHITE HAKE","GB",1.04293243287282,"MeanCond"
2018,"WHITE HAKE","GOM",1.00727243639078,"MeanCond"
2019,"WHITE HAKE","GB",1.02315408022368,"MeanCond"
2019,"WHITE HAKE","GOM",0.978026712929915,"MeanCond"
2019,"WHITE HAKE","SS",0.954310215093662,"MeanCond"
2021,"WHITE HAKE","GB",1.02021632019076,"MeanCond"
2021,"WHITE HAKE","GOM",0.953978382820991,"MeanCond"
2021,"WHITE HAKE","SS",0.984966441471252,"MeanCond"
2022,"WHITE HAKE","GOM",0.973188960821504,"MeanCond"
2022,"WHITE HAKE","SS",0.999069595126297,"MeanCond"
2023,"WHITE HAKE","GB",1.00517826117391,"MeanCond"
2023,"WHITE HAKE","GOM",0.948147299725073,"MeanCond"
2023,"WHITE HAKE","SS",0.981016616388673,"MeanCond"
2024,"WHITE HAKE","GB",0.934834741538596,"MeanCond"
2024,"WHITE HAKE","GOM",0.936323989565482,"MeanCond"
2024,"WHITE HAKE","SS",0.948442896364983,"MeanCond"
2025,"WHITE HAKE","GB",1.00202234347238,"MeanCond"
2025,"WHITE HAKE","GOM",0.945817609114402,"MeanCond"
2025,"WHITE HAKE","SS",0.982778604803402,"MeanCond"
1992,"WINDOWPANE","GB",0.999792785390502,"MeanCond"
1992,"WINDOWPANE","GOM",1.06808054026973,"MeanCond"
1992,"WINDOWPANE","MAB",1.05387634225525,"MeanCond"
1993,"WINDOWPANE","GB",0.956835962299699,"MeanCond"
1993,"WINDOWPANE","GOM",1.02123606256947,"MeanCond"
1993,"WINDOWPANE","MAB",1.06272855984186,"MeanCond"
1994,"WINDOWPANE","GB",1.01345531815639,"MeanCond"
1994,"WINDOWPANE","GOM",1.03546227797725,"MeanCond"
1994,"WINDOWPANE","MAB",1.05467257921378,"MeanCond"
1995,"WINDOWPANE","GB",0.941903262215226,"MeanCond"
1995,"WINDOWPANE","GOM",0.946194060855117,"MeanCond"
1995,"WINDOWPANE","MAB",1.06483980670278,"MeanCond"
1996,"WINDOWPANE","GB",0.954620132578099,"MeanCond"
1996,"WINDOWPANE","GOM",1.00371274805652,"MeanCond"
1996,"WINDOWPANE","MAB",1.05293624785151,"MeanCond"
1997,"WINDOWPANE","GB",0.950350676204811,"MeanCond"
1997,"WINDOWPANE","GOM",1.04954372300496,"MeanCond"
1997,"WINDOWPANE","MAB",1.08464364776316,"MeanCond"
1998,"WINDOWPANE","GB",0.926830033203749,"MeanCond"
1998,"WINDOWPANE","GOM",0.985210060220875,"MeanCond"
1998,"WINDOWPANE","MAB",1.06372013361363,"MeanCond"
1999,"WINDOWPANE","GB",0.966302460357493,"MeanCond"
1999,"WINDOWPANE","GOM",0.988827357779324,"MeanCond"
1999,"WINDOWPANE","MAB",1.05324916188673,"MeanCond"
2000,"WINDOWPANE","GB",0.930483716545069,"MeanCond"
2000,"WINDOWPANE","GOM",1.00114232215691,"MeanCond"
2000,"WINDOWPANE","MAB",1.06920853348127,"MeanCond"
2001,"WINDOWPANE","GB",0.921676483058509,"MeanCond"
2001,"WINDOWPANE","GOM",0.954008036737402,"MeanCond"
2001,"WINDOWPANE","MAB",1.06353593587685,"MeanCond"
2002,"WINDOWPANE","GB",0.931634309344472,"MeanCond"
2002,"WINDOWPANE","GOM",0.97651717940258,"MeanCond"
2002,"WINDOWPANE","MAB",1.03939675759076,"MeanCond"
2003,"WINDOWPANE","GB",0.942073231211181,"MeanCond"
2003,"WINDOWPANE","GOM",0.959773531107431,"MeanCond"
2003,"WINDOWPANE","MAB",1.07503845834556,"MeanCond"
2004,"WINDOWPANE","GB",0.940681303027281,"MeanCond"
2004,"WINDOWPANE","GOM",0.973508442834219,"MeanCond"
2004,"WINDOWPANE","MAB",1.05410492999617,"MeanCond"
2005,"WINDOWPANE","GB",0.953186752552077,"MeanCond"
2005,"WINDOWPANE","GOM",0.989266184190098,"MeanCond"
2005,"WINDOWPANE","MAB",1.05125863496574,"MeanCond"
2006,"WINDOWPANE","GB",0.974038986023857,"MeanCond"
2006,"WINDOWPANE","GOM",1.01294229595077,"MeanCond"
2006,"WINDOWPANE","MAB",1.01485927532526,"MeanCond"
2007,"WINDOWPANE","GB",0.94107363784638,"MeanCond"
2007,"WINDOWPANE","GOM",0.934851491763963,"MeanCond"
2007,"WINDOWPANE","MAB",1.02296107906402,"MeanCond"
2008,"WINDOWPANE","GB",0.953574626345669,"MeanCond"
2008,"WINDOWPANE","GOM",1.00329448425328,"MeanCond"
2008,"WINDOWPANE","MAB",1.03931331506629,"MeanCond"
2009,"WINDOWPANE","GB",0.953583008753245,"MeanCond"
2009,"WINDOWPANE","GOM",1.01694426218426,"MeanCond"
2009,"WINDOWPANE","MAB",1.03133408889903,"MeanCond"
2010,"WINDOWPANE","GB",0.946073381246153,"MeanCond"
2010,"WINDOWPANE","GOM",0.988273825594843,"MeanCond"
2010,"WINDOWPANE","MAB",1.03689845410367,"MeanCond"
2011,"WINDOWPANE","GB",0.957193590678862,"MeanCond"
2011,"WINDOWPANE","GOM",1.04787894588599,"MeanCond"
2011,"WINDOWPANE","MAB",1.03863135962542,"MeanCond"
2012,"WINDOWPANE","GB",1.00455220421069,"MeanCond"
2012,"WINDOWPANE","GOM",0.995230371447008,"MeanCond"
2012,"WINDOWPANE","MAB",1.05323212008443,"MeanCond"
2013,"WINDOWPANE","GB",0.999566998367974,"MeanCond"
2013,"WINDOWPANE","GOM",1.00103151643979,"MeanCond"
2013,"WINDOWPANE","MAB",1.00688002319248,"MeanCond"
2014,"WINDOWPANE","GB",1.00744397362828,"MeanCond"
2014,"WINDOWPANE","GOM",1.01515011966812,"MeanCond"
2014,"WINDOWPANE","MAB",1.04306380142557,"MeanCond"
2015,"WINDOWPANE","GB",1.01074244747964,"MeanCond"
2015,"WINDOWPANE","GOM",1.04316898531281,"MeanCond"
2015,"WINDOWPANE","MAB",1.01252266774698,"MeanCond"
2016,"WINDOWPANE","GB",1.00407800953474,"MeanCond"
2016,"WINDOWPANE","GOM",1.03104938257197,"MeanCond"
2016,"WINDOWPANE","MAB",1.01239117368349,"MeanCond"
2017,"WINDOWPANE","GB",1.04328135825195,"MeanCond"
2017,"WINDOWPANE","GOM",1.0267469412209,"MeanCond"
2018,"WINDOWPANE","GB",0.99493442225106,"MeanCond"
2018,"WINDOWPANE","GOM",1.01254283015683,"MeanCond"
2018,"WINDOWPANE","MAB",1.03101865110786,"MeanCond"
2019,"WINDOWPANE","GB",0.985940817972861,"MeanCond"
2019,"WINDOWPANE","GOM",1.00374013842438,"MeanCond"
2019,"WINDOWPANE","MAB",1.02835171806918,"MeanCond"
2021,"WINDOWPANE","GB",0.99077309412216,"MeanCond"
2021,"WINDOWPANE","GOM",1.04584182487988,"MeanCond"
2021,"WINDOWPANE","MAB",1.01603528060195,"MeanCond"
2022,"WINDOWPANE","GB",0.966272312500749,"MeanCond"
2022,"WINDOWPANE","GOM",1.01019542863634,"MeanCond"
2022,"WINDOWPANE","MAB",1.03161790496727,"MeanCond"
2023,"WINDOWPANE","GB",1.0096450399945,"MeanCond"
2023,"WINDOWPANE","GOM",0.954940667158798,"MeanCond"
2023,"WINDOWPANE","MAB",1.02342783409437,"MeanCond"
2024,"WINDOWPANE","GB",0.955500949460941,"MeanCond"
2024,"WINDOWPANE","GOM",0.960266371432711,"MeanCond"
2024,"WINDOWPANE","MAB",1.02396197390135,"MeanCond"
2025,"WINDOWPANE","GB",1.00012449173622,"MeanCond"
2025,"WINDOWPANE","GOM",1.00931052201507,"MeanCond"
2025,"WINDOWPANE","MAB",1.02952518726928,"MeanCond"
1992,"WINTER FLOUNDER","GB",0.985625399637374,"MeanCond"
1992,"WINTER FLOUNDER","GOM",1.04120376257524,"MeanCond"
1992,"WINTER FLOUNDER","MAB",0.959685595257831,"MeanCond"
1992,"WINTER FLOUNDER","SS",1.00351955541972,"MeanCond"
1993,"WINTER FLOUNDER","GB",1.01475654330606,"MeanCond"
1993,"WINTER FLOUNDER","GOM",1.02790334655275,"MeanCond"
1993,"WINTER FLOUNDER","MAB",0.991540741083512,"MeanCond"
1993,"WINTER FLOUNDER","SS",1.0051421850769,"MeanCond"
1994,"WINTER FLOUNDER","GB",0.982827551417389,"MeanCond"
1994,"WINTER FLOUNDER","GOM",1.03746713441944,"MeanCond"
1994,"WINTER FLOUNDER","MAB",0.992269890516065,"MeanCond"
1994,"WINTER FLOUNDER","SS",1.01229327496544,"MeanCond"
1995,"WINTER FLOUNDER","GB",0.982156035786182,"MeanCond"
1995,"WINTER FLOUNDER","GOM",1.00135718967351,"MeanCond"
1995,"WINTER FLOUNDER","MAB",0.950133730169379,"MeanCond"
1995,"WINTER FLOUNDER","SS",0.931270777429953,"MeanCond"
1996,"WINTER FLOUNDER","GB",1.00451079515793,"MeanCond"
1996,"WINTER FLOUNDER","GOM",1.01309081499211,"MeanCond"
1996,"WINTER FLOUNDER","MAB",0.953592489379915,"MeanCond"
1996,"WINTER FLOUNDER","SS",0.943584692396521,"MeanCond"
1997,"WINTER FLOUNDER","GB",0.987665350985709,"MeanCond"
1997,"WINTER FLOUNDER","GOM",1.00470501286348,"MeanCond"
1997,"WINTER FLOUNDER","MAB",0.960120616324309,"MeanCond"
1997,"WINTER FLOUNDER","SS",0.970389397185186,"MeanCond"
1998,"WINTER FLOUNDER","GB",0.996213720643305,"MeanCond"
1998,"WINTER FLOUNDER","GOM",1.03142198063708,"MeanCond"
1998,"WINTER FLOUNDER","MAB",0.972289855978925,"MeanCond"
1998,"WINTER FLOUNDER","SS",1.00192305858044,"MeanCond"
1999,"WINTER FLOUNDER","GB",1.00310751187717,"MeanCond"
1999,"WINTER FLOUNDER","GOM",1.02995514006633,"MeanCond"
1999,"WINTER FLOUNDER","MAB",0.979020180191784,"MeanCond"
1999,"WINTER FLOUNDER","SS",1.02906266312932,"MeanCond"
2000,"WINTER FLOUNDER","GB",0.991703292062776,"MeanCond"
2000,"WINTER FLOUNDER","GOM",0.988231125856914,"MeanCond"
2000,"WINTER FLOUNDER","MAB",0.972906526024236,"MeanCond"
2000,"WINTER FLOUNDER","SS",0.937116550220216,"MeanCond"
2001,"WINTER FLOUNDER","GB",0.985236107977691,"MeanCond"
2001,"WINTER FLOUNDER","GOM",0.975658159921497,"MeanCond"
2001,"WINTER FLOUNDER","MAB",0.97003943967077,"MeanCond"
2001,"WINTER FLOUNDER","SS",0.9294385895835,"MeanCond"
2002,"WINTER FLOUNDER","GB",0.962286499149888,"MeanCond"
2002,"WINTER FLOUNDER","GOM",0.978943569745595,"MeanCond"
2002,"WINTER FLOUNDER","MAB",0.944482342226039,"MeanCond"
2002,"WINTER FLOUNDER","SS",0.933931885562136,"MeanCond"
2003,"WINTER FLOUNDER","GB",0.957158452740908,"MeanCond"
2003,"WINTER FLOUNDER","GOM",0.982107629738946,"MeanCond"
2003,"WINTER FLOUNDER","MAB",0.988572399544291,"MeanCond"
2003,"WINTER FLOUNDER","SS",0.914534823596087,"MeanCond"
2004,"WINTER FLOUNDER","GB",0.953042502171295,"MeanCond"
2004,"WINTER FLOUNDER","GOM",0.950842650785673,"MeanCond"
2004,"WINTER FLOUNDER","MAB",0.96581183661866,"MeanCond"
2004,"WINTER FLOUNDER","SS",0.923503933866564,"MeanCond"
2005,"WINTER FLOUNDER","GB",0.952952479926319,"MeanCond"
2005,"WINTER FLOUNDER","GOM",0.982620363046905,"MeanCond"
2005,"WINTER FLOUNDER","MAB",0.974557352044875,"MeanCond"
2005,"WINTER FLOUNDER","SS",0.898621268216428,"MeanCond"
2006,"WINTER FLOUNDER","GB",0.953029231573499,"MeanCond"
2006,"WINTER FLOUNDER","GOM",0.982314257139392,"MeanCond"
2006,"WINTER FLOUNDER","MAB",0.938204657625049,"MeanCond"
2006,"WINTER FLOUNDER","SS",0.906656915268013,"MeanCond"
2007,"WINTER FLOUNDER","GB",0.968786833514244,"MeanCond"
2007,"WINTER FLOUNDER","GOM",0.965030539171047,"MeanCond"
2007,"WINTER FLOUNDER","MAB",0.944551331018853,"MeanCond"
2007,"WINTER FLOUNDER","SS",0.926746142115754,"MeanCond"
2008,"WINTER FLOUNDER","GB",0.953792343010516,"MeanCond"
2008,"WINTER FLOUNDER","GOM",0.957314199805126,"MeanCond"
2008,"WINTER FLOUNDER","MAB",0.967333149864694,"MeanCond"
2008,"WINTER FLOUNDER","SS",0.9914804951672,"MeanCond"
2009,"WINTER FLOUNDER","GB",0.972980990573064,"MeanCond"
2009,"WINTER FLOUNDER","GOM",0.981061718713276,"MeanCond"
2009,"WINTER FLOUNDER","MAB",0.96571413689924,"MeanCond"
2009,"WINTER FLOUNDER","SS",0.945286084433103,"MeanCond"
2010,"WINTER FLOUNDER","GB",0.956175475507674,"MeanCond"
2010,"WINTER FLOUNDER","GOM",0.959303647699602,"MeanCond"
2010,"WINTER FLOUNDER","MAB",0.993496035935149,"MeanCond"
2010,"WINTER FLOUNDER","SS",0.917352031903774,"MeanCond"
2011,"WINTER FLOUNDER","GB",0.970796793951913,"MeanCond"
2011,"WINTER FLOUNDER","GOM",0.977343552997595,"MeanCond"
2011,"WINTER FLOUNDER","MAB",0.976115129068858,"MeanCond"
2011,"WINTER FLOUNDER","SS",0.907891584282745,"MeanCond"
2012,"WINTER FLOUNDER","GB",0.966228935922236,"MeanCond"
2012,"WINTER FLOUNDER","GOM",0.981333284638924,"MeanCond"
2012,"WINTER FLOUNDER","MAB",0.949710958441387,"MeanCond"
2012,"WINTER FLOUNDER","SS",0.923373236770374,"MeanCond"
2013,"WINTER FLOUNDER","GB",0.99962378179956,"MeanCond"
2013,"WINTER FLOUNDER","GOM",0.98786118921596,"MeanCond"
2013,"WINTER FLOUNDER","MAB",0.983813217077739,"MeanCond"
2013,"WINTER FLOUNDER","SS",0.911018711848683,"MeanCond"
2014,"WINTER FLOUNDER","GB",1.01641915510065,"MeanCond"
2014,"WINTER FLOUNDER","GOM",1.00919649192151,"MeanCond"
2014,"WINTER FLOUNDER","MAB",1.00922131231506,"MeanCond"
2014,"WINTER FLOUNDER","SS",0.926392465936423,"MeanCond"
2015,"WINTER FLOUNDER","GB",1.00370221124839,"MeanCond"
2015,"WINTER FLOUNDER","GOM",0.987079219453627,"MeanCond"
2015,"WINTER FLOUNDER","MAB",1.05839096293756,"MeanCond"
2015,"WINTER FLOUNDER","SS",0.965829173259416,"MeanCond"
2016,"WINTER FLOUNDER","GB",0.986852377803115,"MeanCond"
2016,"WINTER FLOUNDER","GOM",0.976890268914754,"MeanCond"
2016,"WINTER FLOUNDER","MAB",0.99400855417907,"MeanCond"
2016,"WINTER FLOUNDER","SS",0.913463200617794,"MeanCond"
2017,"WINTER FLOUNDER","GB",1.00714806001185,"MeanCond"
2017,"WINTER FLOUNDER","GOM",0.983242875536277,"MeanCond"
2017,"WINTER FLOUNDER","SS",0.927127367134653,"MeanCond"
2018,"WINTER FLOUNDER","GB",1.01016371110292,"MeanCond"
2018,"WINTER FLOUNDER","GOM",0.99089476835886,"MeanCond"
2018,"WINTER FLOUNDER","MAB",0.995124088984503,"MeanCond"
2019,"WINTER FLOUNDER","GB",0.994944292612766,"MeanCond"
2019,"WINTER FLOUNDER","GOM",1.01150846537265,"MeanCond"
2019,"WINTER FLOUNDER","MAB",1.00298444055564,"MeanCond"
2019,"WINTER FLOUNDER","SS",0.869102437491955,"MeanCond"
2021,"WINTER FLOUNDER","GB",0.983470799518525,"MeanCond"
2021,"WINTER FLOUNDER","GOM",1.01212808231499,"MeanCond"
2021,"WINTER FLOUNDER","MAB",0.935596922354454,"MeanCond"
2021,"WINTER FLOUNDER","SS",0.880598230733903,"MeanCond"
2022,"WINTER FLOUNDER","GB",0.979510854056365,"MeanCond"
2022,"WINTER FLOUNDER","GOM",1.00296869209369,"MeanCond"
2022,"WINTER FLOUNDER","MAB",0.951423466937527,"MeanCond"
2022,"WINTER FLOUNDER","SS",0.903088572162073,"MeanCond"
2023,"WINTER FLOUNDER","GB",0.991711743642186,"MeanCond"
2023,"WINTER FLOUNDER","GOM",0.986323060910816,"MeanCond"
2023,"WINTER FLOUNDER","MAB",0.971781636714663,"MeanCond"
2023,"WINTER FLOUNDER","SS",0.948061481190956,"MeanCond"
2024,"WINTER FLOUNDER","GB",0.954491017342967,"MeanCond"
2024,"WINTER FLOUNDER","GOM",0.971665428202125,"MeanCond"
2024,"WINTER FLOUNDER","MAB",0.969772126933038,"MeanCond"
2024,"WINTER FLOUNDER","SS",0.874012769698045,"MeanCond"
2025,"WINTER FLOUNDER","GB",0.975689445188365,"MeanCond"
2025,"WINTER FLOUNDER","GOM",0.979269634278594,"MeanCond"
2025,"WINTER FLOUNDER","MAB",1.00456123124117,"MeanCond"
2025,"WINTER FLOUNDER","SS",0.909028524657692,"MeanCond"
1992,"WINTER SKATE","GB",0.990112412972212,"MeanCond"
1992,"WINTER SKATE","GOM",1.00089546064272,"MeanCond"
1992,"WINTER SKATE","MAB",0.987925475202829,"MeanCond"
1993,"WINTER SKATE","GB",0.978170219812939,"MeanCond"
1993,"WINTER SKATE","GOM",1.00551587177274,"MeanCond"
1993,"WINTER SKATE","MAB",1.00818715772376,"MeanCond"
1994,"WINTER SKATE","GB",1.00655988991421,"MeanCond"
1994,"WINTER SKATE","GOM",1.00899693869374,"MeanCond"
1994,"WINTER SKATE","MAB",0.994321833019394,"MeanCond"
1995,"WINTER SKATE","GB",0.999327614709968,"MeanCond"
1995,"WINTER SKATE","GOM",1.0414669409213,"MeanCond"
1995,"WINTER SKATE","MAB",0.971777411583016,"MeanCond"
1996,"WINTER SKATE","GB",1.0466126212559,"MeanCond"
1996,"WINTER SKATE","GOM",1.01045541378581,"MeanCond"
1996,"WINTER SKATE","MAB",0.989356588103092,"MeanCond"
1997,"WINTER SKATE","GB",0.997152854321396,"MeanCond"
1997,"WINTER SKATE","GOM",1.08004878682582,"MeanCond"
1997,"WINTER SKATE","MAB",0.950483660433095,"MeanCond"
1998,"WINTER SKATE","GB",0.997979458899588,"MeanCond"
1998,"WINTER SKATE","GOM",1.02113886324947,"MeanCond"
1998,"WINTER SKATE","MAB",0.970825662213395,"MeanCond"
1999,"WINTER SKATE","GB",1.03376161963533,"MeanCond"
1999,"WINTER SKATE","GOM",1.12222031785623,"MeanCond"
1999,"WINTER SKATE","MAB",0.941578798669123,"MeanCond"
2000,"WINTER SKATE","GB",1.00679322941742,"MeanCond"
2000,"WINTER SKATE","GOM",1.03949446378144,"MeanCond"
2000,"WINTER SKATE","MAB",0.95184938073567,"MeanCond"
2001,"WINTER SKATE","GB",0.982575245582268,"MeanCond"
2001,"WINTER SKATE","GOM",0.94818883478906,"MeanCond"
2001,"WINTER SKATE","MAB",0.913807129694433,"MeanCond"
2002,"WINTER SKATE","GB",0.979372715479473,"MeanCond"
2002,"WINTER SKATE","GOM",0.955876412037113,"MeanCond"
2002,"WINTER SKATE","MAB",0.945863349407133,"MeanCond"
2003,"WINTER SKATE","GB",0.987320915813643,"MeanCond"
2003,"WINTER SKATE","GOM",1.0444067597132,"MeanCond"
2003,"WINTER SKATE","MAB",1.03039890731894,"MeanCond"
2004,"WINTER SKATE","GB",0.956074067211563,"MeanCond"
2004,"WINTER SKATE","GOM",1.0263702894955,"MeanCond"
2005,"WINTER SKATE","GB",1.00214666654031,"MeanCond"
2005,"WINTER SKATE","GOM",1.05119858909018,"MeanCond"
2005,"WINTER SKATE","MAB",0.980338635841794,"MeanCond"
2006,"WINTER SKATE","GB",1.04282011751808,"MeanCond"
2006,"WINTER SKATE","GOM",0.995366260777207,"MeanCond"
2006,"WINTER SKATE","MAB",0.977110431106518,"MeanCond"
2007,"WINTER SKATE","GB",1.05168670148385,"MeanCond"
2007,"WINTER SKATE","GOM",1.0456079034331,"MeanCond"
2007,"WINTER SKATE","MAB",0.997518747849671,"MeanCond"
2008,"WINTER SKATE","GB",1.06471174144596,"MeanCond"
2008,"WINTER SKATE","MAB",1.01905887936054,"MeanCond"
2009,"WINTER SKATE","GB",0.992805223080426,"MeanCond"
2009,"WINTER SKATE","GOM",1.14903863144955,"MeanCond"
2009,"WINTER SKATE","MAB",1.00386660319469,"MeanCond"
2010,"WINTER SKATE","GB",0.906563414742171,"MeanCond"
2010,"WINTER SKATE","GOM",0.940334241380225,"MeanCond"
2010,"WINTER SKATE","MAB",1.00141874534938,"MeanCond"
2011,"WINTER SKATE","GB",0.922733839998047,"MeanCond"
2011,"WINTER SKATE","GOM",0.955105601946441,"MeanCond"
2011,"WINTER SKATE","MAB",0.953197651550022,"MeanCond"
2012,"WINTER SKATE","GB",0.946097759330248,"MeanCond"
2012,"WINTER SKATE","GOM",0.995684502697053,"MeanCond"
2012,"WINTER SKATE","MAB",0.933687540875119,"MeanCond"
2013,"WINTER SKATE","GB",1.0194597729147,"MeanCond"
2013,"WINTER SKATE","GOM",1.04461589928403,"MeanCond"
2013,"WINTER SKATE","MAB",0.996185588496717,"MeanCond"
2014,"WINTER SKATE","GB",1.04275365094856,"MeanCond"
2014,"WINTER SKATE","GOM",1.07826800578409,"MeanCond"
2014,"WINTER SKATE","MAB",0.984924775747191,"MeanCond"
2015,"WINTER SKATE","GB",1.06165358538859,"MeanCond"
2015,"WINTER SKATE","GOM",1.01424065017125,"MeanCond"
2015,"WINTER SKATE","MAB",0.965867832528112,"MeanCond"
2016,"WINTER SKATE","GB",0.998940065804182,"MeanCond"
2016,"WINTER SKATE","GOM",1.05804095529215,"MeanCond"
2016,"WINTER SKATE","MAB",0.971382293229737,"MeanCond"
2017,"WINTER SKATE","GB",0.964518904539388,"MeanCond"
2017,"WINTER SKATE","GOM",0.914335836535058,"MeanCond"
2018,"WINTER SKATE","GB",0.925553583526583,"MeanCond"
2018,"WINTER SKATE","GOM",0.973337464084745,"MeanCond"
2018,"WINTER SKATE","MAB",0.903360915760111,"MeanCond"
2019,"WINTER SKATE","GB",0.98727373457464,"MeanCond"
2019,"WINTER SKATE","GOM",0.975136567559473,"MeanCond"
2019,"WINTER SKATE","MAB",0.96303247537282,"MeanCond"
2021,"WINTER SKATE","GB",1.06143135870143,"MeanCond"
2021,"WINTER SKATE","GOM",1.14878676904271,"MeanCond"
2021,"WINTER SKATE","MAB",0.938195960070084,"MeanCond"
2022,"WINTER SKATE","GB",1.0191055616791,"MeanCond"
2022,"WINTER SKATE","GOM",1.06225660063938,"MeanCond"
2022,"WINTER SKATE","MAB",0.995422748292379,"MeanCond"
2023,"WINTER SKATE","GB",1.02176439870207,"MeanCond"
2023,"WINTER SKATE","GOM",1.00671166124372,"MeanCond"
2023,"WINTER SKATE","MAB",0.976977235131008,"MeanCond"
2024,"WINTER SKATE","GB",0.918023323148081,"MeanCond"
2024,"WINTER SKATE","GOM",0.975443120382129,"MeanCond"
2024,"WINTER SKATE","MAB",0.900178610973789,"MeanCond"
2025,"WINTER SKATE","GB",0.964517832979317,"MeanCond"
2025,"WINTER SKATE","GOM",1.02084857342305,"MeanCond"
2025,"WINTER SKATE","MAB",0.945710569834469,"MeanCond"
1992,"WITCH FLOUNDER","GOM",0.988300628394755,"MeanCond"
1992,"WITCH FLOUNDER","MAB",0.942196694550111,"MeanCond"
1992,"WITCH FLOUNDER","SS",1.07695344632726,"MeanCond"
1993,"WITCH FLOUNDER","GOM",1.02908628059703,"MeanCond"
1993,"WITCH FLOUNDER","MAB",1.03352898771729,"MeanCond"
1993,"WITCH FLOUNDER","SS",1.0590336675679,"MeanCond"
1994,"WITCH FLOUNDER","GOM",0.99825630175561,"MeanCond"
1994,"WITCH FLOUNDER","SS",1.01066277279377,"MeanCond"
1995,"WITCH FLOUNDER","GOM",0.953447176826957,"MeanCond"
1995,"WITCH FLOUNDER","SS",0.962032600812704,"MeanCond"
1996,"WITCH FLOUNDER","GB",1.09495870771481,"MeanCond"
1996,"WITCH FLOUNDER","GOM",0.972341221055155,"MeanCond"
1996,"WITCH FLOUNDER","MAB",0.953072052400451,"MeanCond"
1996,"WITCH FLOUNDER","SS",0.934472087837285,"MeanCond"
1997,"WITCH FLOUNDER","GB",1.08408439048963,"MeanCond"
1997,"WITCH FLOUNDER","GOM",0.992110373442683,"MeanCond"
1997,"WITCH FLOUNDER","MAB",0.917193381108536,"MeanCond"
1997,"WITCH FLOUNDER","SS",1.03226691340753,"MeanCond"
1998,"WITCH FLOUNDER","GB",1.07701445131839,"MeanCond"
1998,"WITCH FLOUNDER","GOM",0.967726237805757,"MeanCond"
1998,"WITCH FLOUNDER","MAB",0.921827955881611,"MeanCond"
1998,"WITCH FLOUNDER","SS",1.0631987406544,"MeanCond"
1999,"WITCH FLOUNDER","GOM",0.986605278989237,"MeanCond"
1999,"WITCH FLOUNDER","MAB",0.944394040288292,"MeanCond"
1999,"WITCH FLOUNDER","SS",0.94220953169643,"MeanCond"
2000,"WITCH FLOUNDER","GB",1.08829513252384,"MeanCond"
2000,"WITCH FLOUNDER","GOM",0.968299458762645,"MeanCond"
2000,"WITCH FLOUNDER","SS",0.989395475859306,"MeanCond"
2001,"WITCH FLOUNDER","GB",1.01143772020826,"MeanCond"
2001,"WITCH FLOUNDER","GOM",0.980154577286631,"MeanCond"
2001,"WITCH FLOUNDER","SS",0.96605474522798,"MeanCond"
2002,"WITCH FLOUNDER","GOM",0.977061036773258,"MeanCond"
2002,"WITCH FLOUNDER","MAB",0.999558669066404,"MeanCond"
2002,"WITCH FLOUNDER","SS",0.975156645202376,"MeanCond"
2003,"WITCH FLOUNDER","GB",0.977226932666152,"MeanCond"
2003,"WITCH FLOUNDER","GOM",0.984519123981382,"MeanCond"
2003,"WITCH FLOUNDER","MAB",0.937391666496117,"MeanCond"
2003,"WITCH FLOUNDER","SS",0.993082272129205,"MeanCond"
2004,"WITCH FLOUNDER","GOM",0.999545131188091,"MeanCond"
2004,"WITCH FLOUNDER","MAB",0.951040256418835,"MeanCond"
2004,"WITCH FLOUNDER","SS",1.03294539769109,"MeanCond"
2005,"WITCH FLOUNDER","GB",1.04277060493401,"MeanCond"
2005,"WITCH FLOUNDER","GOM",0.965143372952795,"MeanCond"
2005,"WITCH FLOUNDER","MAB",1.07051796421612,"MeanCond"
2005,"WITCH FLOUNDER","SS",1.00131867108814,"MeanCond"
2006,"WITCH FLOUNDER","GOM",0.980291912035041,"MeanCond"
2006,"WITCH FLOUNDER","MAB",0.940016117231855,"MeanCond"
2006,"WITCH FLOUNDER","SS",1.00204021960899,"MeanCond"
2007,"WITCH FLOUNDER","GB",1.01139718600153,"MeanCond"
2007,"WITCH FLOUNDER","GOM",0.973480281373269,"MeanCond"
2007,"WITCH FLOUNDER","MAB",0.86942641271843,"MeanCond"
2007,"WITCH FLOUNDER","SS",0.966594072732914,"MeanCond"
2008,"WITCH FLOUNDER","GB",1.03878442995652,"MeanCond"
2008,"WITCH FLOUNDER","GOM",0.960818608347398,"MeanCond"
2008,"WITCH FLOUNDER","SS",0.985253543942593,"MeanCond"
2009,"WITCH FLOUNDER","GOM",0.985751779117698,"MeanCond"
2009,"WITCH FLOUNDER","MAB",0.944870288131714,"MeanCond"
2009,"WITCH FLOUNDER","SS",1.04301241083737,"MeanCond"
2010,"WITCH FLOUNDER","GB",1.04357326821119,"MeanCond"
2010,"WITCH FLOUNDER","GOM",0.978776070940942,"MeanCond"
2010,"WITCH FLOUNDER","MAB",0.994497027127047,"MeanCond"
2010,"WITCH FLOUNDER","SS",1.01108295813314,"MeanCond"
2011,"WITCH FLOUNDER","GB",1.03082204242726,"MeanCond"
2011,"WITCH FLOUNDER","GOM",0.967291127946059,"MeanCond"
2011,"WITCH FLOUNDER","MAB",0.975984946729148,"MeanCond"
2011,"WITCH FLOUNDER","SS",1.01785303809825,"MeanCond"
2012,"WITCH FLOUNDER","GB",0.973399789424589,"MeanCond"
2012,"WITCH FLOUNDER","GOM",0.983099778838139,"MeanCond"
2012,"WITCH FLOUNDER","MAB",0.938406374636736,"MeanCond"
2012,"WITCH FLOUNDER","SS",1.01288843520931,"MeanCond"
2013,"WITCH FLOUNDER","GB",0.97884301015803,"MeanCond"
2013,"WITCH FLOUNDER","GOM",0.999508754814484,"MeanCond"
2013,"WITCH FLOUNDER","MAB",0.986538282577183,"MeanCond"
2013,"WITCH FLOUNDER","SS",1.0202653256203,"MeanCond"
2014,"WITCH FLOUNDER","GB",0.976117978088278,"MeanCond"
2014,"WITCH FLOUNDER","GOM",1.00138343411531,"MeanCond"
2014,"WITCH FLOUNDER","MAB",1.01554356740735,"MeanCond"
2014,"WITCH FLOUNDER","SS",1.00456758817638,"MeanCond"
2015,"WITCH FLOUNDER","GB",1.07995499178026,"MeanCond"
2015,"WITCH FLOUNDER","GOM",1.00665886556566,"MeanCond"
2015,"WITCH FLOUNDER","MAB",1.04224659478159,"MeanCond"
2015,"WITCH FLOUNDER","SS",0.986574882247697,"MeanCond"
2016,"WITCH FLOUNDER","GB",1.07296245059857,"MeanCond"
2016,"WITCH FLOUNDER","GOM",1.00188042662085,"MeanCond"
2016,"WITCH FLOUNDER","SS",1.01377245718324,"MeanCond"
2017,"WITCH FLOUNDER","GB",0.93179577425942,"MeanCond"
2017,"WITCH FLOUNDER","GOM",1.00786701256623,"MeanCond"
2017,"WITCH FLOUNDER","SS",0.990448030482177,"MeanCond"
2018,"WITCH FLOUNDER","GOM",1.02601936463045,"MeanCond"
2019,"WITCH FLOUNDER","GB",0.97105856624954,"MeanCond"
2019,"WITCH FLOUNDER","GOM",0.989368077269596,"MeanCond"
2019,"WITCH FLOUNDER","MAB",0.953117297669378,"MeanCond"
2019,"WITCH FLOUNDER","SS",1.00403258208738,"MeanCond"
2021,"WITCH FLOUNDER","GB",1.08004171309399,"MeanCond"
2021,"WITCH FLOUNDER","GOM",1.00352883802957,"MeanCond"
2021,"WITCH FLOUNDER","SS",1.02569299031516,"MeanCond"
2022,"WITCH FLOUNDER","GOM",1.00682770736741,"MeanCond"
2022,"WITCH FLOUNDER","SS",1.01467269348076,"MeanCond"
2023,"WITCH FLOUNDER","GB",0.891731035094354,"MeanCond"
2023,"WITCH FLOUNDER","GOM",1.0229978074964,"MeanCond"
2023,"WITCH FLOUNDER","SS",1.05828653926596,"MeanCond"
2024,"WITCH FLOUNDER","GB",1.03921087391415,"MeanCond"
2024,"WITCH FLOUNDER","GOM",1.00930040269938,"MeanCond"
2024,"WITCH FLOUNDER","SS",1.04823905747524,"MeanCond"
2025,"WITCH FLOUNDER","GB",1.03470700707292,"MeanCond"
2025,"WITCH FLOUNDER","GOM",1.01813059247038,"MeanCond"
2025,"WITCH FLOUNDER","SS",1.02297713845381,"MeanCond"
1992,"YELLOWTAIL FLOUNDER","GB",0.984858695947066,"MeanCond"
1992,"YELLOWTAIL FLOUNDER","GOM",1.01385804249707,"MeanCond"
1992,"YELLOWTAIL FLOUNDER","MAB",0.951589177293399,"MeanCond"
1993,"YELLOWTAIL FLOUNDER","GB",1.0024751319232,"MeanCond"
1993,"YELLOWTAIL FLOUNDER","GOM",0.976342517306766,"MeanCond"
1993,"YELLOWTAIL FLOUNDER","MAB",0.978907421158417,"MeanCond"
1994,"YELLOWTAIL FLOUNDER","GB",1.00850697087126,"MeanCond"
1994,"YELLOWTAIL FLOUNDER","GOM",0.98925293612402,"MeanCond"
1994,"YELLOWTAIL FLOUNDER","MAB",1.02480184334266,"MeanCond"
1995,"YELLOWTAIL FLOUNDER","GB",1.01161139747956,"MeanCond"
1995,"YELLOWTAIL FLOUNDER","GOM",0.944677940557843,"MeanCond"
1995,"YELLOWTAIL FLOUNDER","MAB",0.934456920523938,"MeanCond"
1996,"YELLOWTAIL FLOUNDER","GB",1.01336758444687,"MeanCond"
1996,"YELLOWTAIL FLOUNDER","GOM",0.969224862387635,"MeanCond"
1996,"YELLOWTAIL FLOUNDER","MAB",1.0295791464551,"MeanCond"
1997,"YELLOWTAIL FLOUNDER","GB",1.00378023791139,"MeanCond"
1997,"YELLOWTAIL FLOUNDER","GOM",0.965454967319442,"MeanCond"
1997,"YELLOWTAIL FLOUNDER","MAB",0.960082619790434,"MeanCond"
1998,"YELLOWTAIL FLOUNDER","GB",0.990305720437185,"MeanCond"
1998,"YELLOWTAIL FLOUNDER","GOM",1.0045051476211,"MeanCond"
1998,"YELLOWTAIL FLOUNDER","MAB",0.969324791741721,"MeanCond"
1999,"YELLOWTAIL FLOUNDER","GB",1.01509655625916,"MeanCond"
1999,"YELLOWTAIL FLOUNDER","GOM",1.00836542044679,"MeanCond"
1999,"YELLOWTAIL FLOUNDER","MAB",1.01636382690478,"MeanCond"
2000,"YELLOWTAIL FLOUNDER","GB",0.981491135779067,"MeanCond"
2000,"YELLOWTAIL FLOUNDER","GOM",0.952660675038441,"MeanCond"
2000,"YELLOWTAIL FLOUNDER","MAB",0.966096599518861,"MeanCond"
2001,"YELLOWTAIL FLOUNDER","GB",0.983275758047685,"MeanCond"
2001,"YELLOWTAIL FLOUNDER","GOM",0.932187237248005,"MeanCond"
2001,"YELLOWTAIL FLOUNDER","MAB",0.947210629850904,"MeanCond"
2002,"YELLOWTAIL FLOUNDER","GB",0.948282851243816,"MeanCond"
2002,"YELLOWTAIL FLOUNDER","GOM",0.965070294315749,"MeanCond"
2002,"YELLOWTAIL FLOUNDER","MAB",0.923463517680536,"MeanCond"
2003,"YELLOWTAIL FLOUNDER","GB",0.960659145723287,"MeanCond"
2003,"YELLOWTAIL FLOUNDER","GOM",0.996008394050982,"MeanCond"
2003,"YELLOWTAIL FLOUNDER","MAB",0.951985595839215,"MeanCond"
2004,"YELLOWTAIL FLOUNDER","GB",0.930879342943201,"MeanCond"
2004,"YELLOWTAIL FLOUNDER","GOM",0.93825268241802,"MeanCond"
2004,"YELLOWTAIL FLOUNDER","MAB",0.994334280866019,"MeanCond"
2005,"YELLOWTAIL FLOUNDER","GB",0.940778183092459,"MeanCond"
2005,"YELLOWTAIL FLOUNDER","GOM",0.912448280857507,"MeanCond"
2005,"YELLOWTAIL FLOUNDER","MAB",0.976096476850366,"MeanCond"
2006,"YELLOWTAIL FLOUNDER","GB",0.939480303597406,"MeanCond"
2006,"YELLOWTAIL FLOUNDER","GOM",0.938557939231159,"MeanCond"
2006,"YELLOWTAIL FLOUNDER","MAB",0.923361391238995,"MeanCond"
2007,"YELLOWTAIL FLOUNDER","GB",0.965006052574905,"MeanCond"
2007,"YELLOWTAIL FLOUNDER","GOM",0.938822225174486,"MeanCond"
2007,"YELLOWTAIL FLOUNDER","MAB",0.939227405626907,"MeanCond"
2008,"YELLOWTAIL FLOUNDER","GB",0.982585199646036,"MeanCond"
2008,"YELLOWTAIL FLOUNDER","GOM",0.904436077751106,"MeanCond"
2008,"YELLOWTAIL FLOUNDER","MAB",0.955711164111465,"MeanCond"
2009,"YELLOWTAIL FLOUNDER","GB",0.923166815781808,"MeanCond"
2009,"YELLOWTAIL FLOUNDER","GOM",0.961444391637743,"MeanCond"
2009,"YELLOWTAIL FLOUNDER","MAB",0.962338999419848,"MeanCond"
2010,"YELLOWTAIL FLOUNDER","GB",0.848591623269252,"MeanCond"
2010,"YELLOWTAIL FLOUNDER","GOM",0.910437980470198,"MeanCond"
2010,"YELLOWTAIL FLOUNDER","MAB",0.982198479542181,"MeanCond"
2011,"YELLOWTAIL FLOUNDER","GB",0.902082218040761,"MeanCond"
2011,"YELLOWTAIL FLOUNDER","GOM",0.930170134658742,"MeanCond"
2011,"YELLOWTAIL FLOUNDER","MAB",0.968568990632501,"MeanCond"
2012,"YELLOWTAIL FLOUNDER","GB",0.915091262815088,"MeanCond"
2012,"YELLOWTAIL FLOUNDER","GOM",0.973047779226136,"MeanCond"
2012,"YELLOWTAIL FLOUNDER","MAB",0.944324585309873,"MeanCond"
2013,"YELLOWTAIL FLOUNDER","GB",0.925865161594614,"MeanCond"
2013,"YELLOWTAIL FLOUNDER","GOM",0.931466377990816,"MeanCond"
2013,"YELLOWTAIL FLOUNDER","MAB",0.971425876515643,"MeanCond"
2014,"YELLOWTAIL FLOUNDER","GB",0.91728664621042,"MeanCond"
2014,"YELLOWTAIL FLOUNDER","GOM",0.934255896885714,"MeanCond"
2014,"YELLOWTAIL FLOUNDER","MAB",0.996073162434288,"MeanCond"
2015,"YELLOWTAIL FLOUNDER","GB",0.947765429942051,"MeanCond"
2015,"YELLOWTAIL FLOUNDER","GOM",0.931598567427852,"MeanCond"
2015,"YELLOWTAIL FLOUNDER","MAB",0.978009316328887,"MeanCond"
2016,"YELLOWTAIL FLOUNDER","GB",0.94500341803818,"MeanCond"
2016,"YELLOWTAIL FLOUNDER","GOM",0.914544912550245,"MeanCond"
2016,"YELLOWTAIL FLOUNDER","MAB",1.00993337560702,"MeanCond"
2017,"YELLOWTAIL FLOUNDER","GB",0.937447125159873,"MeanCond"
2017,"YELLOWTAIL FLOUNDER","GOM",0.928493570127684,"MeanCond"
2018,"YELLOWTAIL FLOUNDER","GB",0.963294620311984,"MeanCond"
2018,"YELLOWTAIL FLOUNDER","GOM",0.924462328184558,"MeanCond"
2018,"YELLOWTAIL FLOUNDER","MAB",0.961009009513164,"MeanCond"
2019,"YELLOWTAIL FLOUNDER","GB",0.969035616590445,"MeanCond"
2019,"YELLOWTAIL FLOUNDER","GOM",0.934034802358053,"MeanCond"
2019,"YELLOWTAIL FLOUNDER","MAB",0.925482934966012,"MeanCond"
2021,"YELLOWTAIL FLOUNDER","GB",0.951371787894056,"MeanCond"
2021,"YELLOWTAIL FLOUNDER","GOM",0.911267494463237,"MeanCond"
2022,"YELLOWTAIL FLOUNDER","GB",0.984081152623427,"MeanCond"
2022,"YELLOWTAIL FLOUNDER","GOM",0.93775782058831,"MeanCond"
2023,"YELLOWTAIL FLOUNDER","GB",0.99444904069815,"MeanCond"
2023,"YELLOWTAIL FLOUNDER","GOM",0.921738335050876,"MeanCond"
2024,"YELLOWTAIL FLOUNDER","GB",0.905097700962596,"MeanCond"
2024,"YELLOWTAIL FLOUNDER","GOM",0.890540507954486,"MeanCond"
2024,"YELLOWTAIL FLOUNDER","MAB",1.01253737538726,"MeanCond"
2025,"YELLOWTAIL FLOUNDER","GB",0.947575250066608,"MeanCond"
2025,"YELLOWTAIL FLOUNDER","GOM",0.940028952686458,"MeanCond"
